date,Amazon,Amazon Error,Amazon Kindle,Amazon Order,Amazon Recall,Amazon Sucks,Amazon Echo,Amazon mp3,Amazon dvd,Amazon india,Amazon music,Price
1/1/07,66,0,0,25,0,0,65,50,100,21,78,49.119999
1/2/07,59,0,0,58,0,52,81,72,78,13,53,50.09
1/3/07,59,0,0,16,0,0,81,65,91,0,57,52.889999
1/4/07,59,44,17,59,0,0,89,45,68,12,65,54.150002
1/5/07,58,0,0,18,100,0,89,53,77,0,100,54.91
1/6/07,58,0,0,73,0,0,75,51,75,33,73,55.700001
1/7/07,60,0,0,24,0,75,78,68,89,100,80,57.860001
1/8/07,63,44,0,33,0,51,77,43,65,12,51,58.060001
1/9/07,57,0,0,24,0,0,76,37,59,23,44,58.299999
1/10/07,57,84,0,32,45,100,87,55,61,35,60,59.91
1/11/07,56,0,100,51,0,0,80,43,71,23,46,58.549999
1/12/07,57,0,9,18,0,0,92,45,55,25,58,59.91
1/13/07,58,0,0,96,0,0,75,64,79,0,83,59.689999
1/14/07,61,0,78,47,0,0,69,63,82,49,76,59.59
1/15/07,65,0,49,16,0,49,71,57,67,23,57,59.349998
1/16/07,59,0,24,40,0,49,86,17,52,46,63,54.029999
1/17/07,59,0,0,24,0,50,91,37,59,11,62,54.32
1/18/07,57,0,0,33,0,0,82,44,55,11,60,54.509998
1/19/07,56,0,9,17,48,0,85,37,56,25,75,54.82
1/20/07,59,0,0,24,0,0,80,69,69,32,88,56.73
1/21/07,61,0,0,80,0,0,61,81,79,16,68,56.689999
1/22/07,64,0,0,24,0,0,73,48,51,44,52,55.830002
1/23/07,60,0,0,48,0,50,86,46,56,11,55,54.43
1/24/07,60,0,8,32,0,0,86,56,69,11,50,56.740002
1/25/07,59,0,0,49,0,0,92,42,53,35,51,56.860001
1/26/07,57,0,0,35,0,0,82,42,55,12,63,56.740002
1/27/07,58,0,0,58,0,0,84,59,72,32,73,54.990002
1/28/07,60,0,0,34,0,0,69,78,81,31,91,54.310001
1/29/07,66,0,0,55,0,49,70,57,63,0,48,51.98
1/30/07,60,0,0,32,0,50,81,48,54,33,54,52.23
1/31/07,58,0,0,26,0,0,89,53,61,22,58,54.130001
2/1/07,59,84,8,49,0,50,87,47,47,23,51,54.799999
2/2/07,60,0,0,51,0,0,96,31,46,24,65,52.450001
2/3/07,58,0,0,23,0,71,82,69,77,0,69,50.360001
2/4/07,63,0,11,55,0,69,75,67,73,16,64,48.5
2/5/07,68,0,0,31,0,0,74,41,63,22,39,49.529999
2/6/07,62,0,0,61,0,0,80,35,53,22,60,48.849998
2/7/07,60,0,0,45,0,0,88,50,68,11,56,48.580002
2/8/07,58,0,0,47,0,0,84,55,55,11,65,51.330002
2/9/07,60,0,0,17,0,0,85,28,61,0,55,52.470001
2/10/07,62,0,0,66,0,0,76,50,62,16,85,52.959999
2/11/07,68,0,0,32,0,0,71,66,81,0,82,53.970001
2/12/07,76,0,0,38,0,0,65,49,60,0,56,54.650002
2/13/07,66,39,0,30,0,47,100,35,62,11,45,53.93
2/14/07,65,0,0,15,0,0,89,22,55,0,53,51.509998
2/15/07,63,0,0,78,0,0,92,45,60,11,46,51.799999
2/16/07,65,0,8,41,0,0,83,76,57,24,64,51.560001
2/17/07,68,0,0,100,0,0,91,63,70,33,61,51.080002
2/18/07,74,0,0,53,0,0,62,70,94,49,65,49.34
2/19/07,81,0,0,52,41,0,63,60,66,0,51,49.200001
2/20/07,72,0,0,60,42,0,80,40,53,0,60,50.799999
2/21/07,72,81,0,39,0,0,81,46,50,23,62,50.990002
2/22/07,70,0,0,78,0,0,83,37,52,34,55,50.41
2/23/07,83,0,0,26,49,0,81,41,50,12,50,49.5
2/24/07,75,0,11,22,0,0,74,100,72,15,80,47.580002
2/25/07,81,0,0,53,0,0,65,48,61,45,80,48.75
2/26/07,88,38,7,51,0,46,67,44,64,32,56,49.240002
2/27/07,80,38,8,51,0,0,87,36,50,21,47,49.889999
2/28/07,78,0,8,37,0,0,90,44,44,22,46,52.48
3/1/07,77,40,0,23,0,47,80,31,66,33,69,53.32
3/2/07,75,42,8,32,0,51,78,42,58,12,54,53.470001
3/3/07,77,0,11,65,0,0,76,43,70,91,70,53.470001
3/4/07,87,0,0,21,0,0,61,42,82,15,55,52.830002
3/5/07,94,38,8,44,0,46,62,35,62,0,58,52.619999
3/6/07,88,39,0,59,0,0,80,34,61,11,57,51.900002
3/7/07,85,0,0,75,0,0,69,62,57,32,58,53.27
3/8/07,84,0,8,31,0,0,81,43,47,11,57,53.029999
3/9/07,86,0,9,59,0,0,81,27,52,23,46,51.900002
3/10/07,88,0,0,55,0,0,75,59,67,15,69,50.240002
3/11/07,94,0,0,21,0,66,72,55,59,0,80,51.59
3/12/07,100,77,8,66,0,0,55,39,53,43,46,52.950001
3/13/07,96,38,0,52,0,46,79,39,53,11,62,54.91
3/14/07,89,39,15,82,0,0,80,58,50,22,42,55.799999
3/15/07,88,0,0,86,0,0,78,43,47,0,54,56.18
3/16/07,89,0,0,17,0,0,81,27,57,23,68,55.720001
3/17/07,88,0,0,44,62,0,81,72,60,15,76,56.610001
3/18/07,93,0,0,44,0,68,63,66,68,29,72,56.200001
3/19/07,95,0,0,30,0,0,59,46,59,21,52,57.18
3/20/07,88,41,8,63,44,97,80,26,67,67,63,57.110001
3/21/07,82,43,8,49,45,50,84,46,49,0,59,57.029999
3/22/07,78,0,0,25,46,52,76,32,58,22,49,55.740002
3/23/07,72,0,9,19,0,0,73,44,54,23,66,51.959999
3/24/07,68,63,12,61,0,0,71,65,62,15,47,49.220001
3/25/07,69,71,0,27,0,84,59,59,73,0,78,50.400002
3/26/07,66,0,0,54,0,0,51,63,53,10,48,48.27
3/27/07,69,53,0,21,0,0,45,36,47,0,54,44.939999
3/28/07,71,0,0,54,0,55,62,37,53,32,50,45.389999
3/29/07,74,0,9,71,0,0,73,31,55,43,51,46.040001
3/30/07,70,100,0,38,0,0,68,50,46,23,59,46.349998
3/31/07,71,0,0,46,0,0,67,57,64,31,86,45.860001
1/1/08,67,0,0,52,0,0,64,61,91,34,92,45.59
1/2/08,68,0,0,25,0,39,63,44,93,68,81,47.139999
1/3/08,100,43,0,46,0,38,36,48,81,29,63,47.060001
1/4/08,96,42,100,34,83,0,47,47,77,38,77,46.380001
1/5/08,93,0,0,60,0,38,54,63,98,38,92,45.529999
1/6/08,91,57,0,31,0,100,53,39,100,66,84,44.869999
1/7/08,89,0,0,31,0,0,52,51,75,35,66,44.650002
1/8/08,95,80,0,44,0,0,43,43,77,41,74,45.169998
1/9/08,95,0,0,64,0,34,37,39,74,41,76,43.970001
1/10/08,91,40,0,65,0,34,53,45,69,76,75,42.32
1/11/08,88,0,0,33,39,0,51,100,69,21,78,42.939999
1/12/08,86,0,0,58,0,0,53,68,87,56,91,43.650002
1/13/08,85,0,0,61,0,0,56,65,87,81,100,43.009998
1/14/08,86,0,0,30,0,0,51,44,68,40,70,42.970001
1/15/08,89,0,0,65,0,0,46,55,65,67,81,42.009998
1/16/08,98,0,0,95,0,0,42,41,74,47,62,43.169998
1/17/08,86,0,0,53,0,0,55,44,60,47,66,44.389999
1/18/08,87,39,0,53,0,0,53,36,68,14,64,44.09
1/19/08,85,42,0,46,0,36,52,51,80,18,81,43.5
1/20/08,80,0,0,44,0,0,55,61,83,70,79,42.709999
1/21/08,82,0,0,87,0,0,56,46,71,80,63,41.549999
1/22/08,88,0,0,72,0,0,41,34,62,59,59,41.279999
1/23/08,94,0,0,41,0,66,44,42,57,59,60,42.439999
1/24/08,82,38,0,63,38,33,53,48,56,40,79,41.080002
1/25/08,82,39,0,54,0,34,56,41,65,57,59,42.130001
1/26/08,83,0,0,34,41,72,53,37,73,92,85,42.799999
1/27/08,80,0,0,45,0,0,49,70,80,54,83,43.009998
1/28/08,79,0,0,29,0,46,51,75,58,19,87,42.799999
1/29/08,86,0,0,61,0,0,42,61,60,19,73,40.849998
1/30/08,92,0,89,41,0,0,41,56,48,33,73,40.23
1/31/08,82,75,0,21,0,0,53,51,49,27,64,39.630001
2/1/08,82,39,0,64,38,0,52,51,69,0,63,41.990002
2/2/08,80,40,0,33,0,0,55,51,68,100,97,41.700001
2/3/08,80,0,0,44,0,0,51,48,77,45,66,42.759998
2/4/08,83,53,0,29,0,0,48,40,65,27,65,43.799999
2/5/08,89,0,0,21,37,0,46,43,55,41,81,43.279999
2/6/08,89,0,88,51,0,0,45,46,62,20,60,44.740002
2/7/08,81,0,0,21,38,0,53,33,66,48,69,46.09
2/8/08,83,0,0,41,0,33,53,49,62,29,70,46.959999
2/9/08,80,0,0,87,0,35,52,60,79,45,80,46.439999
2/10/08,79,0,0,72,0,46,51,59,83,45,76,45.849998
2/11/08,79,0,0,28,0,45,48,51,67,85,73,48.099998
2/12/08,85,37,0,40,0,32,43,38,55,33,60,47.959999
2/13/08,91,37,87,0,0,0,43,36,57,58,61,46.580002
2/14/08,82,0,0,31,38,33,52,34,53,61,53,46.790001
2/15/08,80,39,0,43,78,0,52,39,57,42,69,46.990002
2/16/08,73,0,0,68,0,0,51,42,80,63,87,45.5
2/17/08,78,0,0,61,0,0,53,50,86,88,76,47.110001
2/18/08,80,54,0,60,0,0,50,50,58,91,71,45.200001
2/19/08,84,40,0,33,40,0,44,42,65,38,70,45.720001
2/20/08,89,0,0,53,0,0,48,31,69,32,58,48.860001
2/21/08,84,38,0,31,0,33,54,29,59,32,57,46.290001
2/22/08,80,38,0,52,0,0,54,37,64,41,66,47.25
2/23/08,82,0,0,55,0,0,52,57,80,52,81,48
2/24/08,78,0,0,100,52,0,51,54,73,51,80,46.970001
2/25/08,76,0,0,69,0,0,51,47,62,25,61,46.189999
2/26/08,84,0,0,40,0,32,47,38,71,31,67,43.599998
2/27/08,90,0,0,49,0,32,41,33,52,32,60,44.41
2/28/08,78,0,0,20,0,0,51,34,61,45,71,43.950001
2/29/08,78,38,0,61,0,32,50,46,59,41,60,44.259998
3/1/08,78,39,0,32,0,0,54,59,75,43,75,43.139999
3/2/08,77,52,0,42,0,45,53,56,68,59,81,41.900002
3/3/08,82,0,0,28,0,0,52,51,66,50,60,41.259998
3/4/08,82,0,0,59,0,0,47,51,62,44,63,42.700001
3/5/08,89,0,0,20,0,31,43,39,59,57,63,43.02
3/6/08,77,0,0,29,0,0,53,44,53,26,59,43.610001
3/7/08,75,0,0,31,0,0,54,33,50,61,65,43.049999
3/8/08,73,39,0,53,0,34,54,49,59,68,76,42.080002
3/9/08,76,0,0,43,0,45,52,51,81,58,91,41.990002
3/10/08,75,52,0,56,0,0,50,43,63,50,64,41.689999
3/11/08,82,0,0,60,0,0,43,42,57,82,52,40.98
3/12/08,84,36,0,50,0,0,43,35,58,25,68,41.169998
3/13/08,78,0,0,50,0,0,53,37,49,45,56,41.630001
3/14/08,74,0,0,21,0,0,54,45,53,41,73,43.619999
3/15/08,74,0,0,43,0,0,53,50,73,44,76,44.689999
3/16/08,71,0,0,28,0,46,53,58,69,59,91,47.619999
3/17/08,71,100,0,82,100,0,47,38,65,38,75,48.5
3/18/08,77,36,0,49,71,0,44,37,64,45,69,50.23
3/19/08,83,0,0,52,75,0,45,28,58,13,73,50.349998
3/20/08,78,0,0,60,36,32,60,33,55,36,61,49.400002
3/21/08,71,0,87,20,36,0,53,36,67,56,65,50.950001
3/22/08,75,77,0,21,0,34,53,47,60,56,83,51.759998
3/23/08,75,0,0,84,50,0,57,53,88,19,76,51.939999
3/24/08,75,0,0,70,0,0,56,41,74,50,82,50.240002
3/25/08,79,35,0,19,35,31,49,35,70,37,67,49.939999
3/26/08,83,0,0,19,36,0,90,42,53,44,58,49.25
3/27/08,76,73,0,80,36,0,100,47,54,51,59,50.110001
3/28/08,73,37,0,81,0,0,69,49,58,61,73,50.57
3/29/08,75,40,0,32,39,0,56,59,74,43,80,49.77
3/30/08,75,0,0,0,52,46,55,58,70,59,79,49.599998
3/31/08,75,38,0,43,36,0,55,44,56,80,61,49.77
1/1/09,76,0,0,36,36,0,42,100,100,100,87,49
1/2/09,94,0,0,15,0,0,74,77,79,48,83,50.810001
1/3/09,85,41,0,32,39,0,85,78,75,38,87,51.02
1/4/09,86,48,0,19,45,0,88,82,68,95,95,51.799999
1/5/09,82,0,0,44,0,0,85,62,66,57,74,53.389999
1/6/09,83,0,0,57,0,0,78,64,60,57,68,53.709999
1/7/09,81,84,0,16,0,0,73,76,52,50,72,54.400002
1/8/09,86,0,0,14,0,0,71,68,53,72,71,52.560001
1/9/09,88,0,0,14,35,0,61,45,49,64,74,52.59
1/10/09,84,36,0,42,35,0,67,100,74,81,71,51.240002
1/11/09,83,39,0,15,0,0,86,87,77,64,95,51
1/12/09,83,53,0,21,51,0,82,60,61,60,62,49.5
1/13/09,80,0,0,30,0,0,83,51,58,65,68,48.32
1/14/09,80,36,0,28,34,0,80,63,49,60,65,49.049999
1/15/09,84,36,0,21,0,0,68,63,57,38,64,49.599998
1/16/09,88,0,0,41,0,36,65,69,52,52,60,49.5
1/17/09,83,0,0,50,0,0,85,67,80,87,85,48.669998
1/18/09,81,0,0,15,0,0,82,79,69,49,96,47.099998
1/19/09,83,0,0,21,0,0,84,54,60,43,70,46.02
1/20/09,81,51,0,30,49,0,83,55,43,75,64,46.990002
1/21/09,82,0,0,27,0,36,81,56,48,64,52,44.759998
1/22/09,84,35,0,48,33,0,72,41,54,54,54,45.82
1/23/09,90,0,0,63,35,0,69,58,50,51,74,39.98
1/24/09,84,37,0,35,0,0,88,82,58,64,80,38.779999
1/25/09,83,39,0,30,38,0,82,83,72,70,100,39.110001
1/26/09,83,53,0,82,0,0,88,53,45,81,65,37.970001
1/27/09,83,0,74,41,0,0,87,56,45,69,59,38.580002
1/28/09,86,39,53,29,0,39,82,58,50,32,52,38.919998
1/29/09,85,40,0,63,0,0,71,68,48,82,55,38.299999
1/30/09,93,73,0,21,35,0,67,61,45,34,61,37.610001
1/31/09,86,0,0,50,35,0,84,98,68,57,78,37.119999
2/1/09,93,37,52,22,0,0,86,81,67,48,80,35.610001
2/2/09,83,0,0,28,0,100,87,50,48,78,60,35.490002
2/3/09,83,47,66,91,0,0,87,54,45,57,57,35.32
2/4/09,81,33,0,19,0,0,89,55,45,47,59,37.099998
2/5/09,88,32,0,25,0,0,73,50,53,37,60,36.560001
2/6/09,93,50,46,32,31,0,70,50,46,44,63,36.290001
2/7/09,87,34,47,26,0,34,76,73,58,56,83,36.130001
2/8/09,87,54,100,28,0,0,93,84,76,80,71,37.950001
2/9/09,86,49,68,19,0,0,84,65,59,51,63,38.23
2/10/09,85,0,68,19,46,0,86,61,49,82,60,39.360001
2/11/09,85,32,0,13,0,33,84,58,46,95,67,38.630001
2/12/09,93,33,0,13,31,33,72,52,54,75,57,39.509998
2/13/09,98,0,91,38,0,0,73,62,46,39,77,39.450001
2/14/09,90,0,0,47,100,35,84,87,63,57,64,39.049999
2/15/09,85,36,0,21,0,0,86,55,57,42,65,40.299999
2/16/09,83,0,0,38,0,0,86,63,53,69,67,40.189999
2/17/09,86,0,0,18,0,0,86,49,39,63,64,39.900002
2/18/09,84,33,0,19,0,0,86,50,45,68,62,38.310001
2/19/09,87,0,0,13,0,0,73,45,40,48,62,38.139999
2/20/09,92,0,46,32,0,0,68,48,47,51,61,38.240002
2/21/09,84,68,0,33,0,0,86,68,61,35,77,39.18
2/22/09,84,37,0,28,0,0,93,73,66,83,76,38.740002
2/23/09,82,49,0,76,0,100,89,45,49,53,60,38.509998
2/24/09,81,48,0,28,0,0,90,54,44,42,60,38.009998
2/25/09,81,0,0,21,0,0,85,48,41,47,48,38.07
2/26/09,89,0,0,31,31,0,74,37,45,42,54,38.57
2/27/09,92,49,0,25,31,0,68,63,48,61,50,40.009998
2/28/09,85,33,0,39,0,34,75,67,55,28,71,42.669998
3/1/09,88,0,0,28,34,36,84,71,60,40,66,42.209999
3/2/09,88,49,0,37,0,49,97,47,47,56,58,42.57
3/3/09,85,0,0,55,0,0,85,51,48,46,48,42.959999
3/4/09,82,0,0,19,31,32,83,60,46,36,49,43.27
3/5/09,91,48,0,37,0,32,69,55,47,42,44,43.290001
3/6/09,98,100,0,13,32,0,71,62,38,27,64,41.380001
3/7/09,89,0,0,13,0,35,89,69,58,69,69,41.830002
3/8/09,86,36,51,42,0,0,88,66,73,40,76,40.939999
3/9/09,85,0,0,48,0,50,91,55,50,46,54,39.93
3/10/09,84,48,0,37,91,0,84,51,44,56,53,39.43
3/11/09,85,0,0,100,0,33,88,54,48,41,52,40.84
3/12/09,91,66,92,38,0,0,71,47,47,31,47,40.860001
3/13/09,97,66,0,32,0,33,69,54,40,22,54,40.470001
3/14/09,91,0,0,26,32,0,97,73,57,41,72,41.009998
3/15/09,89,73,0,28,0,0,92,63,59,41,85,40.959999
3/16/09,86,0,0,29,0,0,89,46,42,51,48,41.360001
3/17/09,87,0,70,68,48,0,88,63,44,51,66,41.150002
3/18/09,88,33,47,26,0,34,87,52,38,47,55,40
3/19/09,93,34,0,32,0,0,73,59,43,57,51,40.150002
3/20/09,98,34,0,20,0,0,72,59,46,78,56,40.220001
3/21/09,88,0,0,40,0,0,86,63,52,56,71,39.98
3/22/09,86,0,0,27,0,0,88,74,45,40,78,39.099998
3/23/09,86,0,0,66,47,50,87,52,46,55,56,38.549999
3/24/09,87,96,0,46,0,0,88,48,33,65,55,39.27
3/25/09,88,32,0,25,0,0,87,49,37,50,58,38.330002
3/26/09,93,0,44,55,0,32,76,48,52,52,55,38.349998
3/27/09,100,33,0,69,0,0,72,58,47,65,40,39.470001
3/28/09,91,0,0,19,0,0,100,90,51,34,68,34.599998
3/29/09,88,0,0,42,35,0,92,66,66,40,75,33.970001
3/30/09,88,50,0,29,0,0,87,57,43,50,69,33.830002
3/31/09,86,0,21,54,0,0,87,52,46,55,59,34.23
1/1/10,88,0,41,41,0,32,85,100,100,100,86,34.450001
1/2/10,97,0,22,19,27,0,77,97,100,63,90,34.130001
1/3/10,95,25,0,62,0,0,78,81,96,15,80,35.099998
1/4/10,86,26,22,33,0,70,94,68,80,76,63,36.240002
1/5/10,84,0,31,54,0,0,96,68,75,70,69,35.919998
1/6/10,83,0,0,62,0,0,89,50,71,41,42,36.91
1/7/10,82,0,0,41,0,0,93,62,64,80,55,36.560001
1/8/10,83,24,0,35,0,0,84,77,66,53,74,37.32
1/9/10,86,0,0,42,0,33,76,99,83,43,55,37.400002
1/10/10,92,0,0,49,26,0,72,92,91,57,74,38.09
1/11/10,86,26,0,53,0,0,96,68,68,66,71,38.830002
1/12/10,84,0,0,28,0,100,93,50,71,70,68,40.459999
1/13/10,85,36,0,91,0,0,91,52,59,27,59,40.889999
1/14/10,84,0,0,97,0,0,93,66,64,56,61,40.07
1/15/10,84,24,0,42,0,64,98,68,66,47,74,39.900002
1/16/10,89,0,0,60,0,33,76,81,77,50,98,40.369999
1/17/10,99,0,0,44,0,0,69,78,82,42,70,38.549999
1/18/10,87,0,0,59,0,35,100,55,65,66,54,38.049999
1/19/10,86,36,0,100,0,0,94,65,53,60,61,38.310001
1/20/10,85,0,0,63,0,98,94,52,54,69,62,38.75
1/21/10,85,0,20,36,0,32,93,65,58,55,50,39.09
1/22/10,85,0,0,83,0,32,85,73,58,75,76,38.939999
1/23/10,96,24,21,18,0,0,77,85,69,92,87,39.68
1/24/10,96,25,0,37,0,34,75,82,78,34,79,39.98
1/25/10,88,26,0,53,0,0,97,60,60,65,59,40.169998
1/26/10,85,36,31,36,0,48,92,62,60,65,62,40.09
1/27/10,87,0,30,18,75,71,88,54,57,60,77,39.490002
1/28/10,83,0,0,77,0,0,89,59,52,33,56,38.200001
1/29/10,84,24,0,12,0,0,89,63,58,52,60,38.720001
1/30/10,88,0,0,31,27,0,82,74,76,63,89,39.82
1/31/10,98,25,0,25,27,0,71,75,94,62,85,39.049999
2/1/10,87,0,22,39,28,35,93,55,63,64,77,39.830002
2/2/10,84,0,0,46,0,0,88,53,61,80,74,40.439999
2/3/10,84,37,0,27,39,50,90,63,63,75,55,41
2/4/10,84,0,0,54,26,33,94,52,55,65,61,40.049999
2/5/10,83,24,0,36,0,32,89,64,56,69,69,40.009998
2/6/10,86,0,0,18,0,0,75,81,77,77,76,38.950001
2/7/10,92,0,21,37,0,33,67,87,78,49,82,39.389999
2/8/10,87,26,22,32,0,0,93,56,67,86,57,39.52
2/9/10,86,35,0,35,38,0,87,55,60,59,62,38.93
2/10/10,85,0,0,35,0,0,91,62,56,59,62,42.25
2/11/10,84,0,20,36,0,64,88,53,57,72,51,44.630001
2/12/10,84,0,0,36,0,0,81,63,59,59,63,44.82
2/13/10,87,26,0,38,0,34,70,70,64,58,65,44.970001
2/14/10,94,0,0,18,26,32,73,88,75,44,100,44.290001
2/15/10,87,0,0,51,28,34,87,57,63,40,69,44.52
2/16/10,86,0,0,34,0,92,95,57,58,61,49,42.139999
2/17/10,87,0,0,34,0,0,91,52,63,39,64,41.77
2/18/10,83,46,0,17,0,62,81,54,52,28,60,41.049999
2/19/10,83,22,0,28,0,30,88,54,54,92,65,42.32
2/20/10,89,23,0,63,0,0,67,74,67,42,76,41.84
2/21/10,97,0,0,29,25,32,71,66,76,89,72,41.639999
2/22/10,89,0,0,31,27,0,92,51,59,58,63,42.299999
2/23/10,88,34,0,59,0,46,90,51,52,63,59,42.599998
2/24/10,87,100,0,17,0,0,87,52,51,27,62,44.549999
2/25/10,85,0,19,28,0,30,99,53,47,59,59,44.580002
2/26/10,84,0,0,50,24,0,88,52,54,51,47,43.959999
2/27/10,88,0,0,22,0,0,68,69,66,62,65,42.360001
2/28/10,90,0,0,34,0,0,68,69,70,27,71,41.16
3/1/10,85,0,0,31,0,33,78,60,60,69,48,40.380001
3/2/10,89,33,28,25,0,45,87,50,59,69,61,40.939999
3/3/10,86,0,0,40,0,44,90,49,53,27,59,41.34
3/4/10,87,24,0,24,0,32,90,56,63,54,55,42.310001
3/5/10,85,0,0,16,0,0,90,67,56,63,67,42.220001
3/6/10,88,0,0,28,0,30,63,68,61,62,64,43.220001
3/7/10,93,0,96,50,24,30,71,77,69,75,74,42.48
3/8/10,87,0,92,30,26,0,89,52,62,48,58,41.880001
3/9/10,85,0,27,32,0,0,85,55,51,64,69,35.75
3/10/10,87,0,39,46,0,0,82,53,58,64,55,35.720001
3/11/10,87,22,100,53,0,0,84,56,50,49,70,35.689999
3/12/10,82,42,45,42,0,28,81,51,61,50,62,36.299999
3/13/10,90,65,19,38,47,29,67,76,58,34,68,35.889999
3/14/10,95,0,19,11,0,30,66,72,72,40,72,35.779999
3/15/10,87,23,30,29,0,0,87,45,58,84,47,35.779999
3/16/10,85,0,54,23,0,85,83,49,53,48,64,36.029999
3/17/10,88,61,26,38,0,0,85,54,54,70,59,36.139999
3/18/10,86,22,18,38,0,29,92,42,52,38,60,35.66
3/19/10,84,0,0,21,0,28,82,52,54,69,51,35.689999
3/20/10,91,21,0,38,0,0,67,76,68,63,95,35.310001
3/21/10,96,0,19,27,24,0,66,70,68,48,77,34.720001
3/22/10,85,70,20,35,0,32,90,55,71,95,45,34.139999
3/23/10,86,62,26,15,100,41,85,63,55,68,52,34.689999
3/24/10,85,0,0,30,0,40,88,63,53,59,55,34.990002
3/25/10,83,0,18,21,0,0,87,47,52,44,67,35.18
3/26/10,85,0,0,26,0,0,77,59,49,52,64,35.389999
3/27/10,89,0,0,47,0,0,75,62,74,50,84,35.5
3/28/10,95,0,18,43,23,29,67,68,73,56,69,35.650002
3/29/10,87,23,39,34,25,0,84,55,59,37,64,35.849998
3/30/10,91,60,26,30,33,41,88,58,55,38,58,36.32
3/31/10,91,30,0,52,0,40,91,49,60,39,57,35.830002
1/1/11,90,35,2,67,46,71,85,100,86,83,80,35.400002
1/2/11,89,35,2,40,46,71,84,84,100,73,74,34.91
1/3/11,94,0,2,26,46,36,68,70,82,100,71,34.75
1/4/11,100,0,1,43,49,0,72,56,73,86,73,34.599998
1/5/11,58,49,1,37,65,0,96,65,69,67,71,34.18
1/6/11,57,48,0,36,0,98,97,62,67,82,68,33.869999
1/7/11,57,0,1,79,44,0,100,68,68,69,76,33.970001
1/8/11,56,34,1,90,0,35,92,75,71,85,71,34.16
1/9/11,56,0,2,39,45,35,97,67,83,58,92,33.669998
1/10/11,57,0,2,53,69,36,70,52,71,53,70,33.150002
1/11/11,62,0,1,44,100,0,68,61,68,60,72,33.18
1/12/11,57,0,0,19,0,52,95,60,69,78,69,32.880001
1/13/11,58,0,1,0,0,0,96,52,60,68,75,33.389999
1/14/11,56,0,0,13,0,35,90,67,65,61,72,33.43
1/15/11,56,0,1,25,44,69,92,83,82,85,85,34.32
1/16/11,56,68,2,13,0,68,94,74,84,72,87,34.27
1/17/11,61,70,1,39,0,35,80,56,67,63,75,34.009998
1/18/11,64,37,1,28,0,37,73,66,59,83,74,35
1/19/11,59,0,2,37,0,0,90,62,65,75,62,35.279999
1/20/11,58,0,1,70,0,0,94,52,58,63,67,34.82
1/21/11,56,0,2,49,0,0,91,58,58,51,72,34.900002
1/22/11,57,33,3,37,0,33,96,76,75,51,88,34.599998
1/23/11,56,0,1,13,0,0,80,85,72,46,89,34.599998
1/24/11,58,0,1,39,44,0,75,58,62,68,73,34.630001
1/25/11,64,0,1,41,47,0,71,54,60,59,67,34.299999
1/26/11,58,0,0,53,0,48,98,52,56,52,63,33.970001
1/27/11,58,0,1,17,0,0,88,62,58,79,64,33.02
1/28/11,58,0,2,87,0,33,88,59,56,77,73,33
1/29/11,59,33,1,50,0,0,88,83,65,69,84,32.779999
1/30/11,59,0,2,26,0,35,84,79,72,52,100,33.25
1/31/11,61,0,2,14,0,0,73,53,55,65,78,33.73
2/1/11,67,0,3,28,0,38,62,57,59,49,66,33.040001
2/2/11,60,0,1,89,0,0,82,57,53,76,68,33.529999
2/3/11,59,0,0,51,0,45,85,51,55,77,61,32.709999
2/4/11,57,0,1,24,0,0,84,67,63,54,67,31.719999
2/5/11,62,33,2,25,0,0,87,75,71,63,93,32.52
2/6/11,62,0,1,86,42,33,85,72,77,56,93,32.360001
2/7/11,63,33,0,75,65,0,73,56,59,76,66,33.099998
2/8/11,69,35,0,54,0,0,74,59,55,61,65,33.209999
2/9/11,63,45,2,85,0,0,94,59,55,79,62,33.959999
2/10/11,64,0,1,16,57,45,92,60,55,56,63,33.959999
2/11/11,63,32,0,49,0,0,92,61,54,46,69,34.52
2/12/11,62,0,1,84,41,32,92,69,68,68,79,34.639999
2/13/11,63,0,1,75,0,20,90,68,74,62,82,34.23
2/14/11,69,0,0,37,43,0,68,75,54,59,71,33.82
2/15/11,75,0,7,81,92,0,71,61,54,51,62,33.849998
2/16/11,67,45,8,34,59,0,87,55,51,66,61,33.900002
2/17/11,65,0,20,84,0,0,91,56,52,70,65,34.540001
2/18/11,66,0,88,74,0,0,95,64,54,62,63,34.73
2/19/11,66,32,100,72,41,0,93,79,63,73,75,35.330002
2/20/11,65,0,55,63,43,34,88,75,71,60,73,35.59
2/21/11,72,36,37,68,46,0,69,46,60,64,61,35.5
2/22/11,83,0,42,56,0,96,76,55,52,56,58,35.68
2/23/11,77,0,30,68,0,0,99,55,55,47,67,35.540001
2/24/11,76,0,25,16,57,0,81,52,54,49,59,35.25
2/25/11,74,32,23,24,41,32,85,60,53,53,65,35.450001
2/26/11,75,0,19,24,41,32,85,60,63,68,79,35.5
2/27/11,82,64,16,36,0,0,84,75,66,63,79,35.509998
2/28/11,85,0,18,74,0,0,76,56,63,45,54,36.5
3/1/11,91,0,16,52,0,36,77,49,57,63,52,36.41
3/2/11,86,0,11,50,57,0,89,53,46,66,54,35.59
3/3/11,81,0,12,33,0,0,93,53,57,71,56,35.77
3/4/11,78,32,14,95,41,0,88,62,54,57,62,35.349998
3/5/11,77,31,12,71,41,33,91,71,58,64,67,34.830002
3/6/11,78,0,12,50,42,0,83,73,67,63,78,35.200001
3/7/11,87,65,10,49,0,51,74,53,57,76,74,34.950001
3/8/11,97,0,12,0,45,0,78,65,62,61,60,34.869999
3/9/11,88,0,13,100,0,0,88,49,50,60,62,35.040001
3/10/11,87,0,13,81,0,44,90,54,50,60,53,35.240002
3/11/11,86,0,7,60,41,32,83,60,49,50,55,35.580002
3/12/11,86,32,11,60,0,67,89,58,54,44,45,35.310001
3/13/11,85,32,11,61,42,0,91,55,55,63,67,35.689999
3/14/11,92,100,9,25,0,0,67,47,45,45,50,35.380001
3/15/11,100,0,11,40,46,71,67,52,49,55,55,35.220001
3/16/11,94,46,8,17,59,0,87,52,50,62,56,35.43
3/17/11,94,0,7,100,0,44,82,54,46,45,65,35.02
3/18/11,91,0,9,87,0,0,86,59,51,48,54,34.5
3/19/11,90,0,9,13,0,0,88,71,58,59,68,33.709999
3/20/11,90,34,9,38,0,35,84,78,63,79,76,33.349998
3/21/11,96,0,10,27,0,54,67,49,54,70,62,33.09
3/22/11,99,40,10,15,51,40,67,50,56,80,53,32.91
3/23/11,93,0,7,57,0,51,82,53,50,52,57,34.080002
3/24/11,90,0,8,77,0,0,89,61,40,76,62,34.060001
3/25/11,84,0,7,55,64,100,81,64,46,43,55,33.959999
3/26/11,79,0,10,0,0,56,80,71,64,62,73,34.740002
3/27/11,73,0,8,64,0,43,72,75,62,88,81,35.59
3/28/11,70,77,8,59,50,0,64,51,51,66,58,36.310001
3/29/11,66,39,8,75,0,81,59,82,54,76,99,36.509998
3/30/11,63,0,9,36,0,0,69,82,55,84,93,37.189999
3/31/11,68,0,5,37,0,0,54,69,49,44,80,37.150002
1/1/12,76,0,10,73,0,48,59,100,100,45,92,37.189999
1/2/12,75,0,62,98,0,0,83,84,83,34,93,38.169998
1/3/12,74,0,49,70,0,39,78,70,78,40,82,38.169998
1/4/12,74,0,56,52,0,0,76,79,77,41,84,37.950001
1/5/12,74,0,57,66,0,0,70,56,72,40,80,37.950001
1/6/12,70,0,64,58,35,0,82,70,62,45,92,37.950001
1/7/12,100,0,36,60,25,37,48,87,73,41,93,37.740002
1/8/12,96,0,61,30,0,0,63,82,84,30,98,43.650002
1/9/12,93,0,92,18,0,73,61,68,72,37,86,45.68
1/10/12,92,0,72,30,0,37,60,60,61,26,79,45.150002
1/11/12,95,25,43,37,0,77,51,66,65,33,75,44.93
1/12/12,97,0,62,40,0,100,51,56,57,33,84,46.509998
1/13/12,92,32,48,63,0,0,66,66,58,34,85,46.110001
1/14/12,88,0,45,29,0,35,63,78,77,34,96,45.459999
1/15/12,87,23,54,69,0,0,65,82,81,34,100,45.27
1/16/12,86,0,35,46,0,36,75,64,63,36,77,45.66
1/17/12,85,0,96,35,25,0,79,73,54,31,73,45.93
1/18/12,90,0,52,31,26,38,62,63,58,37,74,44.759998
1/19/12,94,0,47,71,33,0,58,67,59,36,77,45.209999
1/20/12,87,62,20,54,0,47,71,66,64,44,83,44.200001
1/21/12,86,0,29,52,0,53,68,83,70,45,94,45.040001
1/22/12,83,45,24,45,0,0,66,80,78,50,86,44.27
1/23/12,82,0,43,11,0,0,73,57,63,36,76,44.119999
1/24/12,81,47,69,52,0,0,71,62,61,39,71,43.73
1/25/12,87,0,32,43,0,38,60,67,58,33,82,43.720001
1/26/12,91,0,48,80,0,49,54,62,53,39,74,43.77
1/27/12,82,31,80,23,0,0,69,70,62,34,83,43.419998
1/28/12,82,23,48,34,0,35,69,81,73,37,99,42.369999
1/29/12,78,22,77,34,0,34,63,78,83,30,100,42.310001
1/30/12,77,23,49,57,0,0,66,63,64,37,78,42.369999
1/31/12,79,24,30,35,0,36,64,50,57,27,76,42.790001
2/1/12,84,0,26,25,0,38,58,55,59,43,83,42.490002
2/2/12,91,32,87,31,0,0,57,53,57,100,73,42.700001
2/3/12,83,32,47,55,33,0,67,71,60,68,81,41.84
2/4/12,81,24,51,18,0,0,65,84,71,56,83,41.509998
2/5/12,80,0,60,70,0,36,66,76,76,47,97,43.619999
2/6/12,81,47,35,41,0,0,68,65,63,44,75,43.73
2/7/12,80,0,36,12,100,0,68,64,56,48,85,42.959999
2/8/12,84,0,16,25,0,0,54,52,59,43,69,42.950001
2/9/12,91,0,74,48,0,0,57,66,59,38,81,44.5
2/10/12,83,64,40,39,33,0,69,70,57,38,83,43.93
2/11/12,81,23,29,40,0,0,69,73,71,40,100,43.099998
2/12/12,80,0,68,51,24,0,65,83,69,39,84,42.709999
2/13/12,79,0,58,29,0,71,70,67,59,38,81,42.799999
2/14/12,77,0,56,41,50,73,67,66,59,35,79,42.75
2/15/12,83,25,31,31,52,38,55,63,53,36,73,41.869999
2/16/12,88,31,100,54,0,48,53,71,56,44,83,41.25
2/17/12,80,0,59,38,0,0,63,66,60,39,76,42.080002
2/18/12,80,0,34,62,24,0,65,87,74,43,89,42.189999
2/19/12,74,0,29,45,0,0,63,84,73,36,92,43.34
2/20/12,72,0,43,45,0,34,66,57,64,44,72,43.16
2/21/12,75,0,62,34,24,35,95,57,63,38,84,43.369999
2/22/12,82,0,67,60,25,36,100,60,60,41,85,44.790001
2/23/12,86,30,19,46,0,47,67,60,58,36,68,45.299999
2/24/12,78,0,44,37,0,0,74,65,59,37,83,46.009998
2/25/12,76,0,19,76,0,34,66,84,66,47,83,44.93
2/26/12,75,21,47,38,34,0,63,95,71,37,79,44.490002
2/27/12,76,22,23,44,23,34,62,62,61,34,71,44.009998
2/28/12,76,0,63,45,0,35,66,55,61,40,77,43.720001
2/29/12,80,0,46,53,0,0,55,55,57,39,74,43.759998
3/1/12,84,0,32,38,0,0,53,57,54,36,75,43.400002
3/2/12,76,0,31,22,31,45,67,65,58,38,83,42.549999
3/3/12,75,44,38,33,0,34,64,80,74,44,89,42.619999
3/4/12,77,0,56,27,0,0,63,86,77,40,84,43.790001
3/5/12,76,22,42,27,23,34,65,64,59,42,78,45.02
3/6/12,75,23,19,46,0,35,66,63,59,33,72,44.650002
3/7/12,81,24,35,12,0,36,55,58,52,35,70,45.860001
3/8/12,86,0,19,52,0,0,53,54,49,34,74,45.009998
3/9/12,79,0,56,36,0,0,63,73,55,35,80,45.950001
3/10/12,76,0,41,38,23,33,64,82,65,32,78,46.93
3/11/12,77,0,52,33,0,67,65,86,67,33,87,46.169998
3/12/12,76,0,81,44,0,0,64,59,58,47,77,39.75
3/13/12,75,0,29,17,24,35,65,59,55,39,64,39.060001
3/14/12,80,24,60,12,0,0,58,57,53,36,65,38.950001
3/15/12,82,0,26,46,32,0,55,52,55,32,78,39.860001
3/16/12,78,0,13,44,0,89,70,58,52,34,70,40.369999
3/17/12,77,22,23,44,23,34,67,79,67,38,76,40.75
3/18/12,84,23,24,11,0,68,65,86,70,35,84,41.560001
3/19/12,78,0,54,23,0,36,68,56,60,29,74,41.09
3/20/12,75,100,43,44,0,0,69,60,50,33,78,41.389999
3/21/12,80,0,59,28,0,43,57,62,47,34,75,41.950001
3/22/12,85,0,28,49,34,0,54,67,48,26,77,41.400002
3/23/12,77,0,43,17,35,51,69,59,58,29,70,42.18
3/24/12,76,0,53,37,0,0,64,68,62,38,86,42.68
3/25/12,76,0,37,38,23,0,65,81,66,38,81,42.529999
3/26/12,77,22,5,32,0,0,63,69,57,34,73,44.450001
3/27/12,77,22,29,22,0,0,58,74,52,39,79,45.299999
3/28/12,79,0,25,47,0,0,51,65,52,36,69,46.740002
3/29/12,84,30,38,22,0,0,49,58,58,36,67,47.98
3/30/12,79,29,19,59,0,0,52,79,52,40,63,47.990002
3/31/12,77,22,14,21,0,65,62,82,62,38,81,48.849998
1/1/13,76,30,51,55,0,0,62,95,97,88,91,48.240002
1/2/13,76,0,39,40,0,0,65,86,86,89,76,48.060001
1/3/13,77,79,37,67,0,0,61,84,83,84,66,48.349998
1/4/13,80,61,17,53,0,0,52,77,85,83,84,48.549999
1/5/13,85,39,46,72,0,0,51,91,93,91,88,48.459999
1/6/13,78,29,61,30,0,0,62,91,100,85,100,49
1/7/13,81,29,43,46,0,95,84,69,81,83,68,49.060001
1/8/13,83,29,32,62,0,48,86,73,72,77,83,48.830002
1/9/13,81,30,61,47,100,0,90,68,78,90,73,49.259998
1/10/13,81,31,63,74,0,0,84,79,69,79,76,48.830002
1/11/13,86,83,30,65,0,0,74,81,66,74,74,48.349998
1/12/13,92,60,47,84,0,0,71,94,86,73,91,48.740002
1/13/13,84,0,68,30,0,0,94,100,89,69,96,49.07
1/14/13,81,29,62,30,0,47,89,67,73,60,72,49.5
1/15/13,82,29,38,31,0,0,90,72,65,63,70,49.41
1/16/13,81,30,41,63,0,0,96,68,65,87,67,49.48
1/17/13,82,95,64,50,0,52,87,80,60,78,71,49.209999
1/18/13,86,0,52,64,0,0,70,82,67,82,65,48.369999
1/19/13,93,40,69,42,0,67,69,100,84,91,97,48.139999
1/20/13,83,29,59,46,48,0,88,89,89,66,94,48.970001
1/21/13,83,29,50,30,0,47,87,68,74,69,71,49.220001
1/22/13,81,59,51,69,0,48,87,70,67,76,69,49.220001
1/23/13,79,45,45,87,0,50,87,66,66,75,68,48.560001
1/24/13,80,32,55,84,0,0,85,68,64,69,66,48.060001
1/25/13,86,0,59,100,0,69,78,81,67,70,77,47.990002
1/26/13,91,82,57,85,0,0,74,84,75,71,84,47.150002
1/27/13,82,56,55,67,0,70,90,90,83,80,92,47.580002
1/28/13,81,29,62,15,48,47,89,71,64,84,66,47.25
1/29/13,80,30,71,24,0,0,95,65,72,68,70,47.650002
1/30/13,80,69,59,82,58,0,90,63,64,72,63,47.869999
1/31/13,83,100,58,53,0,0,91,69,65,80,77,47.080002
2/1/13,85,0,68,56,0,0,77,73,60,80,72,45.650002
2/2/13,94,41,88,76,0,67,77,89,77,90,87,44.93
2/3/13,84,0,77,39,0,49,93,93,88,97,92,44.360001
2/4/13,84,0,68,38,0,0,91,69,67,83,67,44.400002
2/5/13,81,0,44,62,49,48,87,68,74,69,71,44
2/6/13,89,30,67,63,0,49,97,67,63,69,70,44.32
2/7/13,85,0,68,84,0,52,95,71,55,68,76,44.450001
2/8/13,85,64,63,78,70,0,70,77,63,63,69,43.919998
2/9/13,87,43,78,67,0,0,70,94,81,70,71,43.73
2/10/13,81,30,57,71,50,49,82,90,90,84,95,44.02
2/11/13,81,0,51,44,0,46,89,78,70,96,69,43.599998
2/12/13,79,0,55,91,0,94,87,65,65,73,70,44.68
2/13/13,78,29,56,38,0,0,91,74,62,67,60,45.220001
2/14/13,77,0,72,40,0,100,93,70,61,68,71,44.959999
2/15/13,79,80,56,95,0,0,72,71,64,73,69,44.82
2/16/13,85,0,72,72,0,0,73,92,77,78,89,43.98
2/17/13,80,42,66,66,0,46,94,84,82,69,59,42.740002
2/18/13,79,0,54,74,0,46,93,64,70,81,61,38.330002
2/19/13,78,29,67,53,0,47,93,62,62,87,76,37.950001
2/20/13,79,30,70,63,0,0,90,62,68,73,73,37.52
2/21/13,78,0,44,33,53,52,92,57,60,75,57,38.169998
2/22/13,85,41,49,33,0,0,79,71,64,73,65,37.990002
2/23/13,91,0,48,64,67,0,69,79,72,87,80,38.52
2/24/13,81,31,29,72,0,50,92,75,94,80,94,37.860001
2/25/13,80,28,63,29,0,46,91,58,71,66,64,38.25
2/26/13,78,28,65,37,0,47,90,76,64,70,64,39.259998
2/27/13,79,29,59,45,0,0,94,64,66,76,60,39.150002
2/28/13,80,46,40,33,0,0,88,71,57,79,69,39.189999
3/1/13,82,41,57,64,0,0,77,75,59,80,68,38.290001
3/2/13,88,60,48,42,0,0,69,83,78,95,75,38.720001
3/3/13,83,42,76,59,47,47,81,81,88,79,80,37.900002
3/4/13,81,56,42,58,0,45,94,63,63,65,65,38.349998
3/5/13,86,28,51,30,0,0,94,63,59,92,48,38.009998
3/6/13,82,29,53,92,0,0,92,77,64,78,64,37.439999
3/7/13,88,77,99,65,0,0,96,65,65,70,56,37.119999
3/8/13,93,41,44,86,0,67,77,68,58,88,83,36.880001
3/9/13,100,0,70,32,0,0,85,75,77,79,73,37.209999
3/10/13,89,29,84,54,0,48,100,79,80,79,86,36.860001
3/11/13,90,0,74,61,0,47,95,63,67,55,55,36.93
3/12/13,86,29,100,84,0,0,92,68,58,74,58,36.810001
3/13/13,85,0,77,39,0,0,93,62,57,68,66,36.119999
3/14/13,99,63,54,84,0,0,95,53,55,68,54,36.220001
3/15/13,89,0,86,22,0,0,73,60,74,77,69,36.189999
3/16/13,90,41,62,43,0,0,64,79,80,83,80,36.91
3/17/13,89,71,55,37,0,0,89,82,79,82,81,36.889999
3/18/13,84,58,43,38,0,0,95,58,67,90,60,36.77
3/19/13,83,29,43,54,0,48,92,63,63,73,63,35.990002
3/20/13,84,30,64,24,0,73,92,63,63,75,66,36.23
3/21/13,82,0,37,17,0,0,96,57,56,82,62,35.919998
3/22/13,87,0,46,79,0,70,74,65,63,71,65,36
3/23/13,94,0,81,44,0,0,76,83,74,73,75,35.68
3/24/13,81,43,49,53,0,95,91,89,82,94,74,35.470001
3/25/13,82,29,73,46,0,48,94,75,65,71,70,35.25
3/26/13,82,60,60,70,0,0,90,71,64,71,56,35.689999
3/27/13,79,30,61,40,50,49,92,69,58,76,57,36.32
3/28/13,81,32,61,50,0,0,90,67,59,78,70,36.669998
3/29/13,89,0,55,23,0,0,76,70,67,75,80,36.529999
3/30/13,97,86,82,56,0,71,75,69,70,89,71,36.139999
3/31/13,85,29,70,54,0,0,95,74,77,100,77,36.77
1/1/14,85,0,38,43,40,29,90,100,97,80,84,37.34
1/2/14,83,37,43,39,41,60,96,75,94,86,100,38.509998
1/3/14,81,21,42,13,0,0,92,82,90,78,90,37.09
1/4/14,84,27,44,24,0,0,83,86,100,81,94,36.610001
1/5/14,90,0,30,46,0,0,77,86,95,72,92,36.060001
1/6/14,94,17,53,36,39,0,78,74,87,76,79,36.130001
1/7/14,85,17,34,68,39,28,95,64,71,73,62,36.619999
1/8/14,78,35,23,48,0,0,90,73,76,68,60,35.27
1/9/14,78,0,49,43,40,0,88,67,72,65,73,36.279999
1/10/14,77,0,29,40,0,31,89,71,72,60,66,36.889999
1/11/14,76,0,45,38,0,0,87,88,90,77,96,36.34
1/12/14,82,0,12,15,0,42,74,90,89,68,90,36.029999
1/13/14,91,53,58,42,40,29,74,62,79,72,81,35.790001
1/14/14,81,36,46,27,0,29,90,75,66,65,70,35.549999
1/15/14,80,0,44,43,0,0,88,69,64,64,76,35.790001
1/16/14,81,0,38,27,0,58,89,72,67,66,74,35.740002
1/17/14,78,19,47,23,0,31,89,71,67,66,71,35.209999
1/18/14,78,0,47,32,0,0,85,83,92,77,82,34.59
1/19/14,84,0,15,100,0,0,71,89,94,91,83,34.380001
1/20/14,91,0,35,52,39,0,71,70,72,88,72,33.959999
1/21/14,80,18,43,32,0,0,94,60,72,77,78,34.470001
1/22/14,80,0,36,16,40,29,92,67,70,80,72,35.040001
1/23/14,78,0,19,55,0,0,95,64,64,80,78,34.689999
1/24/14,79,20,46,35,0,64,92,69,69,79,69,34.84
1/25/14,84,0,37,55,0,0,92,84,78,83,86,34.16
1/26/14,85,26,27,31,58,0,78,86,97,86,85,33.529999
1/27/14,93,0,47,21,39,0,76,69,68,75,79,32.73
1/28/14,80,17,22,36,0,28,86,68,66,70,77,32.779999
1/29/14,80,17,31,31,39,0,86,72,64,67,65,32.759998
1/30/14,79,18,30,54,41,58,87,63,66,77,77,31.610001
1/31/14,79,0,40,29,0,0,88,76,64,71,81,32.610001
2/1/14,78,0,51,15,0,41,85,88,82,73,73,33.939999
2/2/14,83,26,45,38,0,41,73,90,89,79,94,34.830002
2/3/14,88,18,48,43,40,58,66,61,66,78,61,33.759998
2/4/14,79,18,58,31,0,0,89,63,61,73,62,35.189999
2/5/14,80,0,53,27,0,29,93,66,66,82,58,35.630001
2/6/14,79,18,49,22,41,0,87,59,68,33,78,36.07
2/7/14,80,0,38,64,0,0,88,59,62,78,88,34.639999
2/8/14,81,25,27,60,0,0,86,85,83,79,89,34.610001
2/9/14,87,0,59,52,56,0,74,93,80,77,87,35.07
2/10/14,96,18,65,16,0,29,68,58,69,74,69,34.759998
2/11/14,87,0,100,69,0,57,84,69,61,91,70,33.490002
2/12/14,88,0,59,21,40,0,89,70,66,86,74,33.41
2/13/14,84,37,43,44,41,0,87,63,59,74,66,33.77
2/14/14,82,0,48,24,0,100,89,69,62,83,64,33.549999
2/15/14,82,51,54,39,0,0,81,80,79,87,86,33.779999
2/16/14,88,100,27,22,0,0,69,84,84,76,78,33.599998
2/17/14,93,35,33,26,0,29,74,67,69,80,65,33.470001
2/18/14,84,18,29,52,0,0,83,63,61,78,70,33.68
2/19/14,87,0,45,42,0,28,84,59,61,76,70,34.959999
2/20/14,83,0,32,43,40,29,90,64,59,77,62,35.09
2/21/14,81,0,35,45,42,61,85,74,64,78,66,35.07
2/22/14,82,48,46,29,0,40,89,76,74,74,69,35.48
2/23/14,87,0,59,57,54,39,67,88,88,76,80,36.650002
2/24/14,90,0,50,41,38,42,70,61,62,94,69,36.369999
2/25/14,87,0,39,25,37,0,86,68,64,66,66,36.549999
2/26/14,88,34,55,51,38,28,90,70,64,80,60,36.77
2/27/14,83,17,92,31,38,28,100,62,63,93,71,36.48
2/28/14,82,18,41,22,0,29,84,73,69,81,69,36.700001
3/1/14,83,24,25,43,0,0,82,75,77,79,72,38.52
3/2/14,85,70,52,28,0,0,68,86,90,80,88,38.68
3/3/14,92,0,52,48,0,29,72,68,73,75,68,38.610001
3/4/14,88,0,54,30,0,27,80,64,67,82,67,37.110001
3/5/14,88,16,54,20,0,26,87,63,66,83,64,36.799999
3/6/14,90,0,46,45,0,0,86,61,64,82,64,36.110001
3/7/14,87,0,53,31,39,28,85,65,63,76,62,35.790001
3/8/14,85,0,52,33,100,0,84,86,80,85,73,35.66
3/9/14,87,65,56,26,0,35,74,81,80,85,80,34.630001
3/10/14,96,0,32,62,72,0,69,63,63,89,67,33.73
3/11/14,89,16,43,29,0,26,87,67,64,70,61,32.919998
3/12/14,87,32,43,58,36,26,87,64,62,79,68,33.669998
3/13/14,90,49,66,54,0,40,86,60,53,78,69,33.490002
3/14/14,86,0,34,93,0,0,84,66,59,82,64,34.48
3/15/14,85,44,23,40,0,72,80,82,76,95,63,34.18
3/16/14,93,22,35,52,0,0,68,81,68,80,76,33.189999
3/17/14,100,16,49,68,0,39,63,57,59,73,55,34.310001
3/18/14,89,80,49,34,0,26,87,59,65,89,74,33.59
3/19/14,87,16,44,68,36,26,84,67,57,75,65,26.26
3/20/14,86,0,42,79,37,0,75,59,59,87,71,26.559999
3/21/14,83,18,33,42,39,28,84,66,60,88,77,27.17
3/22/14,84,0,50,20,0,0,79,78,86,93,83,26.889999
3/23/14,89,0,58,39,48,0,64,76,78,72,92,26.32
3/24/14,95,31,35,37,0,25,65,61,54,84,61,26.09
3/25/14,88,16,29,33,0,50,85,65,58,83,59,26.690001
3/26/14,86,32,39,29,35,39,81,65,55,91,60,27.290001
3/27/14,83,0,40,59,37,26,82,70,63,82,65,26.780001
3/28/14,82,35,34,72,39,28,77,65,62,88,74,26.360001
3/29/14,83,0,23,72,0,0,77,79,72,91,70,26.209999
3/30/14,88,0,38,26,0,70,61,75,77,87,75,26.49
3/31/14,94,0,35,29,0,51,64,65,66,100,54,26.07
1/1/15,90,16,46,29,36,0,85,80,97,67,86,26.530001
1/2/15,86,32,9,45,0,0,76,96,92,62,85,27.77
1/3/15,86,22,8,67,0,35,82,93,98,72,94,27.950001
1/4/15,85,0,17,53,47,89,82,90,100,58,82,29.09
1/5/15,83,39,12,68,0,0,79,73,75,60,75,29.120001
1/6/15,87,19,9,50,100,0,63,77,73,61,76,28.129999
1/7/15,93,30,10,42,0,16,65,69,67,56,68,28.370001
1/8/15,88,20,11,22,0,0,91,76,64,52,62,28.139999
1/9/15,90,20,8,43,0,48,85,73,64,58,73,27.969999
1/10/15,55,65,9,55,0,0,92,93,89,63,90,28.030001
1/11/15,52,56,6,48,0,22,90,100,81,56,76,28.91
1/12/15,52,0,12,47,0,0,90,79,63,57,71,29.52
1/13/15,57,41,9,35,34,16,75,75,65,64,70,30.67
1/14/15,60,19,13,54,0,16,74,69,58,47,73,30.83
1/15/15,54,59,12,46,0,0,95,71,61,48,78,31.76
1/16/15,53,0,15,34,0,16,94,79,68,53,76,32.23
1/17/15,51,21,10,32,72,17,97,85,83,54,88,30.799999
1/18/15,52,54,9,35,46,0,94,87,89,46,81,29.73
1/19/15,50,53,12,51,0,21,93,77,62,50,65,30.51
1/20/15,54,19,8,67,33,0,75,65,64,53,71,30.790001
1/21/15,57,39,8,50,32,0,72,79,56,55,70,31.719999
1/22/15,55,0,8,13,33,0,96,78,63,68,75,31.67
1/23/15,54,30,7,39,0,0,95,91,59,100,80,31.65
1/24/15,54,21,82,22,0,0,94,100,73,99,92,32.52
1/25/15,52,27,100,40,0,21,94,97,82,89,100,32.080002
1/26/15,53,51,49,28,44,0,92,73,64,74,70,31.58
1/27/15,56,19,47,29,0,23,72,62,64,56,73,32.119999
1/28/15,59,29,29,35,19,0,76,77,66,49,66,30.219999
1/29/15,55,51,24,40,0,14,100,77,59,51,76,30.84
1/30/15,53,0,19,51,0,0,93,78,60,50,75,31.790001
1/31/15,53,21,18,46,36,0,89,97,83,53,93,32.5
2/1/15,54,0,17,35,0,0,95,97,67,51,85,32.330002
2/2/15,55,51,24,44,0,21,92,67,57,47,73,31.84
2/3/15,59,27,18,29,0,21,75,65,58,51,78,32.119999
2/4/15,62,19,26,49,32,31,72,76,58,45,80,30.870001
2/5/15,57,0,17,16,32,0,96,70,54,54,73,31.700001
2/6/15,56,19,20,25,0,15,91,69,60,48,74,32.759998
2/7/15,54,20,19,48,0,16,87,93,70,53,85,33.32
2/8/15,53,26,18,45,0,21,88,99,80,45,84,32.59
2/9/15,51,0,18,22,0,100,84,81,61,52,74,33.380001
2/10/15,58,19,20,32,0,30,70,76,61,48,72,32.619999
2/11/15,64,0,18,29,32,15,70,66,57,54,69,32.91
2/12/15,58,19,18,32,0,30,90,81,57,53,73,33.549999
2/13/15,56,19,15,50,0,0,92,85,60,35,74,33.32
2/14/15,53,61,12,48,35,16,90,85,77,34,79,32.599998
2/15/15,56,51,19,44,0,0,87,92,90,36,85,32.470001
2/16/15,56,0,13,48,0,20,90,78,73,35,69,32.310001
2/17/15,62,19,19,56,0,0,70,74,62,34,64,32.540001
2/18/15,70,28,15,28,0,0,67,73,64,33,70,32.57
2/19/15,63,39,14,37,32,15,84,67,52,36,69,32.880001
2/20/15,62,19,12,38,0,0,88,69,61,34,66,33.630001
2/21/15,61,40,12,26,69,0,94,84,76,32,82,37.68
2/22/15,61,51,17,33,43,20,96,83,93,25,76,38.299999
2/23/15,62,0,19,42,42,20,95,71,66,30,68,38.240002
2/24/15,67,19,13,73,32,30,75,74,55,29,63,38.150002
2/25/15,74,19,20,40,0,15,71,78,65,32,71,38.09
2/26/15,67,0,20,62,32,0,93,66,58,30,73,37.560001
2/27/15,65,0,14,27,0,17,87,75,54,30,76,37.450001
2/28/15,65,43,22,74,36,0,91,98,76,30,80,37.459999
3/1/15,65,39,15,55,44,0,86,95,83,32,89,38.209999
3/2/15,66,37,21,47,0,0,86,75,63,29,76,38.77
3/3/15,73,37,23,48,0,0,71,69,64,29,66,39.470001
3/4/15,80,19,20,52,0,30,71,65,52,30,65,38.84
3/5/15,74,38,21,53,0,15,88,67,59,29,77,39.259998
3/6/15,72,0,21,37,0,0,87,73,59,24,74,39.990002
3/7/15,72,20,18,48,35,32,89,83,63,32,84,41.509998
3/8/15,73,26,16,100,43,20,88,90,69,31,76,42.599998
3/9/15,84,38,24,38,43,20,82,69,72,27,75,42.84
3/10/15,87,30,19,38,0,0,71,64,55,28,70,42.549999
3/11/15,93,19,20,61,32,0,69,82,53,31,70,42.439999
3/12/15,91,57,20,70,0,15,86,70,53,32,70,42.540001
3/13/15,85,58,16,50,0,16,84,73,63,28,72,42.959999
3/14/15,83,61,16,35,0,32,89,85,63,31,83,42.41
3/15/15,86,26,22,27,0,0,90,80,69,27,79,40.849998
3/16/15,85,100,23,48,0,20,88,70,58,30,73,40.919998
3/17/15,92,37,20,92,32,30,67,62,50,27,66,40.630001
3/18/15,100,28,19,77,32,0,74,62,51,28,64,40.34
3/19/15,99,0,17,62,0,15,88,64,49,29,71,39.41
3/20/15,92,40,19,60,0,0,92,72,47,30,75,39.099998
3/21/15,88,43,20,56,0,17,88,82,65,29,87,38.98
3/22/15,87,53,21,80,0,0,91,85,76,27,82,38.900002
3/23/15,85,27,17,40,0,0,85,67,60,32,72,38.119999
3/24/15,94,41,21,88,35,16,69,69,58,32,73,38.459999
3/25/15,100,88,19,33,0,26,70,64,50,38,71,38.689999
3/26/15,94,0,21,23,0,0,92,68,58,30,69,38.459999
3/27/15,90,96,26,34,0,25,95,80,56,31,72,38.5
3/28/15,88,53,23,68,0,42,87,90,62,32,84,39.02
3/29/15,84,0,16,41,0,22,84,97,74,31,81,40.009998
3/30/15,80,54,16,41,0,0,84,73,59,33,65,39.259998
3/31/15,80,22,12,37,0,17,67,72,56,38,76,39.419998
1/1/16,80,33,20,52,0,0,67,93,100,25,100,40.009998
1/2/16,73,40,17,52,46,43,84,92,93,28,89,39.889999
1/3/16,66,0,23,89,0,0,82,93,94,25,82,40.240002
1/4/16,62,36,31,40,53,0,70,64,76,25,70,39.799999
1/5/16,69,0,14,70,0,29,51,67,71,26,70,40.290001
1/6/16,81,0,19,37,39,22,59,71,73,25,80,40.209999
1/7/16,82,27,20,73,0,45,68,69,67,24,78,39.459999
1/8/16,81,27,17,88,0,22,67,88,64,23,81,38.700001
1/9/16,74,27,18,66,0,22,88,86,82,26,90,38.900002
1/10/16,71,0,19,56,0,69,91,83,80,23,78,38.369999
1/11/16,69,0,17,55,50,57,83,74,65,24,74,37.5
1/12/16,100,34,20,77,100,28,47,61,70,24,69,37.779999
1/13/16,99,26,16,75,75,0,52,56,61,23,67,37.150002
1/14/16,97,26,25,47,0,43,43,64,63,23,65,37.400002
1/15/16,99,0,16,87,0,21,41,70,59,24,69,38.200001
1/16/16,92,26,23,52,0,21,55,80,80,27,95,38.66
1/17/16,90,0,17,80,40,23,54,87,80,25,73,37.880001
1/18/16,88,0,16,55,0,100,54,72,64,26,72,36.98
1/19/16,84,34,14,45,0,55,55,72,59,28,69,37.02
1/20/16,84,77,14,52,0,21,55,64,58,33,69,36.950001
1/21/16,89,0,11,29,74,21,47,81,66,83,66,36.43
1/22/16,94,0,16,80,37,0,42,77,60,100,70,37.259998
1/23/16,86,52,16,57,0,0,55,100,74,71,72,37.080002
1/24/16,82,0,13,54,0,22,54,87,80,48,72,36.849998
1/25/16,81,34,18,31,0,28,57,71,60,38,57,37.43
1/26/16,80,66,15,61,48,0,56,65,62,33,69,37.049999
1/27/16,79,0,12,69,0,0,56,65,60,30,71,37.669998
1/28/16,85,0,18,74,37,52,46,74,53,30,73,38.700001
1/29/16,94,0,23,40,0,21,43,73,53,29,74,37.389999
1/30/16,82,25,17,46,38,21,58,95,67,33,72,37.16
1/31/16,77,0,25,80,0,0,56,86,74,30,88,38.27
2/1/16,77,67,18,30,0,0,57,61,57,29,73,38.98
2/2/16,77,33,17,59,0,0,56,62,57,30,60,39.099998
2/3/16,79,0,22,33,36,21,57,72,54,29,67,38.720001
2/4/16,85,0,24,50,0,20,46,66,58,28,65,38.849998
2/5/16,92,25,19,45,0,20,43,76,58,27,68,39.310001
2/6/16,82,26,21,45,36,0,57,82,69,29,77,40.139999
2/7/16,79,26,19,65,0,22,56,69,81,29,68,40.060001
2/8/16,78,0,37,30,0,0,56,76,58,31,58,40.330002
2/9/16,77,64,41,71,0,26,56,61,61,32,59,41.509998
2/10/16,77,0,100,60,0,20,55,70,59,28,63,41.259998
2/11/16,86,24,87,27,0,0,45,60,59,28,65,41
2/12/16,89,0,58,51,0,21,45,76,57,27,75,40.779999
2/13/16,77,26,38,28,0,21,65,71,69,30,73,40.880001
2/14/16,78,27,39,48,0,0,61,86,69,26,59,38.830002
2/15/16,75,0,26,38,0,42,55,63,58,29,57,39.139999
2/16/16,76,0,22,38,97,55,61,66,54,28,62,38.849998
2/17/16,74,0,31,80,0,42,57,66,55,28,58,37.689999
2/18/16,82,0,22,56,0,20,46,66,54,35,70,37.049999
2/19/16,88,0,19,50,0,21,46,61,60,34,69,38.580002
2/20/16,80,26,26,62,0,0,60,80,74,35,75,38.360001
2/21/16,75,54,34,85,0,22,57,95,68,31,67,38.099998
2/22/16,74,68,22,75,0,28,59,59,55,31,62,38.84
2/23/16,72,0,18,52,0,27,56,65,46,29,67,38.810001
2/24/16,70,51,27,79,0,21,57,57,58,27,58,37.82
2/25/16,78,25,42,68,0,21,46,68,57,27,62,38.080002
2/26/16,85,0,59,73,0,21,47,74,52,27,62,37.779999
2/27/16,75,0,45,61,36,20,58,83,69,31,72,37.849998
2/28/16,74,0,47,29,0,0,56,70,75,28,67,38.450001
2/29/16,71,33,53,89,48,41,59,54,57,28,61,38.580002
3/1/16,72,32,40,100,0,26,57,63,52,30,54,39.799999
3/2/16,72,0,40,60,0,20,58,67,51,30,54,39.490002
3/3/16,79,49,35,55,0,0,75,67,51,31,60,38.98
3/4/16,84,24,54,55,0,40,100,58,55,30,64,39.009998
3/5/16,74,0,45,50,36,20,76,77,67,32,67,39.369999
3/6/16,74,52,44,41,38,43,62,80,70,32,59,39.34
3/7/16,72,100,35,44,95,54,60,58,55,32,53,39.810001
3/8/16,71,32,43,57,47,27,58,58,52,32,58,39.790001
3/9/16,72,24,34,38,0,40,55,55,50,38,64,40.419998
3/10/16,77,0,28,81,0,0,46,61,51,35,62,41.189999
3/11/16,84,25,23,83,0,20,45,58,47,35,68,41.529999
3/12/16,75,0,28,33,0,0,54,82,59,43,64,41.68
3/13/16,74,53,31,65,38,44,57,70,64,43,62,41.66
3/14/16,72,33,27,37,0,0,57,58,49,40,56,41.860001
3/15/16,73,0,28,58,0,53,58,61,54,40,54,41.68
3/16/16,72,48,27,76,0,0,55,54,55,45,58,42.27
3/17/16,78,49,22,49,0,20,47,61,47,40,55,42.41
3/18/16,85,25,16,94,0,0,49,72,54,41,68,45.200001
3/19/16,75,0,27,67,0,0,59,79,70,45,69,45.07
3/20/16,72,27,28,36,0,22,56,81,68,43,63,44.990002
3/21/16,71,0,21,60,0,0,58,54,58,42,60,44.639999
3/22/16,72,0,27,50,0,0,58,57,54,42,57,44.950001
3/23/16,69,0,15,38,0,20,53,67,54,44,57,44.77
3/24/16,75,24,19,65,35,0,49,66,55,39,64,44.75
3/25/16,81,0,30,65,0,0,47,66,59,45,61,56.810001
3/26/16,73,0,24,39,0,20,59,78,62,47,62,62.779999
3/27/16,71,26,26,17,38,21,56,69,65,50,59,62.599998
3/28/16,69,0,24,65,0,26,56,76,56,51,56,61.330002
3/29/16,68,0,26,78,0,52,56,65,54,50,58,62.040001
3/30/16,67,24,28,32,68,39,54,54,55,50,53,61.18
3/31/16,70,0,22,38,0,20,46,46,56,42,56,62.189999
1/1/17,79,34,21,31,0,0,49,100,94,52,85,63.23
1/2/17,73,35,24,33,0,39,55,84,100,52,83,60.82
1/3/17,72,0,23,85,0,0,55,74,71,51,78,61.830002
1/4/17,72,0,22,28,0,50,57,80,64,49,75,62.849998
1/5/17,71,33,23,21,0,37,58,72,75,49,76,60.919998
1/6/17,69,99,17,26,24,0,55,78,67,48,76,61.560001
1/7/17,76,68,26,37,0,0,45,86,82,52,80,61.700001
1/8/17,80,0,23,68,0,0,47,90,98,51,73,60.580002
1/9/17,73,41,23,82,0,68,58,68,74,48,67,63.220001
1/10/17,71,0,26,52,0,53,55,62,64,49,69,62.169998
1/11/17,83,0,19,53,0,0,85,77,66,51,68,63.299999
1/12/17,80,0,34,85,0,40,87,81,64,55,70,68.300003
1/13/17,81,32,18,30,0,36,82,80,70,45,70,68.879997
1/14/17,87,100,21,31,0,0,84,81,79,51,78,69
1/15/17,93,33,21,41,24,0,76,92,88,55,72,69.349998
1/16/17,87,0,25,71,51,0,93,77,67,51,60,68.550003
1/17/17,84,0,20,56,33,49,84,66,59,49,66,69.629997
1/18/17,85,0,31,54,0,0,85,65,60,51,63,69.860001
1/19/17,82,65,24,65,0,36,87,64,53,53,64,69.139999
1/20/17,85,0,26,50,0,72,75,78,62,95,68,68.580002
1/21/17,85,0,28,55,0,72,65,99,71,100,67,70.419998
1/22/17,90,66,27,67,49,37,68,98,80,87,60,73.650002
1/23/17,88,35,30,43,0,0,74,64,55,66,58,72.290001
1/24/17,84,46,18,70,0,0,85,66,66,53,58,72.040001
1/25/17,80,87,24,93,0,0,85,66,65,52,61,73.239998
1/26/17,81,0,25,24,0,70,82,72,54,53,65,71.169998
1/27/17,83,0,19,64,0,35,87,69,56,50,73,70.07
1/28/17,84,33,26,46,0,73,72,73,74,56,67,70.889999
1/29/17,91,34,37,85,0,0,68,83,82,52,68,71.940002
1/30/17,85,41,31,50,59,67,85,62,68,47,64,72.400002
1/31/17,83,46,23,64,100,51,83,72,58,49,61,71.830002
2/1/17,78,0,35,61,0,48,87,67,59,46,63,69.809998
2/2/17,78,0,44,70,0,36,83,67,58,50,69,69.099998
2/3/17,79,32,58,59,0,35,88,70,55,51,70,69.669998
2/4/17,84,32,100,49,0,35,67,89,80,53,73,68.860001
2/5/17,92,33,77,76,0,0,74,81,80,51,59,68.660004
2/6/17,82,35,62,81,0,39,90,68,66,49,55,67.480003
2/7/17,81,0,43,83,0,50,88,65,62,48,59,68.139999
2/8/17,81,45,47,77,0,0,89,72,60,48,63,68.889999
2/9/17,79,32,42,64,0,0,85,77,64,48,57,68.410004
2/10/17,85,0,28,43,23,34,85,75,60,49,64,69.610001
2/11/17,85,0,30,77,23,35,72,87,75,54,69,69.449997
2/12/17,91,62,32,53,23,0,73,89,84,53,66,68.730003
2/13/17,86,67,38,62,0,74,82,55,60,48,60,68.970001
2/14/17,85,43,33,40,0,47,89,70,60,51,62,72.07
2/15/17,85,42,31,64,0,46,86,72,64,46,58,70.279999
2/16/17,82,31,34,47,0,0,90,71,52,47,65,70.730003
2/17/17,82,62,26,48,0,0,88,76,61,49,70,72.790001
2/18/17,86,0,24,49,0,35,71,88,70,57,66,75.099998
2/19/17,90,67,31,62,0,0,72,80,72,55,62,73.690002
2/20/17,82,34,25,53,50,38,96,66,61,51,58,73.790001
2/21/17,82,0,29,48,0,49,91,67,58,55,58,73.32
2/22/17,82,44,25,48,33,49,92,65,65,52,63,73.349998
2/23/17,81,0,21,47,0,0,93,68,54,49,65,71.629997
2/24/17,82,31,21,52,0,34,87,74,70,54,70,71.739998
2/25/17,85,0,28,71,22,0,76,85,70,60,64,69.25
2/26/17,94,32,23,25,23,70,73,82,78,59,65,86.18
2/27/17,84,0,27,52,0,38,91,63,66,52,59,84.010002
2/28/17,82,44,29,55,0,0,96,71,54,56,100,84.040001
3/1/17,79,0,20,61,32,0,94,69,56,55,57,82.699997
3/2/17,80,65,37,40,0,72,89,73,53,53,59,78.540001
3/3/17,79,0,23,53,0,0,91,77,58,54,67,77.309998
3/4/17,81,0,25,52,22,34,74,93,76,62,66,79.709999
3/5/17,83,32,26,58,23,35,74,89,84,62,64,76.800003
3/6/17,80,66,25,67,24,0,78,65,60,57,59,79
3/7/17,82,43,27,59,0,0,92,70,64,57,61,79.139999
3/8/17,80,83,32,64,0,0,94,65,53,54,57,77.779999
3/9/17,80,91,25,75,67,100,88,66,59,56,67,74.110001
3/10/17,79,0,29,56,0,67,85,71,59,57,64,74.779999
3/11/17,83,94,26,72,0,34,70,88,71,60,67,74.870003
3/12/17,88,0,30,60,0,71,76,95,75,53,59,73.449997
3/13/17,81,34,30,68,0,38,88,61,61,50,55,72.379997
3/14/17,82,44,33,48,0,49,89,69,54,54,57,72.790001
3/15/17,80,43,36,73,0,47,93,62,55,56,56,75.019997
3/16/17,81,31,27,56,22,0,91,64,51,60,53,74.699997
3/17/17,80,0,25,95,0,34,100,67,61,57,58,77.489998
3/18/17,90,31,29,43,0,0,78,97,70,64,65,78.5
3/19/17,93,31,33,64,0,35,75,87,73,62,56,77.300003
3/20/17,84,33,25,51,25,0,94,71,62,61,54,79.25
3/21/17,85,0,28,67,0,48,89,75,60,60,57,78.650002
3/22/17,84,43,38,100,0,48,90,64,58,61,49,76.220001
3/23/17,84,61,24,80,0,67,88,72,47,77,57,79.050003
3/24/17,81,31,27,43,0,0,93,71,60,63,62,78.68
3/25/17,86,0,28,79,46,0,80,77,66,73,60,79.910004
3/26/17,94,0,26,29,0,35,76,78,70,66,54,82.699997
3/27/17,88,33,22,67,0,37,91,66,50,59,57,83.75
3/28/17,84,0,26,34,32,0,93,58,51,61,56,86.209999
3/29/17,84,44,30,75,32,0,96,74,57,63,58,84.519997
3/30/17,84,0,21,68,0,0,93,61,55,68,55,83.339996
3/31/17,83,32,32,19,0,0,97,76,57,56,64,86.279999