date,Microsoft,Glasses,Phone,Office 10,Band,Hologram,Surface,Office,Silverlight,Outlook,Price
1/1/07,68,0,43,0,0,0,0,61,0,58,29.860001
1/2/07,76,0,58,0,27,0,0,63,0,83,29.809999
1/3/07,79,0,60,0,38,0,0,71,0,99,29.639999
1/4/07,79,0,63,0,74,0,0,76,0,84,29.93
1/5/07,78,0,39,0,52,0,0,69,0,81,29.959999
1/6/07,71,0,17,0,100,0,0,66,0,75,29.66
1/7/07,75,0,62,0,0,0,0,65,0,52,30.700001
1/8/07,77,72,51,0,0,0,100,70,0,83,31.209999
1/9/07,80,0,81,0,0,0,0,71,0,91,31.16
1/10/07,81,0,67,0,23,72,0,75,0,79,31.1
1/11/07,81,0,72,0,24,0,0,73,0,86,31
1/12/07,80,0,58,0,0,0,53,68,0,78,31.110001
1/13/07,74,0,39,0,50,0,0,72,0,65,30.719999
1/14/07,72,100,33,0,66,100,0,65,0,64,30.74
1/15/07,74,0,55,0,0,0,49,67,0,75,31.09
1/16/07,77,0,50,0,0,0,0,72,0,88,30.450001
1/17/07,79,0,73,0,57,0,0,71,0,90,30.6
1/18/07,78,0,65,0,46,0,48,66,0,76,30.530001
1/19/07,77,0,62,0,24,0,0,70,0,85,30.48
1/20/07,72,0,76,0,32,0,0,66,0,62,30.860001
1/21/07,72,0,48,0,47,0,0,73,0,59,30.559999
1/22/07,76,68,45,0,22,0,0,70,0,83,30.190001
1/23/07,82,68,41,0,0,0,47,71,0,92,29.610001
1/24/07,80,69,34,0,22,0,0,71,0,92,29.51
1/25/07,79,70,51,0,23,0,0,72,0,73,29.370001
1/26/07,77,75,83,0,25,0,0,75,0,80,29.26
1/27/07,73,0,33,0,32,0,0,70,0,60,28.98
1/28/07,75,0,37,0,31,0,0,72,0,56,28.940001
1/29/07,85,0,55,0,44,0,0,73,0,72,29.01
1/30/07,100,0,45,0,22,0,47,84,0,84,29.4
1/31/07,95,0,49,0,0,0,0,88,0,87,29.459999
2/1/07,91,0,70,0,23,0,0,100,0,79,28.74
2/2/07,87,73,85,0,60,0,0,87,0,85,28.83
2/3/07,83,0,37,0,64,0,0,90,0,79,29.35
2/4/07,80,0,47,0,47,0,0,94,0,65,29.389999
2/5/07,81,68,41,0,22,0,0,87,0,69,28.9
2/6/07,82,0,44,0,0,0,47,87,0,82,29.07
2/7/07,84,0,41,0,22,0,48,86,0,86,27.870001
2/8/07,79,0,45,0,0,0,47,80,0,81,28.17
2/9/07,78,0,71,0,0,0,0,75,0,78,28.09
2/10/07,76,0,74,0,63,0,66,80,0,68,27.76
2/11/07,75,0,41,0,31,0,0,79,0,56,27.549999
2/12/07,77,0,59,0,33,0,0,75,0,85,27.83
2/13/07,78,0,59,0,33,0,0,76,100,86,27.610001
2/14/07,80,67,60,0,45,0,0,78,0,89,27.32
2/15/07,79,0,66,0,23,71,0,76,0,87,27.290001
2/16/07,78,0,62,0,41,0,0,71,0,86,27.440001
2/17/07,75,0,39,0,0,0,0,79,0,61,26.719999
2/18/07,74,0,38,0,32,0,0,72,0,58,27.4
2/19/07,77,0,63,100,47,0,0,75,0,77,27.280001
2/20/07,81,0,70,0,23,0,0,72,0,81,27.33
2/21/07,79,0,53,0,45,0,48,81,0,84,27.83
2/22/07,79,0,38,0,23,0,0,78,0,83,27.84
2/23/07,78,0,45,0,60,0,0,74,0,90,28.52
2/24/07,72,0,36,0,31,0,0,69,0,73,28.27
2/25/07,73,0,35,0,30,0,64,67,0,59,28.02
2/26/07,77,0,58,0,21,0,0,74,0,74,28.219999
2/27/07,79,0,36,0,50,0,0,76,0,87,27.719999
2/28/07,81,66,48,0,22,0,0,80,0,92,27.639999
3/1/07,80,68,71,0,66,0,46,78,0,89,27.75
3/2/07,76,0,59,0,23,0,99,72,0,94,27.870001
3/3/07,73,0,36,0,30,0,0,75,0,69,27.74
3/4/07,74,93,41,0,0,0,0,75,0,58,27.870001
3/5/07,75,0,79,0,21,0,0,76,0,79,28.5
3/6/07,80,0,89,0,0,0,0,72,0,100,28.549999
3/7/07,79,0,64,0,35,0,0,71,0,89,28.57
3/8/07,81,67,100,0,22,0,0,73,0,96,28.4
3/9/07,82,0,89,0,23,0,0,70,0,83,28.110001
3/10/07,78,0,41,0,61,0,0,69,0,80,28.540001
3/11/07,83,0,51,0,30,0,0,70,0,73,28.610001
3/12/07,79,0,36,0,32,0,0,71,0,95,28.73
3/13/07,78,66,51,0,29,0,90,73,0,88,28.85
3/14/07,76,0,29,0,22,0,0,73,0,88,28.6
3/15/07,77,0,60,0,22,0,0,71,0,84,28.690001
3/16/07,72,69,77,0,23,0,49,67,0,87,29.02
3/17/07,67,0,31,0,0,95,0,68,0,59,28.780001
3/18/07,66,0,59,0,44,0,0,67,0,52,28.790001
3/19/07,72,0,54,0,21,0,0,67,0,76,28.99
3/20/07,73,0,49,0,22,69,47,67,0,69,29.1
3/21/07,75,0,40,90,21,0,0,67,0,78,30.120001
3/22/07,75,0,51,0,64,0,46,71,0,84,29.940001
3/23/07,70,0,42,0,0,0,0,66,0,65,30.4
3/24/07,65,0,20,0,0,0,0,67,0,60,30.610001
3/25/07,65,0,51,0,0,0,0,67,0,57,30.969999
3/26/07,70,63,46,0,21,0,0,68,0,78,30.559999
3/27/07,74,0,71,0,28,0,0,68,0,83,30.709999
3/28/07,74,0,29,0,0,0,0,70,0,85,30.75
3/29/07,74,0,44,0,22,0,0,65,0,77,30.780001
3/30/07,72,0,59,0,23,0,0,67,0,81,30.58
3/31/07,66,96,37,0,31,0,0,70,0,55,35.220001
1/1/08,76,0,77,0,53,0,18,74,8,73,35.369999
1/2/08,87,0,70,82,21,0,42,83,18,95,34.380001
1/3/08,91,0,65,0,27,0,41,88,20,100,34.610001
1/4/08,87,44,67,0,18,0,34,84,21,80,33.450001
1/5/08,82,0,69,0,17,0,35,83,20,72,34.439999
1/6/08,83,0,66,0,26,0,48,84,18,71,34.330002
1/7/08,93,0,64,0,38,0,100,88,24,91,33.91
1/8/08,94,0,93,0,31,0,85,90,20,87,34.389999
1/9/08,97,40,74,0,21,0,82,93,19,97,34
1/10/08,96,0,63,0,13,0,85,93,18,93,33.23
1/11/08,90,42,57,0,0,0,57,89,18,81,33.110001
1/12/08,85,55,56,100,17,0,39,86,23,61,33.009998
1/13/08,85,0,52,0,17,0,49,88,15,68,31.959999
1/14/08,92,0,46,0,24,0,37,92,21,77,31.93
1/15/08,92,0,61,0,12,0,55,97,19,79,33.25
1/16/08,96,39,83,0,12,0,64,100,19,96,32.939999
1/17/08,94,40,71,0,19,0,53,95,18,89,32.720001
1/18/08,91,0,65,0,30,0,51,88,21,86,32.599998
1/19/08,81,0,40,0,100,0,36,89,21,64,32.200001
1/20/08,81,53,71,0,16,0,28,90,16,67,32.599998
1/21/08,89,39,42,0,16,0,50,88,21,93,30.450001
1/22/08,93,0,69,0,18,0,28,92,22,94,30.190001
1/23/08,92,0,60,0,28,0,75,94,33,94,29.07
1/24/08,92,0,72,0,28,54,64,90,31,94,28.52
1/25/08,89,0,65,0,26,0,38,88,28,93,28.120001
1/26/08,82,0,70,100,51,0,34,85,34,59,28.559999
1/27/08,80,53,62,0,22,0,21,85,28,55,28.209999
1/28/08,89,38,78,0,12,0,40,87,22,78,28.34
1/29/08,92,0,47,0,31,0,38,92,23,92,28.959999
1/30/08,92,0,86,0,12,0,53,90,23,87,28.5
1/31/08,92,0,89,0,12,0,54,98,25,88,28.42
2/1/08,100,0,70,0,26,0,43,91,26,89,28.17
2/2/08,91,54,58,0,45,0,36,85,20,68,28.219999
2/3/08,87,0,48,0,38,0,48,92,21,68,28.1
2/4/08,95,0,55,0,31,0,42,90,25,91,27.68
2/5/08,98,39,62,0,12,0,54,93,33,89,27.84
2/6/08,95,79,66,73,20,0,57,93,28,91,28.379999
2/7/08,94,0,61,0,19,0,49,95,26,85,28.26
2/8/08,90,0,73,77,33,0,55,81,24,84,27.93
2/9/08,83,53,58,0,25,0,51,86,27,64,27.200001
2/10/08,85,53,69,0,82,0,36,90,31,57,26.99
2/11/08,92,39,75,0,16,0,25,90,22,88,27.59
2/12/08,94,0,68,0,28,0,49,92,28,84,28.120001
2/13/08,94,0,100,0,30,0,37,92,28,82,27.57
2/14/08,92,0,69,0,12,0,45,86,30,92,27.870001
2/15/08,89,0,58,78,22,0,34,83,26,87,28.049999
2/16/08,81,0,63,97,16,0,26,83,20,62,29.280001
2/17/08,81,0,45,96,16,0,38,87,21,60,28.629999
2/18/08,88,39,54,0,24,0,44,84,23,87,28.620001
2/19/08,93,0,76,70,24,0,31,89,25,78,27.959999
2/20/08,94,38,66,0,24,0,39,90,19,90,28.299999
2/21/08,93,38,50,0,12,0,52,90,23,84,29.42
2/22/08,88,41,41,0,17,0,49,81,25,82,28.620001
2/23/08,79,0,67,96,16,0,19,80,22,63,29.18
2/24/08,81,50,60,93,21,0,23,83,16,62,29.17
2/25/08,88,0,90,0,27,0,32,85,23,86,29.139999
2/26/08,93,36,53,0,34,0,51,88,38,79,28.559999
2/27/08,96,0,71,0,23,0,37,91,100,88,28.049999
2/28/08,95,39,64,71,28,0,50,91,59,87,27.91
2/29/08,89,41,72,0,25,0,49,84,67,82,28.379999
3/1/08,81,0,60,0,26,0,48,89,66,61,29.5
3/2/08,84,0,54,0,23,0,39,92,69,50,29.16
3/3/08,90,37,78,0,23,51,47,86,40,87,29
3/4/08,92,37,52,0,35,0,59,88,51,90,29.16
3/5/08,92,37,48,0,23,0,62,94,52,95,29.16
3/6/08,95,38,51,0,20,0,61,92,54,99,28.75
3/7/08,88,40,48,0,25,0,42,82,52,81,28.889999
3/8/08,80,0,57,0,16,0,30,84,49,59,29.110001
3/9/08,81,49,72,0,15,0,42,85,47,58,28.280001
3/10/08,88,0,59,0,23,0,35,85,45,81,28.059999
3/11/08,94,0,62,0,17,0,37,90,52,86,28.25
3/12/08,95,37,82,0,17,0,30,90,87,89,28.950001
3/13/08,91,38,47,0,23,0,34,90,48,89,29.219999
3/14/08,86,40,56,0,21,54,29,82,35,89,30
3/15/08,78,0,64,96,24,0,35,83,44,65,30.42
3/16/08,79,0,56,0,15,0,36,81,36,66,30.25
3/17/08,86,37,70,0,19,0,44,83,33,77,31.450001
3/18/08,92,0,51,70,20,0,39,88,37,89,31.799999
3/19/08,93,39,59,0,31,0,42,86,45,86,29.83
3/20/08,90,42,66,0,26,58,34,81,40,81,28.99
3/21/08,85,0,63,0,22,0,27,83,47,81,28.639999
3/22/08,79,0,68,0,40,0,25,74,43,62,28.52
3/23/08,77,0,39,0,23,0,36,82,33,60,29.4
3/24/08,86,0,63,0,26,0,30,83,39,75,29.24
3/25/08,90,37,79,0,15,100,28,85,32,86,29.08
3/26/08,89,0,55,0,28,0,48,87,30,86,29.700001
3/27/08,86,37,56,0,19,0,32,81,33,79,29.209999
3/28/08,85,40,62,73,25,0,30,80,35,79,29.27
3/29/08,76,51,49,0,16,0,41,77,41,57,29.389999
3/30/08,78,100,75,0,23,0,32,81,38,61,20.33
3/31/08,87,36,51,0,23,0,45,86,29,85,20.52
1/1/09,60,66,57,41,27,0,20,68,59,62,20.76
1/2/09,67,50,42,0,20,0,15,80,67,74,19.51
1/3/09,66,55,42,69,45,0,23,78,53,65,20.120001
1/4/09,65,0,63,100,22,0,33,86,58,65,19.52
1/5/09,72,0,49,0,26,0,29,86,47,91,19.469999
1/6/09,74,0,59,26,34,0,17,88,50,100,19.82
1/7/09,73,0,57,25,33,0,35,86,57,90,19.09
1/8/09,78,40,53,25,50,0,32,91,51,98,19.24
1/9/09,85,42,55,40,60,50,41,86,56,84,19.709999
1/10/09,74,0,50,0,44,0,45,85,60,63,18.48
1/11/09,73,52,56,33,22,0,45,89,54,62,19.379999
1/12/09,76,0,64,0,32,47,36,90,54,98,17.110001
1/13/09,78,40,45,49,56,47,52,92,51,86,17.200001
1/14/09,77,0,60,24,40,47,52,91,61,85,17.629999
1/15/09,77,0,62,0,33,0,28,94,51,95,17.66
1/16/09,74,42,54,0,43,50,33,83,55,90,18.040001
1/17/09,70,53,38,0,43,0,46,84,49,57,17.59
1/18/09,68,0,42,32,42,0,36,91,50,60,17.1
1/19/09,74,39,41,0,32,0,43,89,48,84,17.83
1/20/09,75,0,50,24,56,0,38,93,60,92,18.5
1/21/09,77,0,62,0,40,0,29,89,50,90,18.629999
1/22/09,81,0,53,24,80,0,42,93,51,93,19.040001
1/23/09,77,42,57,34,42,0,35,88,44,86,19.66
1/24/09,69,0,51,0,53,0,35,82,67,63,19.440001
1/25/09,69,0,35,0,42,0,39,86,51,58,18.799999
1/26/09,73,0,42,24,16,0,40,85,41,81,19.209999
1/27/09,77,0,47,0,32,0,49,88,48,88,19.26
1/28/09,77,0,51,36,32,0,41,90,51,93,19.09
1/29/09,75,40,55,0,41,0,42,91,56,89,18.09
1/30/09,70,42,57,26,43,100,58,84,52,84,18.120001
1/31/09,69,0,60,32,42,0,40,91,45,70,17.91
2/1/09,67,100,35,0,20,60,36,98,49,62,18
2/2/09,72,76,42,24,31,0,43,97,42,87,17.209999
2/3/09,75,38,55,0,23,0,39,97,58,94,17.17
2/4/09,75,95,59,0,31,0,39,100,41,96,16.959999
2/5/09,72,0,43,47,24,0,33,93,49,94,16.42
2/6/09,71,0,80,25,33,0,45,86,52,90,16.15
2/7/09,64,51,74,0,31,0,24,84,57,60,15.79
2/8/09,66,0,66,46,50,0,23,92,63,56,15.88
2/9/09,72,37,75,0,23,0,26,88,44,82,16.120001
2/10/09,74,0,63,0,30,0,40,89,54,86,15.27
2/11/09,74,0,47,24,39,0,38,89,59,93,15.28
2/12/09,73,39,59,48,48,0,48,89,57,87,15.15
2/13/09,71,0,72,0,25,0,39,80,54,81,16.48
2/14/09,63,0,58,32,42,0,28,78,56,63,17.110001
2/15/09,65,0,44,32,21,0,48,85,64,57,17.01
2/16/09,71,38,97,24,32,0,38,89,45,80,16.65
2/17/09,74,38,100,23,31,45,35,90,55,91,16.25
2/18/09,73,0,73,24,16,0,28,91,66,91,16.9
2/19/09,72,39,83,24,24,0,38,90,53,86,16.959999
2/20/09,68,41,86,25,67,0,32,84,55,79,17.139999
2/21/09,66,0,71,32,52,0,24,80,53,67,17.059999
2/22/09,64,0,44,0,21,0,21,87,56,58,18.33
2/23/09,71,0,66,47,31,45,32,88,45,79,17.93
2/24/09,73,0,61,96,0,0,44,90,48,96,17.879999
2/25/09,73,0,71,47,47,0,29,90,66,87,18.83
2/26/09,73,0,62,47,31,0,39,92,100,86,18.129999
2/27/09,69,0,53,37,49,0,46,87,68,85,17.48
2/28/09,64,50,50,31,41,0,17,91,77,64,18.370001
3/1/09,65,0,41,0,20,0,20,96,73,58,19.309999
3/2/09,71,37,73,0,30,0,82,96,48,88,19.290001
3/3/09,75,37,59,23,30,0,100,98,55,88,18.75
3/4/09,73,0,59,23,15,0,69,93,63,87,18.76
3/5/09,72,38,42,24,46,45,53,95,59,92,18.76
3/6/09,68,0,61,50,25,0,44,88,46,77,19.190001
3/7/09,63,0,57,63,21,60,47,87,51,57,19.67
3/8/09,64,98,58,30,20,0,33,88,56,52,19.59
3/9/09,71,37,56,0,30,44,43,89,47,87,19.35
3/10/09,74,0,63,0,15,0,41,94,45,89,18.83
3/11/09,71,37,66,0,31,0,49,89,44,86,19.76
3/12/09,72,0,61,0,47,0,47,86,51,87,19.200001
3/13/09,70,0,44,25,33,0,65,84,52,74,18.610001
3/14/09,63,50,45,0,21,60,36,86,64,58,18.969999
3/15/09,64,49,46,0,20,0,26,90,79,59,18.780001
3/16/09,69,37,47,35,46,44,64,89,46,82,18.92
3/17/09,71,0,76,46,54,0,54,87,47,81,20.91
3/18/09,70,0,58,47,62,45,55,92,53,81,20.4
3/19/09,76,0,50,47,39,0,44,89,91,81,19.93
3/20/09,73,81,72,25,50,0,57,81,74,81,20.25
3/21/09,66,0,46,32,42,0,30,80,84,67,20.26
3/22/09,66,49,46,31,100,0,34,87,73,57,20.24
3/23/09,71,37,53,34,22,86,42,91,60,80,20.190001
3/24/09,73,0,66,45,38,0,46,90,62,85,19.790001
3/25/09,72,0,70,61,53,0,47,93,57,89,19.790001
3/26/09,73,37,42,35,46,45,57,89,52,82,19.32
3/27/09,70,80,48,25,24,48,51,80,49,81,19.42
3/28/09,63,0,42,30,30,0,25,82,67,66,30.950001
3/29/09,67,0,68,30,79,0,27,89,52,60,30.959999
3/30/09,75,0,60,30,22,0,45,87,56,82,30.77
3/31/09,100,0,58,34,15,0,43,95,59,86,30.450001
1/1/10,78,81,36,65,37,0,15,68,40,57,30.66
1/2/10,82,0,24,63,94,0,16,74,37,59,30.27
1/3/10,84,66,29,69,91,0,11,79,33,76,30.07
1/4/10,91,51,45,64,46,0,14,82,30,98,30.35
1/5/10,95,51,47,68,38,82,29,84,33,98,30.959999
1/6/10,97,0,49,74,59,0,35,87,34,89,30.860001
1/7/10,100,50,44,70,23,0,35,83,32,97,31.1
1/8/10,93,52,34,67,32,85,38,76,23,87,30.59
1/9/10,85,63,38,77,29,0,27,80,38,71,30.01
1/10/10,89,0,31,81,57,0,24,91,34,65,28.959999
1/11/10,94,49,38,73,52,80,21,90,27,87,29.32
1/12/10,96,48,45,74,97,0,44,90,26,100,29.5
1/13/10,96,48,38,81,66,78,26,92,33,89,29.67
1/14/10,97,100,34,72,38,0,25,90,33,92,29.16
1/15/10,91,51,33,69,47,84,38,80,31,87,28.18
1/16/10,87,0,40,73,72,0,17,84,29,65,28.41
1/17/10,88,62,34,81,38,100,29,86,33,58,28.459999
1/18/10,94,0,29,76,44,79,17,87,21,79,28.629999
1/19/10,96,48,40,65,65,0,22,88,39,93,27.84
1/20/10,99,0,39,77,80,0,25,88,100,85,28.02
1/21/10,100,48,38,81,96,78,28,90,52,96,27.719999
1/22/10,97,51,34,70,85,0,30,86,46,86,28.01
1/23/10,89,63,38,81,99,0,27,88,50,76,27.99
1/24/10,88,0,37,70,83,99,30,88,45,63,28.120001
1/25/10,92,0,37,71,100,0,23,88,34,89,27.93
1/26/10,97,95,41,68,94,0,36,86,37,90,28.35
1/27/10,97,71,50,69,50,0,38,85,38,94,28.59
1/28/10,99,48,51,68,59,0,100,85,39,93,28.969999
1/29/10,92,0,36,75,39,0,55,77,38,84,28.77
1/30/10,88,62,42,73,56,0,32,82,36,73,28.73
1/31/10,92,0,35,79,65,0,35,100,38,65,28.33
2/1/10,96,47,36,79,86,0,27,94,30,95,28.629999
2/2/10,100,0,40,75,65,77,29,93,36,95,28.6
2/3/10,97,0,37,83,58,0,30,93,33,86,28.67
2/4/10,96,0,35,89,33,0,27,87,32,90,29.02
2/5/10,92,50,35,73,57,0,38,85,31,78,28.459999
2/6/10,85,62,45,92,66,0,31,83,40,66,28.459999
2/7/10,88,0,27,91,46,0,21,90,33,59,28.629999
2/8/10,93,0,33,79,65,0,30,85,30,77,28.59
2/9/10,97,47,31,78,50,77,40,90,34,88,28.629999
2/10/10,96,0,35,77,97,0,42,88,29,90,28.799999
2/11/10,96,0,39,70,22,79,49,84,37,88,28.969999
2/12/10,91,51,39,76,0,0,57,81,44,82,29.18
2/13/10,82,63,38,89,29,0,45,77,62,57,29.27
2/14/10,83,0,32,84,68,0,30,82,71,58,29.290001
2/15/10,92,51,89,85,54,0,28,84,55,81,29.370001
2/16/10,98,98,100,80,56,0,30,84,60,85,29.629999
2/17/10,95,49,73,82,44,0,39,87,58,83,29.610001
2/18/10,98,0,49,79,74,0,48,84,50,89,29.59
2/19/10,92,51,38,83,77,0,26,79,54,84,29.6
2/20/10,87,62,46,92,28,0,26,82,43,65,29.879999
2/21/10,90,60,47,85,45,0,28,86,62,65,29.65
2/22/10,95,93,49,69,64,75,19,86,44,89,30.01
2/23/10,98,93,48,75,92,0,32,86,43,85,29.66
2/24/10,97,0,45,83,57,0,28,91,53,85,29.59
2/25/10,95,0,40,73,36,0,33,82,46,82,29.77
2/26/10,89,74,34,71,45,0,23,75,48,83,29.290001
2/27/10,84,61,34,88,55,0,17,79,51,61,29.16
2/28/10,87,0,42,93,40,0,18,92,52,62,29.27
3/1/10,95,47,43,89,43,0,22,90,36,88,29.32
3/2/10,97,47,47,84,71,0,33,89,33,92,29.35
3/3/10,97,47,45,84,50,0,27,89,35,84,29.92
3/4/10,95,48,39,80,66,0,32,86,34,82,30.34
3/5/10,91,51,59,84,38,0,35,79,32,89,30.32
3/6/10,87,0,50,100,65,0,28,81,46,60,30.450001
3/7/10,89,61,49,93,27,0,16,90,41,66,30.82
3/8/10,92,70,42,84,64,0,25,84,37,82,30.870001
3/9/10,97,47,46,92,57,0,27,87,32,94,30.67
3/10/10,98,0,46,83,50,0,25,91,35,89,31.040001
3/11/10,96,0,34,90,43,0,25,85,33,90,31.360001
3/12/10,91,99,41,89,75,0,20,80,37,83,31.33
3/13/10,84,0,38,93,64,0,24,80,43,63,31.389999
3/14/10,84,0,32,95,90,0,29,84,37,59,30.959999
3/15/10,92,0,45,86,84,0,34,85,37,86,31.110001
3/16/10,95,94,45,88,65,0,30,84,34,88,30.85
3/17/10,95,0,45,83,65,0,23,82,38,89,30.91
3/18/10,93,97,30,81,66,0,29,81,37,90,31
3/19/10,89,50,33,87,39,0,18,78,48,84,30.540001
3/20/10,80,61,43,86,56,0,28,76,38,54,30.860001
3/21/10,83,0,47,91,68,0,37,84,49,56,30.129999
3/22/10,90,0,46,88,35,76,35,81,33,84,29.85
3/23/10,93,62,47,85,43,76,26,82,33,81,28.98
3/24/10,93,47,41,82,22,77,26,84,34,91,28.209999
3/25/10,92,0,41,82,44,0,34,78,36,87,28.940001
3/26/10,86,0,49,71,46,0,20,73,37,86,27.98
3/27/10,79,0,42,89,76,0,19,76,33,58,28.09
3/28/10,82,0,41,93,66,0,26,80,44,50,28
3/29/10,90,47,48,79,78,0,21,79,30,95,28.82
3/30/10,96,47,50,79,65,0,17,79,31,86,28.6
3/31/10,96,0,42,81,89,0,21,81,38,85,28.219999
1/1/11,71,0,64,77,38,0,14,68,83,52,28.110001
1/2/11,81,100,69,90,33,0,11,83,100,61,28.549999
1/3/11,91,0,82,94,37,0,16,92,75,93,28.190001
1/4/11,96,0,75,100,62,34,15,97,74,95,28.299999
1/5/11,98,0,62,96,57,0,16,95,85,100,28.66
1/6/11,98,40,77,92,26,0,100,94,90,88,28.469999
1/7/11,93,0,56,88,42,35,76,88,82,96,28.35
1/8/11,84,95,68,91,47,0,48,88,80,62,28.02
1/9/11,85,46,68,97,49,41,40,90,84,62,28.379999
1/10/11,95,38,62,90,15,0,38,94,87,92,28.450001
1/11/11,96,74,60,93,25,33,37,96,70,95,28.780001
1/12/11,97,0,68,94,34,33,23,96,67,96,28.870001
1/13/11,97,38,72,89,30,100,21,96,74,91,27.75
1/14/11,91,39,55,85,46,0,27,87,77,78,27.73
1/15/11,83,46,70,91,37,0,22,87,71,57,27.99
1/16/11,85,45,69,97,30,40,23,92,78,60,27.940001
1/17/11,93,36,62,89,54,0,26,90,71,86,27.65
1/18/11,98,0,74,93,34,32,23,100,71,89,27.77
1/19/11,98,74,92,95,44,33,21,95,68,89,28.200001
1/20/11,98,37,80,94,15,33,31,95,66,87,28.280001
1/21/11,92,39,73,87,36,0,23,86,56,87,27.969999
1/22/11,84,0,61,90,24,0,16,86,82,61,27.5
1/23/11,85,0,70,98,48,0,21,91,79,54,27.25
1/24/11,94,0,66,92,33,32,20,92,63,88,27.23
1/25/11,96,36,55,96,38,0,19,93,75,84,26.959999
1/26/11,98,0,57,91,53,0,19,91,67,84,27.02
1/27/11,100,37,67,94,20,33,37,90,70,87,27.209999
1/28/11,93,58,61,82,72,35,23,84,75,85,27.059999
1/29/11,88,44,62,99,47,0,13,87,76,59,26.59
1/30/11,89,87,66,91,34,0,19,91,88,53,26.59
1/31/11,96,68,61,92,23,0,18,92,69,86,26.77
2/1/11,100,70,68,92,74,0,15,92,71,87,26.549999
2/2/11,98,0,57,92,37,0,17,91,70,83,26.58
2/3/11,95,53,68,87,28,0,20,88,69,85,26.16
2/4/11,91,37,52,85,22,33,16,82,65,82,26.08
2/5/11,85,0,65,89,47,0,17,84,77,56,26.200001
2/6/11,84,0,45,94,29,0,16,87,75,54,25.950001
2/7/11,92,35,76,93,33,31,14,86,61,84,25.719999
2/8/11,98,36,62,90,38,0,19,91,60,91,25.91
2/9/11,96,36,63,92,53,0,18,91,61,83,25.889999
2/10/11,98,37,72,91,49,33,30,89,68,88,25.41
2/11/11,95,38,100,79,53,34,15,80,62,76,25.68
2/12/11,84,0,78,86,80,0,14,81,66,52,25.690001
2/13/11,85,44,82,89,44,0,11,87,84,59,25.389999
2/14/11,91,36,70,83,24,0,16,83,69,76,24.790001
2/15/11,93,58,80,90,48,31,18,87,100,89,24.780001
2/16/11,96,35,70,87,33,0,20,90,75,83,24.799999
2/17/11,94,37,70,85,48,32,16,88,78,82,25.33
2/18/11,88,38,77,83,35,34,22,81,74,77,25.299999
2/19/11,80,0,50,90,30,0,10,78,80,54,25.540001
2/20/11,79,0,60,92,23,0,13,86,86,51,25.809999
2/21/11,89,35,61,89,28,0,17,87,77,72,25.620001
2/22/11,95,35,64,96,33,0,22,89,68,83,25.41
2/23/11,96,36,70,92,38,0,23,89,79,81,25.49
2/24/11,94,36,72,93,29,32,29,87,72,82,25.610001
2/25/11,91,0,66,88,50,0,17,83,66,83,25.389999
2/26/11,81,44,73,94,61,0,15,81,74,53,25.48
2/27/11,83,65,66,93,34,0,16,87,79,51,25.549999
2/28/11,91,0,51,90,37,0,23,87,69,78,25.780001
3/1/11,95,0,64,91,33,0,23,92,69,83,26.15
3/2/11,96,36,79,95,100,32,12,95,87,88,26.200001
3/3/11,94,36,68,88,58,0,21,90,67,87,26.07
3/4/11,89,38,55,91,30,0,18,82,64,84,25.98
3/5/11,81,45,63,86,48,0,11,82,67,55,25.639999
3/6/11,82,45,64,95,27,40,16,88,83,56,25.629999
3/7/11,90,0,45,87,72,0,15,89,72,82,25.42
3/8/11,93,37,48,92,39,0,20,85,76,82,25.370001
3/9/11,94,36,60,93,57,0,20,91,71,83,25.08
3/10/11,95,35,61,93,28,0,11,89,69,82,25.15
3/11/11,84,0,68,78,24,0,15,78,63,69,25.76
3/12/11,73,45,55,85,42,0,15,78,68,49,25.52
3/13/11,76,44,36,91,35,0,9,82,76,48,25.610001
3/14/11,87,0,60,86,34,0,19,82,71,82,26.190001
3/15/11,95,36,50,81,43,0,17,87,61,85,26.379999
3/16/11,93,35,65,87,51,31,14,87,66,80,26.709999
3/17/11,92,0,46,88,38,0,17,84,82,79,25.92
3/18/11,87,0,64,81,25,0,17,77,77,75,25.66
3/19/11,77,0,46,80,35,0,16,78,81,48,25.809999
3/20/11,80,0,55,97,29,0,10,82,94,48,26.059999
3/21/11,89,71,52,94,56,0,15,85,68,80,25.790001
3/22/11,93,0,55,88,28,0,12,87,63,81,25.870001
3/23/11,92,0,51,89,38,0,13,89,73,79,25.83
3/24/11,91,36,50,86,24,0,16,87,68,81,25.67
3/25/11,85,38,49,78,30,33,15,79,77,74,26.77
3/26/11,78,67,46,91,18,0,10,77,82,53,27.4
3/27/11,81,43,67,93,17,0,12,83,78,52,27.68
3/28/11,90,35,66,89,42,0,16,86,75,78,28.110001
3/29/11,93,0,64,89,21,0,14,90,62,82,27.74
3/30/11,93,0,66,93,28,0,15,87,60,87,27.84
3/31/11,91,0,48,88,38,0,22,84,63,82,27.719999
1/1/12,65,96,55,70,25,0,45,68,59,41,28
1/2/12,79,37,69,82,67,0,27,82,82,66,28.25
1/3/12,86,0,53,84,89,44,51,86,78,89,28.26
1/4/12,93,35,57,90,18,0,48,96,76,93,28.23
1/5/12,91,0,71,86,80,44,42,91,74,88,28.120001
1/6/12,87,54,50,85,37,0,43,85,76,85,29.709999
1/7/12,77,82,50,86,21,0,46,81,75,55,29.73
1/8/12,79,0,57,98,20,100,51,93,85,49,29.34
1/9/12,92,67,61,88,69,0,65,94,73,87,29.559999
1/10/12,97,50,70,94,59,84,65,97,65,97,29.5
1/11/12,96,34,63,94,77,42,74,100,77,91,29.23
1/12/12,95,34,72,89,17,0,50,93,68,100,29.610001
1/13/12,88,69,61,86,62,0,58,85,69,88,29.530001
1/14/12,77,40,46,89,41,0,45,83,78,49,29.889999
1/15/12,80,0,55,88,41,0,33,87,81,51,29.950001
1/16/12,90,33,72,89,34,42,65,87,68,80,30.24
1/17/12,92,100,55,87,42,42,67,89,73,95,30.200001
1/18/12,93,33,68,89,50,42,73,91,74,86,30.35
1/19/12,91,67,63,86,34,42,83,87,62,90,30.66
1/20/12,86,35,62,78,45,44,32,81,66,82,30.77
1/21/12,75,0,49,83,51,0,40,79,80,51,30.5
1/22/12,77,0,53,92,100,50,54,84,76,50,30.58
1/23/12,87,44,65,90,34,0,85,87,62,86,30.25
1/24/12,93,33,55,87,25,42,86,90,76,85,30.049999
1/25/12,91,0,59,88,42,0,61,89,70,83,31.290001
1/26/12,88,45,52,80,34,0,71,83,70,84,31.25
1/27/12,85,35,63,80,44,44,64,81,67,79,31.440001
1/28/12,73,0,60,79,41,51,41,80,83,54,31.27
1/29/12,78,39,52,90,40,0,58,85,83,49,31.370001
1/30/12,90,49,53,83,83,41,57,86,71,81,31.48
1/31/12,90,81,59,89,41,0,57,89,69,90,31.35
2/1/12,90,32,62,88,33,0,57,85,71,88,31.870001
2/2/12,88,0,60,84,42,42,43,83,54,80,31.74
2/3/12,84,34,61,79,35,43,35,78,63,76,32.290001
2/4/12,73,59,52,78,40,0,44,75,67,51,32.080002
2/5/12,74,0,50,84,20,49,61,80,95,46,31.799999
2/6/12,85,49,62,84,33,0,42,87,71,88,31.559999
2/7/12,90,32,68,87,33,0,51,90,66,90,31.84
2/8/12,91,33,62,87,50,42,66,90,63,85,32.009998
2/9/12,89,33,50,84,67,0,64,85,70,92,31.99
2/10/12,84,0,61,75,26,0,57,77,74,77,32.040001
2/11/12,73,0,54,76,50,50,40,76,74,54,32.669998
2/12/12,72,38,46,81,0,0,38,78,79,39,32.77
2/13/12,85,32,66,80,25,0,36,84,63,84,32.849998
2/14/12,86,33,44,82,17,0,52,79,76,85,32.599998
2/15/12,92,33,49,85,59,0,70,88,100,92,32.200001
2/16/12,91,67,57,86,93,0,49,83,98,89,31.99
2/17/12,84,0,47,79,52,0,60,76,100,79,31.91
2/18/12,73,40,58,78,51,0,36,77,91,53,32
2/19/12,76,0,45,89,20,0,29,84,90,52,32.009998
2/20/12,86,34,48,85,43,0,59,87,81,77,32.59
2/21/12,90,33,62,85,25,42,40,88,78,86,32.52
2/22/12,92,98,58,85,33,0,100,88,87,89,32.189999
2/23/12,89,65,46,86,33,0,55,84,79,87,32.119999
2/24/12,82,0,57,79,60,42,41,81,72,78,32.259998
2/25/12,73,39,46,80,60,0,43,78,76,53,32.290001
2/26/12,76,0,56,86,29,0,50,84,92,47,31.940001
2/27/12,87,32,60,80,57,41,21,89,76,79,31.209999
2/28/12,91,64,50,87,16,0,65,90,69,81,31.52
2/29/12,100,33,70,89,50,0,72,91,67,83,31.1
3/1/12,100,34,69,87,79,0,70,94,78,94,30.469999
3/2/12,93,35,62,83,36,44,72,88,64,83,30.35
3/3/12,82,40,50,87,21,0,19,84,79,50,30.98
3/4/12,83,40,48,100,51,0,49,93,95,51,30.809999
3/5/12,92,0,64,95,25,42,58,92,73,85,31.08
3/6/12,92,48,54,89,58,0,51,90,80,83,31.440001
3/7/12,89,0,51,83,25,40,39,87,72,80,31.139999
3/8/12,88,50,51,86,51,0,61,86,71,83,31.01
3/9/12,84,34,62,75,69,0,79,80,64,79,32.419998
3/10/12,73,0,54,82,30,0,65,78,70,44,32.119999
3/11/12,75,79,51,90,30,50,25,85,78,46,31.92
3/12/12,87,32,53,85,41,0,45,90,66,82,32.200001
3/13/12,89,96,68,87,33,40,41,89,69,87,32.110001
3/14/12,90,32,45,86,33,0,42,89,75,80,31.98
3/15/12,89,66,51,84,59,0,61,84,58,85,32.02
3/16/12,83,34,57,82,17,0,54,81,72,72,32.009998
3/17/12,73,53,38,78,81,0,51,79,77,47,31.799999
3/18/12,73,39,44,83,30,0,29,83,77,41,31.76
3/19/12,86,81,53,84,58,41,52,88,69,88,30.98
3/20/12,88,32,62,85,74,0,66,89,72,85,30.65
3/21/12,88,32,52,87,75,41,48,88,66,89,30.5
3/22/12,86,33,66,83,17,0,61,84,64,77,30.76
3/23/12,79,35,49,75,36,0,41,74,67,74,30.74
3/24/12,69,0,44,71,31,0,33,73,72,48,31.16
3/25/12,72,81,39,83,31,0,37,78,79,39,30.68
3/26/12,85,32,76,84,49,0,84,82,66,82,30.209999
3/27/12,87,65,93,82,50,0,75,86,78,87,27.620001
3/28/12,87,33,90,84,50,42,33,84,71,83,27.25
3/29/12,86,44,100,83,42,42,58,84,78,78,26.74
3/30/12,77,0,80,72,36,0,45,72,71,72,26.690001
3/31/12,68,0,62,73,40,0,47,68,75,42,26.549999
1/1/13,66,60,74,68,76,0,74,63,22,48,26.700001
1/2/13,84,31,100,83,45,0,78,78,25,91,26.459999
1/3/13,87,53,96,91,39,44,65,80,25,87,26.83
1/4/13,85,47,97,86,46,45,66,80,25,80,26.889999
1/5/13,75,26,81,84,51,0,68,73,23,56,27.209999
1/6/13,75,39,70,90,25,0,81,78,26,47,27.040001
1/7/13,88,34,88,95,43,0,68,86,23,82,27.25
1/8/13,91,29,82,92,27,42,55,84,21,91,27.25
1/9/13,93,22,88,97,69,43,59,89,20,100,27.15
1/10/13,96,22,92,92,65,0,62,87,21,91,27.610001
1/11/13,88,23,83,84,72,44,61,79,26,86,27.629999
1/12/13,78,26,87,87,57,99,63,78,25,54,27.879999
1/13/13,80,25,72,94,62,0,71,84,26,53,27.91
1/14/13,91,22,74,99,100,0,62,88,21,87,28.01
1/15/13,91,43,86,97,41,41,61,86,23,89,27.85
1/16/13,91,51,86,96,26,0,55,87,23,89,27.450001
1/17/13,91,22,87,95,64,0,50,86,21,84,27.93
1/18/13,85,38,84,88,38,0,55,78,19,84,27.440001
1/19/13,75,26,75,85,37,0,49,75,24,52,27.5
1/20/13,77,38,62,85,62,0,54,81,28,46,27.34
1/21/13,89,21,76,92,41,0,56,83,25,75,27.280001
1/22/13,93,87,77,95,37,41,63,89,22,90,27.549999
1/23/13,94,65,92,95,68,41,63,86,25,87,27.860001
1/24/13,92,0,89,90,64,0,55,84,22,90,27.879999
1/25/13,87,45,97,81,38,0,55,78,22,81,28.030001
1/26/13,77,39,78,83,38,100,49,76,23,52,28.040001
1/27/13,79,34,63,94,43,0,50,83,25,47,28.01
1/28/13,90,32,86,91,42,41,49,86,21,87,28.049999
1/29/13,100,36,93,100,52,41,53,100,20,90,27.870001
1/30/13,98,32,92,95,78,0,62,100,19,85,27.49
1/31/13,95,33,99,94,26,42,54,96,21,91,27.76
2/1/13,91,38,78,84,39,43,51,87,22,89,27.370001
2/2/13,78,34,67,87,19,0,51,79,24,53,27.370001
2/3/13,78,25,81,94,18,0,48,86,23,54,27.809999
2/4/13,89,22,73,91,52,0,52,87,22,86,27.799999
2/5/13,92,86,89,90,47,0,59,88,20,86,27.950001
2/6/13,92,43,82,90,37,0,69,83,21,91,28.15
2/7/13,92,22,76,90,58,63,58,86,22,87,28.35
2/8/13,85,34,88,81,55,44,70,78,22,85,28.09
2/9/13,77,35,92,82,63,0,91,77,22,54,28.139999
2/10/13,79,26,70,91,66,0,100,82,22,53,28
2/11/13,90,22,83,89,64,0,93,84,19,80,27.870001
2/12/13,91,44,71,90,59,0,80,86,21,85,27.91
2/13/13,89,33,77,87,73,0,77,86,20,89,27.92
2/14/13,87,0,78,79,54,0,69,78,21,80,28.139999
2/15/13,84,30,67,78,44,0,68,74,19,80,28.040001
2/16/13,76,51,74,83,47,0,65,79,22,55,28.1
2/17/13,78,25,74,93,49,98,72,82,22,47,28.18
2/18/13,88,32,83,91,31,0,59,85,22,89,28.32
2/19/13,92,28,87,90,77,82,59,87,21,100,28.110001
2/20/13,95,29,75,89,52,0,53,87,23,98,28.25
2/21/13,94,100,87,86,36,0,54,85,21,97,28.16
2/22/13,88,52,87,82,65,0,51,79,22,88,28.16
2/23/13,78,25,68,85,46,0,57,78,24,62,28.370001
2/24/13,80,62,58,89,36,47,55,82,27,54,28.610001
2/25/13,90,21,82,87,56,0,51,85,22,95,28.610001
2/26/13,92,63,88,92,30,0,54,85,19,96,28.799999
2/27/13,91,35,80,92,31,41,49,87,24,92,28.559999
2/28/13,91,22,73,91,79,0,50,87,22,87,28.6
3/1/13,86,37,78,83,32,0,53,78,22,84,28.700001
3/2/13,74,38,72,87,49,0,53,79,20,56,28.59
3/3/13,77,38,72,90,36,0,52,84,23,48,29.610001
3/4/13,90,28,82,88,23,41,46,86,21,84,30.280001
3/5/13,90,64,72,92,26,0,44,85,22,97,28.940001
3/6/13,90,64,75,91,46,0,40,84,23,92,28.790001
3/7/13,92,64,80,87,31,0,41,85,24,94,28.690001
3/8/13,82,59,84,77,32,0,41,77,19,78,28.969999
3/9/13,74,25,76,86,48,0,39,78,23,49,28.83
3/10/13,74,49,68,90,30,0,40,84,22,50,28.790001
3/11/13,87,28,77,89,30,40,40,86,20,85,29.77
3/12/13,89,69,79,88,35,0,40,86,24,79,30.83
3/13/13,90,28,74,88,45,40,39,85,60,89,30.6
3/14/13,91,21,69,83,53,0,39,82,100,90,31.76
3/15/13,84,44,87,81,64,0,40,75,77,85,31.940001
3/16/13,74,33,67,81,60,0,42,74,63,58,31.790001
3/17/13,77,37,65,92,35,0,45,83,57,54,32.610001
3/18/13,87,83,81,90,25,40,40,85,47,90,33.099998
3/19/13,91,35,81,92,20,0,40,90,45,92,32.720001
3/20/13,89,63,77,89,66,0,35,86,37,88,33.16
3/21/13,87,21,85,82,21,0,36,83,34,92,33.490002
3/22/13,80,22,69,73,26,0,34,74,29,78,33.75
3/23/13,71,25,77,80,45,0,38,75,29,52,33.310001
3/24/13,73,37,64,89,44,0,38,80,31,51,32.990002
3/25/13,85,42,85,84,20,0,42,83,26,84,32.66
3/26/13,86,32,77,86,46,41,33,81,26,89,32.689999
3/27/13,85,22,74,81,21,42,34,80,27,82,33.029999
3/28/13,81,56,71,77,38,0,37,74,26,87,33.529999
3/29/13,74,24,57,74,58,0,36,73,27,73,33.849998
3/30/13,66,26,74,71,47,0,33,68,25,48,37.16
3/31/13,68,79,49,80,70,0,38,71,28,48,36.91
1/1/14,64,0,76,63,42,0,90,61,60,48,36.130001
1/2/14,82,31,92,82,62,0,99,78,64,87,36.41
1/3/14,80,62,100,80,41,0,100,77,67,79,35.759998
1/4/14,73,35,90,78,45,0,95,74,69,57,35.529999
1/5/14,73,34,80,90,45,51,87,80,62,57,36.040001
1/6/14,87,45,93,93,100,0,92,88,61,99,34.98
1/7/14,89,48,97,89,58,0,85,88,56,100,35.779999
1/8/14,91,44,83,100,96,0,86,92,56,98,36.759998
1/9/14,91,29,77,91,39,0,86,89,52,99,36.889999
1/10/14,85,60,79,84,40,0,86,81,58,93,36.380001
1/11/14,72,34,89,86,60,51,76,76,60,55,36.169998
1/12/14,74,34,82,97,60,50,82,84,64,54,35.93
1/13/14,89,28,97,97,50,0,82,89,59,92,36.060001
1/14/14,92,29,82,95,95,0,81,90,54,87,36.810001
1/15/14,92,43,90,96,63,43,75,91,58,93,36.029999
1/16/14,90,44,84,91,51,0,75,90,56,94,36.27
1/17/14,86,60,85,78,70,0,73,79,49,95,36.66
1/18/14,75,68,92,81,68,0,74,78,66,58,36.860001
1/19/14,75,100,77,92,59,0,80,81,59,49,37.84
1/20/14,87,58,83,91,64,43,83,85,52,83,36.48
1/21/14,91,43,71,86,56,0,72,87,60,98,36.349998
1/22/14,91,57,88,86,75,0,71,88,63,96,35.82
1/23/14,89,58,85,82,32,0,78,84,56,93,36.18
1/24/14,85,45,82,74,66,0,91,78,50,90,36.560001
1/25/14,71,0,79,76,60,0,72,70,54,52,36.799999
1/26/14,72,33,66,87,44,50,83,78,60,54,37.169998
1/27/14,88,0,81,82,50,0,75,85,52,93,37.470001
1/28/14,90,65,87,80,74,0,78,84,57,94,37.610001
1/29/14,89,28,76,83,69,0,73,83,53,97,37.619999
1/30/14,88,29,75,80,26,43,73,81,50,94,37.419998
1/31/14,86,60,82,76,53,45,83,74,56,82,37.509998
2/1/14,74,0,74,76,59,0,99,73,77,56,37.75
2/2/14,73,65,73,83,44,49,81,75,80,49,37.98
2/3/14,87,47,84,82,44,0,71,81,67,90,37.689999
2/4/14,100,28,90,86,69,0,78,86,74,95,37.540001
2/5/14,98,57,96,85,38,43,74,86,69,94,37.470001
2/6/14,89,98,72,82,86,0,68,80,58,91,37.860001
2/7/14,84,33,82,72,54,0,66,73,54,85,38.310001
2/8/14,72,33,86,77,66,0,69,71,60,55,37.779999
2/9/14,73,33,72,84,65,49,67,79,59,51,38.41
2/10/14,87,56,86,84,37,0,73,84,49,91,38.110001
2/11/14,91,28,80,85,37,0,78,84,50,92,38.150002
2/12/14,91,57,87,87,57,0,73,86,54,95,37.900002
2/13/14,88,38,85,80,70,0,71,80,58,95,37.82
2/14/14,78,30,82,69,59,0,63,68,55,80,38.02
2/15/14,69,33,91,79,60,0,69,69,75,55,38.27
2/16/14,73,66,68,87,22,0,83,77,73,49,37.889999
2/17/14,85,57,78,84,50,0,76,81,72,88,37.700001
2/18/14,89,56,82,85,56,0,72,85,63,93,38.049999
2/19/14,90,57,85,88,44,0,74,82,52,87,39.549999
2/20/14,88,29,76,82,69,0,69,82,51,92,39.27
2/21/14,83,0,83,73,59,0,65,73,55,86,40.330002
2/22/14,71,67,86,75,44,0,67,72,57,50,40.16
2/23/14,73,33,74,87,59,50,76,79,64,52,40.5
2/24/14,88,42,92,83,28,0,63,82,47,89,40.34
2/25/14,91,28,92,86,37,0,68,86,53,92,39.790001
2/26/14,89,56,84,88,56,0,68,85,53,94,39.360001
2/27/14,88,85,92,88,57,0,68,82,49,87,40.299999
2/28/14,84,30,94,78,66,0,66,73,45,88,40.990002
3/1/14,71,33,87,77,89,0,69,71,56,55,41.419998
3/2/14,73,0,73,78,73,0,68,77,62,50,41.349998
3/3/14,88,28,89,88,50,42,66,86,52,87,41.009998
3/4/14,88,29,88,84,51,0,63,84,52,93,39.869999
3/5/14,89,29,89,82,44,0,66,85,56,93,39.799999
3/6/14,89,29,79,78,64,0,73,81,47,93,39.82
3/7/14,81,30,88,76,79,0,71,71,48,84,40.470001
3/8/14,67,34,79,81,34,0,64,68,57,49,39.360001
3/9/14,70,67,76,90,51,100,65,75,56,48,39.209999
3/10/14,86,57,77,86,57,0,69,82,49,93,39.18
3/11/14,91,29,80,81,25,0,64,82,61,92,39.75
3/12/14,89,76,91,86,19,0,61,82,100,91,40.400002
3/13/14,88,29,77,83,57,0,63,81,93,87,40.009998
3/14/14,80,30,75,78,90,0,67,73,92,81,39.939999
3/15/14,69,33,75,79,59,0,65,72,83,52,39.990002
3/16/14,71,0,74,89,43,0,66,74,85,50,39.689999
3/17/14,85,28,81,78,44,84,68,81,63,85,39.860001
3/18/14,89,47,73,85,31,0,65,85,70,91,39.91
3/19/14,89,56,74,83,56,0,67,84,69,90,40.869999
3/20/14,87,29,87,77,63,0,65,82,67,88,40.509998
3/21/14,79,50,82,73,33,0,66,73,66,88,40.400002
3/22/14,70,33,73,75,59,0,66,70,73,49,40
3/23/14,71,32,69,85,64,0,63,76,73,54,39.689999
3/24/14,86,28,74,82,55,0,69,83,65,93,39.43
3/25/14,89,28,76,83,31,0,65,84,68,98,39.060001
3/26/14,91,42,75,82,19,0,67,84,63,93,39.419998
3/27/14,93,86,85,83,51,0,67,100,55,94,39.639999
3/28/14,92,59,85,69,66,44,71,100,60,89,39.540001
3/29/14,74,0,74,70,59,0,65,88,56,51,39.970001
3/30/14,74,0,76,83,44,49,65,87,65,52,40.419998
3/31/14,87,56,88,76,65,0,63,88,56,96,40.240002
1/1/15,54,0,81,63,41,0,69,65,80,44,39.599998
1/2/15,65,3,92,84,39,0,66,82,87,73,46.759998
1/3/15,61,6,86,90,41,0,57,81,75,50,46.330002
1/4/15,62,3,78,89,41,0,80,86,100,47,45.650002
1/5/15,76,2,94,97,47,0,68,98,75,95,46.23
1/6/15,77,7,91,100,38,0,61,98,73,91,47.59
1/7/15,76,4,84,91,41,0,60,97,68,91,47.189999
1/8/15,76,2,86,97,38,0,60,92,85,90,46.599998
1/9/15,72,2,85,85,32,1,60,88,71,85,46.360001
1/10/15,62,5,86,84,29,1,62,82,75,52,45.959999
1/11/15,63,5,88,93,35,0,75,88,74,50,45.48
1/12/15,78,7,94,91,34,0,71,99,75,91,46.240002
1/13/15,79,5,89,97,29,0,64,100,75,100,46.389999
1/14/15,80,2,80,98,38,0,57,99,80,89,45.919998
1/15/15,78,2,76,92,32,0,61,97,76,88,47.130001
1/16/15,74,2,84,83,30,0,55,86,70,80,47.18
1/17/15,62,11,76,86,32,0,59,81,81,54,47.009998
1/18/15,63,5,73,97,26,0,61,88,88,50,42.66
1/19/15,75,5,73,95,45,0,64,95,83,84,41.189999
1/20/15,79,2,84,92,35,1,60,99,81,92,42.009998
1/21/15,91,22,99,97,31,37,71,99,79,92,40.400002
1/22/15,100,100,100,93,33,100,78,97,74,96,41.279999
1/23/15,85,71,87,85,34,51,64,87,93,84,41.599998
1/24/15,71,39,87,88,28,30,62,83,82,51,41.84
1/25/15,70,40,73,97,26,26,61,89,92,47,42.450001
1/26/15,82,44,75,88,23,20,63,94,92,85,42.41
1/27/15,85,44,88,96,29,22,70,95,87,89,42.360001
1/28/15,85,41,82,92,26,21,69,96,86,90,42.599998
1/29/15,84,32,89,92,24,19,67,92,71,99,42.380001
1/30/15,76,19,80,83,28,15,65,87,82,100,43.09
1/31/15,66,30,82,84,22,13,63,81,95,64,43.869999
2/1/15,66,23,77,87,24,10,63,87,92,55,43.580002
2/2/15,81,21,78,88,25,11,74,93,79,95,43.529999
2/3/15,82,30,88,90,27,7,63,96,84,96,43.5
2/4/15,82,17,80,89,24,6,66,94,69,93,43.860001
2/5/15,80,15,83,87,26,8,60,92,78,99,44.150002
2/6/15,76,17,78,85,21,7,63,87,71,85,44.09
2/7/15,63,21,87,86,25,3,60,81,95,51,43.990002
2/8/15,65,20,80,96,20,7,60,88,95,49,44.060001
2/9/15,78,9,78,90,23,5,68,94,78,86,43.849998
2/10/15,80,13,70,90,24,3,57,96,80,88,43.880001
2/11/15,81,11,86,93,25,5,57,95,67,92,43.279999
2/12/15,79,11,85,84,22,4,56,90,76,91,43.060001
2/13/15,74,19,84,82,20,5,55,84,64,85,43.110001
2/14/15,59,16,85,78,20,2,52,73,81,50,42.360001
2/15/15,64,14,88,83,23,4,57,81,80,50,42.849998
2/16/15,77,8,90,98,22,3,60,91,69,85,42.029999
2/17/15,79,16,84,89,26,3,63,95,74,95,41.98
2/18/15,78,14,91,82,24,3,57,91,67,85,41.02
2/19/15,77,10,88,81,20,3,58,86,67,85,41.380001
2/20/15,73,12,91,72,22,2,57,82,68,80,41.560001
2/21/15,65,19,86,82,21,3,52,80,77,49,41.700001
2/22/15,63,13,74,88,23,3,55,84,84,47,42.5
2/23/15,77,16,81,86,35,2,53,92,64,87,42.290001
2/24/15,81,4,78,89,61,2,55,94,91,91,42.880001
2/25/15,79,10,79,92,48,2,54,95,66,93,42.860001
2/26/15,79,6,80,83,38,3,57,93,61,95,42.900002
2/27/15,72,12,76,77,25,1,57,79,60,77,41.459999
2/28/15,62,4,99,89,26,2,52,80,74,50,41.209999
3/1/15,64,6,84,89,29,2,55,89,74,49,40.970001
3/2/15,79,9,93,95,26,3,52,92,57,90,40.959999
3/3/15,81,13,97,89,26,2,54,97,71,91,40.66
3/4/15,80,9,83,90,30,2,53,93,68,88,40.720001
3/5/15,79,13,83,88,23,2,60,94,60,87,40.290001
3/6/15,74,13,93,82,22,1,53,87,71,81,41.549999
3/7/15,63,7,99,87,31,2,51,81,73,51,41.529999
3/8/15,64,9,93,93,27,2,47,82,63,50,41.419998
3/9/15,78,9,90,91,49,2,57,95,56,90,41.48
3/10/15,80,7,99,95,72,2,54,93,60,95,41.720001
3/11/15,80,10,94,98,48,2,54,95,62,88,41.759998
3/12/15,80,12,94,92,42,2,57,91,64,91,41.650002
3/13/15,75,8,91,83,38,2,58,83,64,81,42.259998
3/14/15,64,9,90,80,28,2,49,78,82,49,42.16
3/15/15,64,6,85,95,29,1,47,86,61,47,41.619999
3/16/15,79,9,79,91,29,3,50,92,68,90,42.91
3/17/15,80,15,88,94,95,2,51,91,59,86,42.639999
3/18/15,81,6,90,91,100,3,52,93,59,89,42.990002
3/19/15,79,16,86,88,53,1,48,87,72,90,43.34
3/20/15,72,9,84,81,53,2,46,82,66,83,47.869999
3/21/15,63,5,99,82,48,2,45,74,65,50,48.029999
3/22/15,63,8,89,86,47,1,44,80,82,46,49.16
3/23/15,77,11,85,92,41,1,51,90,61,88,49.060001
3/24/15,78,7,89,95,37,1,50,90,72,87,48.639999
3/25/15,80,7,80,95,42,2,52,93,65,80,48.66
3/26/15,76,9,84,82,29,1,51,84,67,86,48.240002
3/27/15,71,7,89,79,36,3,48,77,59,83,47.599998
3/28/15,61,9,91,84,44,1,41,72,62,48,46.279999
3/29/15,61,5,79,81,46,1,41,77,82,49,46.700001
3/30/15,74,4,89,83,36,2,51,86,72,86,47.75
3/31/15,77,9,88,82,33,1,100,82,82,91,47.369999
1/1/16,67,64,95,67,100,37,75,61,64,40,47.349998
1/2/16,73,28,100,78,67,64,79,71,65,46,47.630001
1/3/16,75,55,82,89,68,31,82,80,68,49,48.720001
1/4/16,94,31,94,100,65,40,94,97,65,100,48.299999
1/5/16,98,31,97,99,67,27,95,95,63,93,54.799999
1/6/16,97,48,94,97,58,27,96,95,71,94,55.049999
1/7/16,97,31,95,98,62,27,96,94,69,88,54.049999
1/8/16,91,24,88,87,54,37,88,86,59,81,52.169998
1/9/16,78,27,91,89,54,0,84,79,57,53,52.330002
1/10/16,76,35,92,93,46,60,87,84,69,52,52.299999
1/11/16,94,45,85,90,42,26,86,97,58,88,52.779999
1/12/16,99,53,85,98,44,39,82,99,61,86,51.639999
1/13/16,99,31,83,97,39,26,88,99,93,94,53.110001
1/14/16,95,54,83,90,44,26,83,95,85,87,50.990002
1/15/16,89,24,86,88,56,27,83,84,72,82,50.560001
1/16/16,76,71,93,85,58,46,81,77,77,46,50.790001
1/17/16,77,0,83,86,53,30,89,85,87,44,50.48
1/18/16,94,15,92,95,46,0,84,98,72,85,52.290001
1/19/16,100,46,84,97,41,0,84,100,78,81,51.790001
1/20/16,97,38,80,98,48,26,85,100,63,89,52.169998
1/21/16,97,15,85,98,46,40,91,94,97,86,51.220001
1/22/16,91,40,87,85,46,27,86,86,96,85,52.060001
1/23/16,75,70,82,81,44,30,79,78,100,49,55.09
1/24/16,77,35,82,90,39,30,90,82,97,48,54.709999
1/25/16,93,15,79,92,40,0,100,91,85,83,53
1/26/16,96,38,82,89,35,26,86,96,80,84,52.16
1/27/16,97,23,81,94,36,26,91,95,80,90,52
1/28/16,96,38,90,97,35,35,83,93,75,88,50.16
1/29/16,91,39,87,82,34,54,88,82,77,79,49.41
1/30/16,75,44,88,80,32,31,82,78,72,47,49.279999
1/31/16,77,34,81,83,35,29,73,81,87,48,49.709999
2/1/16,94,29,82,92,39,25,82,92,85,89,49.689999
2/2/16,98,29,79,89,36,75,74,93,69,89,50.5
2/3/16,96,29,84,85,45,25,85,91,76,88,51.09
2/4/16,94,45,83,86,45,26,81,89,65,88,52.419998
2/5/16,88,46,81,78,35,26,77,81,65,76,52.189999
2/6/16,72,17,81,82,36,0,69,72,75,49,51.82
2/7/16,71,26,73,81,35,0,68,74,86,46,52.650002
2/8/16,89,23,79,80,37,52,77,87,74,78,51.18
2/9/16,94,45,80,84,38,26,76,90,78,87,51.360001
2/10/16,94,30,76,85,38,25,80,89,72,81,52.099998
2/11/16,93,30,80,84,36,39,81,91,71,85,51.299999
2/12/16,87,61,79,82,33,40,76,82,75,74,50.880001
2/13/16,72,17,80,79,35,29,68,72,75,48,52.580002
2/14/16,69,25,76,81,44,29,64,71,74,44,52.950001
2/15/16,90,30,90,89,30,39,82,90,73,79,52.349998
2/16/16,92,44,85,88,39,0,83,90,56,86,52.029999
2/17/16,95,22,77,99,34,50,79,91,67,79,51.029999
2/18/16,93,29,79,86,33,42,91,87,63,82,51.650002
2/19/16,87,38,87,87,33,44,82,81,70,83,52.84
2/20/16,73,17,79,81,33,29,74,73,61,48,52.049999
2/21/16,75,0,83,89,38,29,75,79,69,46,53.07
2/22/16,94,65,82,88,31,50,86,91,68,86,53.169998
2/23/16,96,36,84,93,28,50,82,91,81,83,53.59
2/24/16,95,44,76,91,31,42,79,91,68,83,54.349998
2/25/16,94,15,73,91,27,25,83,89,53,87,54.66
2/26/16,87,30,78,80,36,26,79,80,59,76,53.490002
2/27/16,71,34,90,84,33,0,75,74,73,45,53.860001
2/28/16,74,33,76,89,33,43,74,79,67,48,54.07
2/29/16,90,35,73,89,39,24,72,90,66,83,53.970001
3/1/16,93,57,78,92,41,37,78,93,57,83,54.209999
3/2/16,93,29,80,89,38,66,76,90,61,84,53.540001
3/3/16,93,22,83,84,28,25,73,87,50,85,54.709999
3/4/16,86,30,76,82,31,26,69,80,63,79,55.049999
3/5/16,72,33,78,82,29,57,72,72,65,48,55.23
3/6/16,71,16,74,84,34,28,65,78,54,45,55.57
3/7/16,91,43,74,90,34,33,77,89,63,82,55.43
3/8/16,90,43,75,89,30,37,73,88,65,80,54.560001
3/9/16,91,14,70,90,28,0,79,89,63,82,55.119999
3/10/16,93,22,73,88,33,49,75,89,55,79,54.459999
3/11/16,87,45,78,80,42,39,73,81,58,74,54.419998
3/12/16,72,42,74,85,38,0,72,72,64,45,54.310001
3/13/16,73,33,73,88,43,38,69,78,62,43,54.650002
3/14/16,91,57,73,86,36,25,75,88,45,82,55.349998
3/15/16,92,22,78,86,40,25,70,87,57,83,55.360001
3/16/16,92,0,72,85,33,25,67,87,68,79,55.650002
3/17/16,89,22,77,89,33,0,72,84,57,82,56.459999
3/18/16,83,30,88,80,37,26,67,76,57,74,56.389999
3/19/16,69,33,80,82,35,29,71,68,62,44,55.59
3/20/16,70,41,76,80,32,57,64,71,61,39,55.779999
3/21/16,89,58,81,79,35,25,79,81,51,76,51.779999
3/22/16,88,29,78,82,33,37,80,82,53,81,52.110001
3/23/16,88,45,79,82,34,26,74,82,63,83,51.439999
3/24/16,88,100,82,80,38,27,83,76,54,75,50.939999
3/25/16,85,33,82,74,31,28,77,69,61,60,49.900002
3/26/16,71,35,87,68,37,80,72,66,64,40,49.869999
3/27/16,70,44,75,78,39,91,71,64,66,39,50.610001
3/28/16,85,61,78,84,39,78,80,83,55,68,49.779999
3/29/16,93,22,85,91,36,58,75,85,71,80,49.869999
3/30/16,96,36,73,85,34,100,74,86,64,80,49.939999
3/31/16,93,58,81,85,34,75,75,82,51,80,50.389999
1/1/17,56,56,77,62,84,33,76,56,57,34,50.07
1/2/17,73,70,91,84,100,0,85,81,65,52,51.02
1/3/17,85,52,100,89,54,51,86,91,64,73,51.049999
1/4/17,87,66,93,94,78,26,84,96,71,73,51.509998
1/5/17,86,30,88,92,85,26,81,93,65,71,51.080002
1/6/17,81,38,89,90,69,27,81,83,53,65,62.580002
1/7/17,68,37,88,73,81,0,71,74,55,43,62.299999
1/8/17,67,62,82,86,80,29,85,80,66,39,62.299999
1/9/17,87,50,87,90,80,25,82,95,55,72,62.84
1/10/17,91,65,82,89,79,0,88,96,58,75,62.639999
1/11/17,90,75,83,90,70,0,85,97,51,75,62.619999
1/12/17,90,29,86,86,55,0,82,93,51,70,63.189999
1/13/17,82,74,81,87,72,26,73,87,60,69,62.610001
1/14/17,66,50,74,87,76,0,71,75,56,39,62.700001
1/15/17,67,41,73,94,84,0,80,79,63,39,62.529999
1/16/17,83,64,86,96,73,25,75,93,56,68,62.5
1/17/17,92,86,86,95,69,0,84,100,65,74,62.299999
1/18/17,89,75,91,100,82,0,82,97,52,76,62.740002
1/19/17,88,29,84,89,66,0,81,92,54,72,62.959999
1/20/17,81,22,81,79,67,0,74,84,53,63,63.52
1/21/17,66,33,86,86,60,0,67,75,65,43,63.68
1/22/17,67,65,74,87,75,28,77,80,53,35,64.269997
1/23/17,89,43,74,93,68,25,82,95,53,75,65.779999
1/24/17,90,57,73,88,80,25,85,95,53,76,65.129997
1/25/17,89,57,86,90,82,25,82,93,50,74,64.650002
1/26/17,87,44,80,85,83,51,84,90,44,63,63.580002
1/27/17,83,66,80,78,53,26,82,81,52,65,63.169998
1/28/17,65,58,80,80,75,0,69,76,52,39,63.68
1/29/17,66,33,79,87,52,58,76,77,66,39,63.639999
1/30/17,87,57,71,86,70,25,75,93,60,73,63.43
1/31/17,90,43,80,87,70,25,87,94,55,74,63.34
2/1/17,90,57,77,88,62,25,99,92,52,72,64.059998
2/2/17,88,43,83,85,66,100,100,90,54,73,64
2/3/17,82,30,74,85,66,26,83,83,49,69,64.720001
2/4/17,65,37,76,75,73,29,79,72,59,40,64.57
2/5/17,65,24,85,93,49,0,74,78,57,38,64.529999
2/6/17,86,42,89,95,78,24,76,94,49,73,64.519997
2/7/17,90,49,73,93,59,25,83,97,48,74,64.620003
2/8/17,89,21,80,97,60,0,82,95,53,70,64.489998
2/9/17,88,57,76,89,75,37,79,91,53,71,64.360001
2/10/17,80,59,73,81,65,52,73,83,47,65,64.620003
2/11/17,64,62,72,85,64,0,63,70,56,41,64.620003
2/12/17,65,57,73,86,55,28,66,80,47,36,64.230003
2/13/17,85,28,67,87,52,24,65,89,55,70,63.98
2/14/17,85,21,83,86,61,25,75,88,55,68,64.940002
2/15/17,88,43,79,92,50,0,77,90,56,71,64.010002
2/16/17,88,65,74,86,52,25,76,91,49,70,64.25
2/17/17,82,52,80,84,51,0,75,84,46,66,64.269997
2/18/17,65,37,74,85,43,0,71,71,57,39,64.400002
2/19/17,65,33,74,87,71,29,70,77,54,37,64.989998
2/20/17,84,57,81,94,59,0,73,90,56,64,64.730003
2/21/17,88,42,79,94,56,25,78,94,50,67,64.93
2/22/17,88,64,72,95,59,25,77,92,55,70,64.709999
2/23/17,85,43,74,83,51,25,76,88,47,70,64.410004
2/24/17,80,45,83,82,51,26,83,83,53,64,64.75
2/25/17,65,100,69,84,53,0,70,72,44,38,64.639999
2/26/17,66,49,73,86,56,0,70,79,51,35,64.870003
2/27/17,86,43,82,88,74,25,75,90,50,71,64.93
2/28/17,89,43,77,91,65,25,83,92,62,69,64.209999
3/1/17,88,42,82,87,63,0,72,90,55,69,65.029999
3/2/17,88,42,75,92,43,24,75,92,45,68,64.870003
3/3/17,81,37,70,79,59,26,71,82,44,63,64.980003
3/4/17,63,24,72,85,53,28,63,72,47,38,65.099998
3/5/17,65,36,73,86,50,0,65,78,54,35,65.290001
3/6/17,85,28,65,92,54,48,78,96,48,72,65.470001
3/7/17,98,42,82,90,48,0,76,96,57,98,65.709999
3/8/17,88,49,78,95,58,48,73,91,66,70,65.860001
3/9/17,87,28,69,86,58,50,82,89,72,68,65.550003
3/10/17,80,36,62,80,39,25,71,80,57,63,65.730003
3/11/17,63,24,69,80,50,0,72,73,62,38,65.559998
3/12/17,64,32,65,85,55,0,65,77,71,35,65.730003
3/13/17,84,42,70,87,69,49,69,90,58,68,65.68
3/14/17,88,35,71,90,43,24,72,94,66,67,65.529999
3/15/17,88,35,69,91,54,0,72,91,94,69,65.480003
3/16/17,85,63,69,86,53,24,74,89,89,67,65.230003
3/17/17,79,44,69,90,55,26,69,82,91,62,64.949997
3/18/17,63,24,65,79,49,28,62,71,100,37,65.480003
3/19/17,64,24,68,86,71,28,69,75,97,36,65.389999
3/20/17,86,28,71,85,40,24,75,92,85,66,65.040001
3/21/17,100,28,92,89,47,0,80,96,90,100,65.5
3/22/17,91,42,78,92,39,24,80,93,74,73,66.400002
3/23/17,87,36,71,85,48,0,83,89,71,69,67.529999
3/24/17,80,59,70,82,53,0,76,80,70,66,67.919998
3/25/17,61,25,64,81,58,44,67,67,59,33,67.830002
3/26/17,63,33,61,88,64,29,68,76,65,33,68.269997
3/27/17,83,21,76,81,44,24,72,88,76,69,68.459999
3/28/17,87,42,72,90,39,25,78,91,62,71,69.410004
3/29/17,86,50,75,86,51,25,73,90,64,69,69.300003
3/30/17,85,65,84,81,50,25,80,87,63,65,69.080002
3/31/17,81,52,90,78,53,26,75,79,68,64,68.809998