date,Amazon
10/1/06,66
10/2/06,59
10/3/06,59
10/4/06,59
10/5/06,58
10/6/06,58
10/7/06,60
10/8/06,63
10/9/06,57
10/10/06,57
10/11/06,56
10/12/06,57
10/13/06,58
10/14/06,61
10/15/06,65
10/16/06,59
10/17/06,59
10/18/06,57
10/19/06,56
10/20/06,59
10/21/06,61
10/22/06,64
10/23/06,60
10/24/06,60
10/25/06,59
10/26/06,57
10/27/06,58
10/28/06,60
10/29/06,66
10/30/06,60
10/31/06,58
11/1/06,59
11/2/06,60
11/3/06,58
11/4/06,63
11/5/06,68
11/6/06,62
11/7/06,60
11/8/06,58
11/9/06,60
11/10/06,62
11/11/06,68
11/12/06,76
11/13/06,66
11/14/06,65
11/15/06,63
11/16/06,65
11/17/06,68
11/18/06,74
11/19/06,81
11/20/06,72
11/21/06,72
11/22/06,70
11/23/06,83
11/24/06,75
11/25/06,81
11/26/06,88
11/27/06,80
11/28/06,78
11/29/06,77
11/30/06,75
12/1/06,77
12/2/06,87
12/3/06,94
12/4/06,88
12/5/06,85
12/6/06,84
12/7/06,86
12/8/06,88
12/9/06,94
12/10/06,100
12/11/06,96
12/12/06,89
12/13/06,88
12/14/06,89
12/15/06,88
12/16/06,93
12/17/06,95
12/18/06,88
12/19/06,82
12/20/06,78
12/21/06,72
12/22/06,68
12/23/06,69
12/24/06,66
12/25/06,69
12/26/06,71
12/27/06,74
12/28/06,70
12/29/06,71
12/30/06,67
12/31/06,68
1/1/07,100
1/2/07,96
1/3/07,93
1/4/07,91
1/5/07,89
1/6/07,95
1/7/07,95
1/8/07,91
1/9/07,88
1/10/07,86
1/11/07,85
1/12/07,86
1/13/07,89
1/14/07,98
1/15/07,86
1/16/07,87
1/17/07,85
1/18/07,80
1/19/07,82
1/20/07,88
1/21/07,94
1/22/07,82
1/23/07,82
1/24/07,83
1/25/07,80
1/26/07,79
1/27/07,86
1/28/07,92
1/29/07,82
1/30/07,82
1/31/07,80
2/1/07,80
2/2/07,83
2/3/07,89
2/4/07,89
2/5/07,81
2/6/07,83
2/7/07,80
2/8/07,79
2/9/07,79
2/10/07,85
2/11/07,91
2/12/07,82
2/13/07,80
2/14/07,73
2/15/07,78
2/16/07,80
2/17/07,84
2/18/07,89
2/19/07,84
2/20/07,80
2/21/07,82
2/22/07,78
2/23/07,76
2/24/07,84
2/25/07,90
2/26/07,78
2/27/07,78
2/28/07,78
3/1/07,77
3/2/07,82
3/3/07,82
3/4/07,89
3/5/07,77
3/6/07,75
3/7/07,73
3/8/07,76
3/9/07,75
3/10/07,82
3/11/07,84
3/12/07,78
3/13/07,74
3/14/07,74
3/15/07,71
3/16/07,71
3/17/07,77
3/18/07,83
3/19/07,78
3/20/07,71
3/21/07,75
3/22/07,75
3/23/07,75
3/24/07,79
3/25/07,83
3/26/07,76
3/27/07,73
3/28/07,75
3/29/07,75
3/30/07,75
3/31/07,76
4/1/07,94
4/2/07,85
4/3/07,86
4/4/07,82
4/5/07,83
4/6/07,81
4/7/07,86
4/8/07,88
4/9/07,84
4/10/07,83
4/11/07,83
4/12/07,80
4/13/07,80
4/14/07,84
4/15/07,88
4/16/07,83
4/17/07,81
4/18/07,83
4/19/07,81
4/20/07,82
4/21/07,84
4/22/07,90
4/23/07,84
4/24/07,83
4/25/07,83
4/26/07,83
4/27/07,86
4/28/07,85
4/29/07,93
4/30/07,86
5/1/07,93
5/2/07,83
5/3/07,83
5/4/07,81
5/5/07,88
5/6/07,93
5/7/07,87
5/8/07,87
5/9/07,86
5/10/07,85
5/11/07,85
5/12/07,93
5/13/07,98
5/14/07,90
5/15/07,85
5/16/07,83
5/17/07,86
5/18/07,84
5/19/07,87
5/20/07,92
5/21/07,84
5/22/07,84
5/23/07,82
5/24/07,81
5/25/07,81
5/26/07,89
5/27/07,92
5/28/07,85
5/29/07,88
5/30/07,88
5/31/07,85
6/1/07,82
6/2/07,91
6/3/07,98
6/4/07,89
6/5/07,86
6/6/07,85
6/7/07,84
6/8/07,85
6/9/07,91
6/10/07,97
6/11/07,91
6/12/07,89
6/13/07,86
6/14/07,87
6/15/07,88
6/16/07,93
6/17/07,98
6/18/07,88
6/19/07,86
6/20/07,86
6/21/07,87
6/22/07,88
6/23/07,93
6/24/07,100
6/25/07,91
6/26/07,88
6/27/07,88
6/28/07,86
6/29/07,88
6/30/07,97
7/1/07,95
7/2/07,86
7/3/07,84
7/4/07,83
7/5/07,82
7/6/07,83
7/7/07,86
7/8/07,92
7/9/07,86
7/10/07,84
7/11/07,85
7/12/07,84
7/13/07,84
7/14/07,89
7/15/07,99
7/16/07,87
7/17/07,86
7/18/07,85
7/19/07,85
7/20/07,85
7/21/07,96
7/22/07,96
7/23/07,88
7/24/07,85
7/25/07,87
7/26/07,83
7/27/07,84
7/28/07,88
7/29/07,98
7/30/07,87
7/31/07,84
8/1/07,84
8/2/07,84
8/3/07,83
8/4/07,86
8/5/07,92
8/6/07,87
8/7/07,86
8/8/07,85
8/9/07,84
8/10/07,84
8/11/07,87
8/12/07,94
8/13/07,87
8/14/07,86
8/15/07,87
8/16/07,83
8/17/07,83
8/18/07,89
8/19/07,97
8/20/07,89
8/21/07,88
8/22/07,87
8/23/07,85
8/24/07,84
8/25/07,88
8/26/07,90
8/27/07,85
8/28/07,89
8/29/07,86
8/30/07,87
8/31/07,85
9/1/07,88
9/2/07,93
9/3/07,87
9/4/07,85
9/5/07,87
9/6/07,87
9/7/07,82
9/8/07,90
9/9/07,95
9/10/07,87
9/11/07,85
9/12/07,88
9/13/07,86
9/14/07,84
9/15/07,91
9/16/07,96
9/17/07,85
9/18/07,86
9/19/07,85
9/20/07,83
9/21/07,85
9/22/07,89
9/23/07,95
9/24/07,87
9/25/07,91
9/26/07,91
9/27/07,90
9/28/07,89
9/29/07,94
9/30/07,100
10/1/07,58
10/2/07,57
10/3/07,57
10/4/07,56
10/5/07,56
10/6/07,57
10/7/07,62
10/8/07,57
10/9/07,58
10/10/07,56
10/11/07,56
10/12/07,56
10/13/07,61
10/14/07,64
10/15/07,59
10/16/07,58
10/17/07,56
10/18/07,57
10/19/07,56
10/20/07,58
10/21/07,64
10/22/07,58
10/23/07,58
10/24/07,58
10/25/07,59
10/26/07,59
10/27/07,61
10/28/07,67
10/29/07,60
10/30/07,59
10/31/07,57
11/1/07,62
11/2/07,62
11/3/07,63
11/4/07,69
11/5/07,63
11/6/07,64
11/7/07,63
11/8/07,62
11/9/07,63
11/10/07,69
11/11/07,75
11/12/07,67
11/13/07,65
11/14/07,66
11/15/07,66
11/16/07,65
11/17/07,72
11/18/07,83
11/19/07,77
11/20/07,76
11/21/07,74
11/22/07,75
11/23/07,82
11/24/07,85
11/25/07,91
11/26/07,86
11/27/07,81
11/28/07,78
11/29/07,77
11/30/07,78
12/1/07,87
12/2/07,97
12/3/07,88
12/4/07,87
12/5/07,86
12/6/07,86
12/7/07,85
12/8/07,92
12/9/07,100
12/10/07,94
12/11/07,94
12/12/07,91
12/13/07,90
12/14/07,90
12/15/07,96
12/16/07,99
12/17/07,93
12/18/07,90
12/19/07,84
12/20/07,79
12/21/07,73
12/22/07,70
12/23/07,66
12/24/07,63
12/25/07,68
12/26/07,76
12/27/07,75
12/28/07,74
12/29/07,74
12/30/07,74
12/31/07,70
1/1/08,100
1/2/08,96
1/3/08,93
1/4/08,92
1/5/08,95
1/6/08,97
1/7/08,92
1/8/08,88
1/9/08,87
1/10/08,86
1/11/08,85
1/12/08,90
1/13/08,94
1/14/08,87
1/15/08,86
1/16/08,83
1/17/08,82
1/18/08,81
1/19/08,87
1/20/08,91
1/21/08,82
1/22/08,82
1/23/08,78
1/24/08,77
1/25/08,79
1/26/08,84
1/27/08,91
1/28/08,83
1/29/08,81
1/30/08,80
1/31/08,81
2/1/08,80
2/2/08,84
2/3/08,91
2/4/08,83
2/5/08,81
2/6/08,80
2/7/08,79
2/8/08,77
2/9/08,83
2/10/08,88
2/11/08,80
2/12/08,80
2/13/08,74
2/14/08,72
2/15/08,75
2/16/08,82
2/17/08,86
2/18/08,78
2/19/08,76
2/20/08,75
2/21/08,76
2/22/08,76
2/23/08,80
2/24/08,84
2/25/08,76
2/26/08,75
2/27/08,77
2/28/08,76
2/29/08,75
3/1/08,81
3/2/08,86
3/3/08,79
3/4/08,76
3/5/08,77
3/6/08,76
3/7/08,75
3/8/08,80
3/9/08,82
3/10/08,78
3/11/08,77
3/12/08,84
3/13/08,78
3/14/08,75
3/15/08,80
3/16/08,85
3/17/08,77
3/18/08,76
3/19/08,76
3/20/08,77
3/21/08,77
3/22/08,79
3/23/08,84
3/24/08,79
3/25/08,77
3/26/08,76
3/27/08,76
3/28/08,77
3/29/08,80
3/30/08,85
3/31/08,78
4/1/08,81
4/2/08,83
4/3/08,81
4/4/08,81
4/5/08,86
4/6/08,92
4/7/08,84
4/8/08,81
4/9/08,82
4/10/08,81
4/11/08,82
4/12/08,86
4/13/08,93
4/14/08,83
4/15/08,83
4/16/08,81
4/17/08,79
4/18/08,80
4/19/08,86
4/20/08,91
4/21/08,82
4/22/08,81
4/23/08,80
4/24/08,80
4/25/08,83
4/26/08,85
4/27/08,94
4/28/08,84
4/29/08,84
4/30/08,81
5/1/08,89
5/2/08,85
5/3/08,85
5/4/08,87
5/5/08,81
5/6/08,81
5/7/08,79
5/8/08,78
5/9/08,77
5/10/08,79
5/11/08,85
5/12/08,80
5/13/08,79
5/14/08,78
5/15/08,79
5/16/08,78
5/17/08,85
5/18/08,91
5/19/08,81
5/20/08,80
5/21/08,78
5/22/08,79
5/23/08,80
5/24/08,82
5/25/08,88
5/26/08,83
5/27/08,81
5/28/08,86
5/29/08,82
5/30/08,88
5/31/08,93
6/1/08,100
6/2/08,89
6/3/08,90
6/4/08,86
6/5/08,85
6/6/08,99
6/7/08,89
6/8/08,90
6/9/08,89
6/10/08,84
6/11/08,83
6/12/08,84
6/13/08,82
6/14/08,87
6/15/08,94
6/16/08,81
6/17/08,82
6/18/08,82
6/19/08,79
6/20/08,81
6/21/08,89
6/22/08,97
6/23/08,85
6/24/08,85
6/25/08,83
6/26/08,81
6/27/08,84
6/28/08,90
6/29/08,94
6/30/08,85
7/1/08,78
7/2/08,78
7/3/08,77
7/4/08,76
7/5/08,82
7/6/08,91
7/7/08,81
7/8/08,80
7/9/08,81
7/10/08,78
7/11/08,78
7/12/08,84
7/13/08,91
7/14/08,80
7/15/08,80
7/16/08,78
7/17/08,79
7/18/08,84
7/19/08,85
7/20/08,93
7/21/08,80
7/22/08,80
7/23/08,79
7/24/08,79
7/25/08,78
7/26/08,83
7/27/08,88
7/28/08,79
7/29/08,80
7/30/08,79
7/31/08,80
8/1/08,81
8/2/08,87
8/3/08,96
8/4/08,87
8/5/08,88
8/6/08,84
8/7/08,82
8/8/08,82
8/9/08,88
8/10/08,93
8/11/08,84
8/12/08,87
8/13/08,83
8/14/08,81
8/15/08,82
8/16/08,87
8/17/08,90
8/18/08,87
8/19/08,88
8/20/08,83
8/21/08,82
8/22/08,83
8/23/08,85
8/24/08,92
8/25/08,88
8/26/08,88
8/27/08,90
8/28/08,87
8/29/08,85
8/30/08,87
8/31/08,96
9/1/08,89
9/2/08,87
9/3/08,90
9/4/08,86
9/5/08,85
9/6/08,93
9/7/08,100
9/8/08,89
9/9/08,87
9/10/08,86
9/11/08,83
9/12/08,84
9/13/08,89
9/14/08,95
9/15/08,88
9/16/08,86
9/17/08,83
9/18/08,82
9/19/08,83
9/20/08,88
9/21/08,94
9/22/08,90
9/23/08,86
9/24/08,86
9/25/08,85
9/26/08,83
9/27/08,87
9/28/08,93
9/29/08,88
9/30/08,90
10/1/08,55
10/2/08,52
10/3/08,52
10/4/08,57
10/5/08,60
10/6/08,54
10/7/08,53
10/8/08,51
10/9/08,52
10/10/08,50
10/11/08,54
10/12/08,57
10/13/08,55
10/14/08,54
10/15/08,54
10/16/08,52
10/17/08,53
10/18/08,56
10/19/08,59
10/20/08,55
10/21/08,53
10/22/08,53
10/23/08,54
10/24/08,55
10/25/08,59
10/26/08,62
10/27/08,57
10/28/08,56
10/29/08,54
10/30/08,53
10/31/08,51
11/1/08,58
11/2/08,64
11/3/08,58
11/4/08,56
11/5/08,53
11/6/08,56
11/7/08,56
11/8/08,62
11/9/08,70
11/10/08,63
11/11/08,62
11/12/08,61
11/13/08,61
11/14/08,62
11/15/08,67
11/16/08,74
11/17/08,67
11/18/08,65
11/19/08,65
11/20/08,65
11/21/08,66
11/22/08,73
11/23/08,80
11/24/08,74
11/25/08,72
11/26/08,72
11/27/08,73
11/28/08,84
11/29/08,87
11/30/08,93
12/1/08,91
12/2/08,85
12/3/08,83
12/4/08,86
12/5/08,85
12/6/08,92
12/7/08,100
12/8/08,99
12/9/08,92
12/10/08,88
12/11/08,87
12/12/08,85
12/13/08,94
12/14/08,100
12/15/08,94
12/16/08,90
12/17/08,88
12/18/08,84
12/19/08,80
12/20/08,80
12/21/08,80
12/22/08,73
12/23/08,66
12/24/08,62
12/25/08,69
12/26/08,81
12/27/08,82
12/28/08,81
12/29/08,74
12/30/08,71
12/31/08,69
1/1/09,100
1/2/09,99
1/3/09,97
1/4/09,99
1/5/09,92
1/6/09,90
1/7/09,88
1/8/09,84
1/9/09,84
1/10/09,89
1/11/09,94
1/12/09,86
1/13/09,82
1/14/09,81
1/15/09,80
1/16/09,79
1/17/09,85
1/18/09,94
1/19/09,82
1/20/09,77
1/21/09,77
1/22/09,77
1/23/09,79
1/24/09,85
1/25/09,92
1/26/09,82
1/27/09,79
1/28/09,78
1/29/09,77
1/30/09,77
1/31/09,86
2/1/09,89
2/2/09,77
2/3/09,78
2/4/09,75
2/5/09,76
2/6/09,74
2/7/09,82
2/8/09,88
2/9/09,80
2/10/09,75
2/11/09,74
2/12/09,72
2/13/09,70
2/14/09,78
2/15/09,85
2/16/09,75
2/17/09,74
2/18/09,71
2/19/09,72
2/20/09,72
2/21/09,79
2/22/09,84
2/23/09,74
2/24/09,74
2/25/09,72
2/26/09,71
2/27/09,72
2/28/09,77
3/1/09,84
3/2/09,75
3/3/09,74
3/4/09,72
3/5/09,73
3/6/09,72
3/7/09,78
3/8/09,85
3/9/09,75
3/10/09,72
3/11/09,71
3/12/09,72
3/13/09,69
3/14/09,75
3/15/09,81
3/16/09,73
3/17/09,71
3/18/09,69
3/19/09,68
3/20/09,67
3/21/09,70
3/22/09,79
3/23/09,73
3/24/09,72
3/25/09,72
3/26/09,71
3/27/09,69
3/28/09,76
3/29/09,80
3/30/09,73
3/31/09,71
4/1/09,83
4/2/09,80
4/3/09,81
4/4/09,87
4/5/09,93
4/6/09,87
4/7/09,84
4/8/09,85
4/9/09,82
4/10/09,85
4/11/09,85
4/12/09,90
4/13/09,88
4/14/09,84
4/15/09,80
4/16/09,81
4/17/09,83
4/18/09,84
4/19/09,91
4/20/09,85
4/21/09,83
4/22/09,78
4/23/09,78
4/24/09,79
4/25/09,84
4/26/09,92
4/27/09,82
4/28/09,81
4/29/09,81
4/30/09,79
5/1/09,85
5/2/09,85
5/3/09,91
5/4/09,86
5/5/09,85
5/6/09,85
5/7/09,82
5/8/09,82
5/9/09,86
5/10/09,90
5/11/09,82
5/12/09,82
5/13/09,82
5/14/09,81
5/15/09,82
5/16/09,85
5/17/09,94
5/18/09,84
5/19/09,82
5/20/09,79
5/21/09,80
5/22/09,79
5/23/09,81
5/24/09,83
5/25/09,80
5/26/09,82
5/27/09,80
5/28/09,80
5/29/09,79
5/30/09,83
5/31/09,88
6/1/09,81
6/2/09,82
6/3/09,80
6/4/09,81
6/5/09,80
6/6/09,90
6/7/09,93
6/8/09,84
6/9/09,85
6/10/09,84
6/11/09,84
6/12/09,81
6/13/09,86
6/14/09,94
6/15/09,88
6/16/09,84
6/17/09,84
6/18/09,84
6/19/09,83
6/20/09,89
6/21/09,97
6/22/09,85
6/23/09,84
6/24/09,81
6/25/09,82
6/26/09,86
6/27/09,94
6/28/09,100
6/29/09,87
6/30/09,85
7/1/09,81
7/2/09,79
7/3/09,79
7/4/09,84
7/5/09,92
7/6/09,84
7/7/09,84
7/8/09,84
7/9/09,83
7/10/09,81
7/11/09,90
7/12/09,96
7/13/09,87
7/14/09,86
7/15/09,85
7/16/09,82
7/17/09,84
7/18/09,88
7/19/09,98
7/20/09,88
7/21/09,88
7/22/09,83
7/23/09,85
7/24/09,85
7/25/09,88
7/26/09,97
7/27/09,88
7/28/09,86
7/29/09,85
7/30/09,83
7/31/09,84
8/1/09,93
8/2/09,98
8/3/09,89
8/4/09,87
8/5/09,85
8/6/09,83
8/7/09,82
8/8/09,89
8/9/09,95
8/10/09,92
8/11/09,87
8/12/09,86
8/13/09,85
8/14/09,85
8/15/09,89
8/16/09,95
8/17/09,89
8/18/09,88
8/19/09,85
8/20/09,85
8/21/09,86
8/22/09,88
8/23/09,94
8/24/09,90
8/25/09,91
8/26/09,90
8/27/09,85
8/28/09,87
8/29/09,90
8/30/09,97
8/31/09,86
9/1/09,88
9/2/09,89
9/3/09,87
9/4/09,87
9/5/09,91
9/6/09,97
9/7/09,91
9/8/09,87
9/9/09,87
9/10/09,85
9/11/09,83
9/12/09,91
9/13/09,100
9/14/09,87
9/15/09,87
9/16/09,86
9/17/09,84
9/18/09,81
9/19/09,88
9/20/09,94
9/21/09,88
9/22/09,86
9/23/09,84
9/24/09,83
9/25/09,82
9/26/09,88
9/27/09,93
9/28/09,86
9/29/09,86
9/30/09,86
10/1/09,55
10/2/09,54
10/3/09,59
10/4/09,62
10/5/09,56
10/6/09,56
10/7/09,57
10/8/09,55
10/9/09,55
10/10/09,57
10/11/09,63
10/12/09,59
10/13/09,56
10/14/09,56
10/15/09,55
10/16/09,55
10/17/09,58
10/18/09,63
10/19/09,58
10/20/09,57
10/21/09,57
10/22/09,56
10/23/09,56
10/24/09,61
10/25/09,65
10/26/09,58
10/27/09,58
10/28/09,57
10/29/09,56
10/30/09,55
10/31/09,57
11/1/09,68
11/2/09,62
11/3/09,60
11/4/09,59
11/5/09,59
11/6/09,59
11/7/09,64
11/8/09,70
11/9/09,64
11/10/09,64
11/11/09,64
11/12/09,63
11/13/09,63
11/14/09,69
11/15/09,76
11/16/09,69
11/17/09,67
11/18/09,67
11/19/09,65
11/20/09,66
11/21/09,74
11/22/09,82
11/23/09,76
11/24/09,76
11/25/09,77
11/26/09,77
11/27/09,91
11/28/09,92
11/29/09,96
11/30/09,98
12/1/09,90
12/2/09,83
12/3/09,84
12/4/09,82
12/5/09,91
12/6/09,100
12/7/09,96
12/8/09,92
12/9/09,89
12/10/09,87
12/11/09,86
12/12/09,94
12/13/09,100
12/14/09,97
12/15/09,93
12/16/09,91
12/17/09,87
12/18/09,82
12/19/09,85
12/20/09,86
12/21/09,78
12/22/09,73
12/23/09,66
12/24/09,60
12/25/09,70
12/26/09,80
12/27/09,81
12/28/09,75
12/29/09,73
12/30/09,70
12/31/09,65
1/1/10,97
1/2/10,100
1/3/10,100
1/4/10,93
1/5/10,88
1/6/10,88
1/7/10,84
1/8/10,84
1/9/10,90
1/10/10,95
1/11/10,85
1/12/10,82
1/13/10,80
1/14/10,81
1/15/10,79
1/16/10,86
1/17/10,89
1/18/10,80
1/19/10,79
1/20/10,78
1/21/10,76
1/22/10,79
1/23/10,85
1/24/10,90
1/25/10,81
1/26/10,79
1/27/10,77
1/28/10,80
1/29/10,79
1/30/10,86
1/31/10,92
2/1/10,82
2/2/10,80
2/3/10,78
2/4/10,77
2/5/10,75
2/6/10,83
2/7/10,89
2/8/10,78
2/9/10,76
2/10/10,75
2/11/10,74
2/12/10,74
2/13/10,78
2/14/10,83
2/15/10,82
2/16/10,77
2/17/10,74
2/18/10,74
2/19/10,73
2/20/10,78
2/21/10,85
2/22/10,76
2/23/10,74
2/24/10,73
2/25/10,72
2/26/10,72
2/27/10,78
2/28/10,84
3/1/10,76
3/2/10,74
3/3/10,73
3/4/10,73
3/5/10,72
3/6/10,80
3/7/10,84
3/8/10,75
3/9/10,76
3/10/10,72
3/11/10,71
3/12/10,72
3/13/10,77
3/14/10,80
3/15/10,75
3/16/10,71
3/17/10,70
3/18/10,71
3/19/10,70
3/20/10,77
3/21/10,82
3/22/10,74
3/23/10,72
3/24/10,70
3/25/10,71
3/26/10,71
3/27/10,76
3/28/10,82
3/29/10,75
3/30/10,73
3/31/10,70
4/1/10,83
4/2/10,87
4/3/10,87
4/4/10,92
4/5/10,90
4/6/10,84
4/7/10,82
4/8/10,81
4/9/10,79
4/10/10,81
4/11/10,90
4/12/10,84
4/13/10,83
4/14/10,82
4/15/10,79
4/16/10,80
4/17/10,83
4/18/10,90
4/19/10,84
4/20/10,84
4/21/10,83
4/22/10,81
4/23/10,83
4/24/10,86
4/25/10,95
4/26/10,90
4/27/10,86
4/28/10,83
4/29/10,84
4/30/10,85
5/1/10,91
5/2/10,100
5/3/10,89
5/4/10,87
5/5/10,85
5/6/10,84
5/7/10,82
5/8/10,89
5/9/10,95
5/10/10,87
5/11/10,87
5/12/10,85
5/13/10,86
5/14/10,86
5/15/10,89
5/16/10,99
5/17/10,89
5/18/10,88
5/19/10,87
5/20/10,82
5/21/10,80
5/22/10,84
5/23/10,92
5/24/10,85
5/25/10,85
5/26/10,85
5/27/10,85
5/28/10,84
5/29/10,92
5/30/10,95
5/31/10,84
6/1/10,88
6/2/10,85
6/3/10,85
6/4/10,82
6/5/10,88
6/6/10,98
6/7/10,90
6/8/10,86
6/9/10,86
6/10/10,84
6/11/10,82
6/12/10,86
6/13/10,95
6/14/10,89
6/15/10,86
6/16/10,87
6/17/10,84
6/18/10,80
6/19/10,90
6/20/10,100
6/21/10,86
6/22/10,83
6/23/10,80
6/24/10,82
6/25/10,80
6/26/10,86
6/27/10,93
6/28/10,88
6/29/10,92
6/30/10,90
7/1/10,76
7/2/10,72
7/3/10,74
7/4/10,83
7/5/10,75
7/6/10,74
7/7/10,74
7/8/10,73
7/9/10,72
7/10/10,76
7/11/10,83
7/12/10,78
7/13/10,79
7/14/10,78
7/15/10,76
7/16/10,76
7/17/10,81
7/18/10,88
7/19/10,80
7/20/10,80
7/21/10,78
7/22/10,78
7/23/10,78
7/24/10,82
7/25/10,89
7/26/10,82
7/27/10,81
7/28/10,80
7/29/10,81
7/30/10,79
7/31/10,82
8/1/10,91
8/2/10,84
8/3/10,84
8/4/10,81
8/5/10,79
8/6/10,79
8/7/10,83
8/8/10,90
8/9/10,83
8/10/10,83
8/11/10,83
8/12/10,80
8/13/10,79
8/14/10,83
8/15/10,90
8/16/10,85
8/17/10,84
8/18/10,83
8/19/10,81
8/20/10,81
8/21/10,83
8/22/10,91
8/23/10,86
8/24/10,85
8/25/10,85
8/26/10,83
8/27/10,82
8/28/10,85
8/29/10,91
8/30/10,85
8/31/10,85
9/1/10,87
9/2/10,84
9/3/10,82
9/4/10,88
9/5/10,93
9/6/10,87
9/7/10,86
9/8/10,86
9/9/10,92
9/10/10,89
9/11/10,93
9/12/10,100
9/13/10,90
9/14/10,90
9/15/10,90
9/16/10,89
9/17/10,86
9/18/10,93
9/19/10,97
9/20/10,90
9/21/10,88
9/22/10,88
9/23/10,88
9/24/10,87
9/25/10,92
9/26/10,98
9/27/10,92
9/28/10,90
9/29/10,90
9/30/10,88
10/1/10,49
10/2/10,52
10/3/10,56
10/4/10,51
10/5/10,51
10/6/10,50
10/7/10,51
10/8/10,49
10/9/10,51
10/10/10,55
10/11/10,52
10/12/10,48
10/13/10,47
10/14/10,49
10/15/10,50
10/16/10,53
10/17/10,56
10/18/10,53
10/19/10,52
10/20/10,51
10/21/10,51
10/22/10,50
10/23/10,54
10/24/10,57
10/25/10,53
10/26/10,53
10/27/10,53
10/28/10,52
10/29/10,51
10/30/10,54
10/31/10,58
11/1/10,58
11/2/10,55
11/3/10,54
11/4/10,55
11/5/10,54
11/6/10,60
11/7/10,64
11/8/10,59
11/9/10,60
11/10/10,58
11/11/10,61
11/12/10,59
11/13/10,64
11/14/10,69
11/15/10,64
11/16/10,62
11/17/10,64
11/18/10,62
11/19/10,62
11/20/10,70
11/21/10,76
11/22/10,73
11/23/10,75
11/24/10,72
11/25/10,74
11/26/10,90
11/27/10,85
11/28/10,89
11/29/10,94
11/30/10,83
12/1/10,79
12/2/10,77
12/3/10,77
12/4/10,84
12/5/10,91
12/6/10,85
12/7/10,84
12/8/10,83
12/9/10,82
12/10/10,80
12/11/10,86
12/12/10,100
12/13/10,91
12/14/10,87
12/15/10,86
12/16/10,83
12/17/10,80
12/18/10,82
12/19/10,82
12/20/10,75
12/21/10,71
12/22/10,68
12/23/10,64
12/24/10,59
12/25/10,72
12/26/10,80
12/27/10,75
12/28/10,72
12/29/10,70
12/30/10,69
12/31/10,63
1/1/11,94
1/2/11,100
1/3/11,93
1/4/11,91
1/5/11,90
1/6/11,88
1/7/11,86
1/8/11,90
1/9/11,92
1/10/11,87
1/11/11,83
1/12/11,86
1/13/11,82
1/14/11,80
1/15/11,88
1/16/11,92
1/17/11,86
1/18/11,82
1/19/11,83
1/20/11,82
1/21/11,79
1/22/11,86
1/23/11,92
1/24/11,82
1/25/11,80
1/26/11,79
1/27/11,78
1/28/11,78
1/29/11,85
1/30/11,91
1/31/11,80
2/1/11,80
2/2/11,79
2/3/11,77
2/4/11,77
2/5/11,84
2/6/11,89
2/7/11,81
2/8/11,80
2/9/11,77
2/10/11,76
2/11/11,75
2/12/11,81
2/13/11,85
2/14/11,75
2/15/11,74
2/16/11,76
2/17/11,75
2/18/11,75
2/19/11,81
2/20/11,85
2/21/11,79
2/22/11,77
2/23/11,77
2/24/11,73
2/25/11,74
2/26/11,80
2/27/11,85
2/28/11,77
3/1/11,76
3/2/11,75
3/3/11,75
3/4/11,73
3/5/11,81
3/6/11,86
3/7/11,77
3/8/11,76
3/9/11,75
3/10/11,73
3/11/11,68
3/12/11,65
3/13/11,70
3/14/11,66
3/15/11,70
3/16/11,73
3/17/11,71
3/18/11,71
3/19/11,75
3/20/11,81
3/21/11,76
3/22/11,80
3/23/11,78
3/24/11,75
3/25/11,74
3/26/11,81
3/27/11,84
3/28/11,79
3/29/11,80
3/30/11,79
3/31/11,78
4/1/11,82
4/2/11,84
4/3/11,93
4/4/11,85
4/5/11,84
4/6/11,81
4/7/11,80
4/8/11,78
4/9/11,81
4/10/11,86
4/11/11,84
4/12/11,83
4/13/11,82
4/14/11,80
4/15/11,79
4/16/11,85
4/17/11,89
4/18/11,84
4/19/11,82
4/20/11,79
4/21/11,80
4/22/11,81
4/23/11,83
4/24/11,86
4/25/11,86
4/26/11,85
4/27/11,84
4/28/11,80
4/29/11,73
4/30/11,82
5/1/11,89
5/2/11,82
5/3/11,84
5/4/11,83
5/5/11,82
5/6/11,80
5/7/11,86
5/8/11,93
5/9/11,86
5/10/11,85
5/11/11,84
5/12/11,84
5/13/11,83
5/14/11,89
5/15/11,97
5/16/11,87
5/17/11,88
5/18/11,85
5/19/11,84
5/20/11,83
5/21/11,87
5/22/11,95
5/23/11,90
5/24/11,88
5/25/11,85
5/26/11,86
5/27/11,84
5/28/11,89
5/29/11,93
5/30/11,88
5/31/11,87
6/1/11,86
6/2/11,84
6/3/11,84
6/4/11,88
6/5/11,98
6/6/11,85
6/7/11,87
6/8/11,87
6/9/11,88
6/10/11,88
6/11/11,93
6/12/11,98
6/13/11,90
6/14/11,88
6/15/11,88
6/16/11,86
6/17/11,85
6/18/11,93
6/19/11,100
6/20/11,89
6/21/11,86
6/22/11,87
6/23/11,89
6/24/11,86
6/25/11,92
6/26/11,97
6/27/11,88
6/28/11,87
6/29/11,88
6/30/11,88
7/1/11,73
7/2/11,77
7/3/11,82
7/4/11,74
7/5/11,74
7/6/11,75
7/7/11,76
7/8/11,76
7/9/11,79
7/10/11,86
7/11/11,77
7/12/11,78
7/13/11,78
7/14/11,75
7/15/11,75
7/16/11,81
7/17/11,89
7/18/11,80
7/19/11,78
7/20/11,79
7/21/11,77
7/22/11,77
7/23/11,83
7/24/11,89
7/25/11,82
7/26/11,82
7/27/11,80
7/28/11,79
7/29/11,78
7/30/11,82
7/31/11,90
8/1/11,81
8/2/11,81
8/3/11,81
8/4/11,79
8/5/11,78
8/6/11,83
8/7/11,93
8/8/11,83
8/9/11,79
8/10/11,81
8/11/11,78
8/12/11,79
8/13/11,84
8/14/11,89
8/15/11,87
8/16/11,83
8/17/11,82
8/18/11,80
8/19/11,79
8/20/11,84
8/21/11,91
8/22/11,86
8/23/11,85
8/24/11,83
8/25/11,80
8/26/11,80
8/27/11,84
8/28/11,88
8/29/11,83
8/30/11,85
8/31/11,84
9/1/11,81
9/2/11,80
9/3/11,85
9/4/11,91
9/5/11,87
9/6/11,83
9/7/11,84
9/8/11,81
9/9/11,79
9/10/11,82
9/11/11,87
9/12/11,82
9/13/11,80
9/14/11,83
9/15/11,82
9/16/11,80
9/17/11,86
9/18/11,90
9/19/11,84
9/20/11,82
9/21/11,81
9/22/11,79
9/23/11,78
9/24/11,83
9/25/11,90
9/26/11,84
9/27/11,84
9/28/11,100
9/29/11,96
9/30/11,85
10/1/11,59
10/2/11,62
10/3/11,57
10/4/11,56
10/5/11,56
10/6/11,54
10/7/11,54
10/8/11,58
10/9/11,61
10/10/11,58
10/11/11,54
10/12/11,55
10/13/11,54
10/14/11,54
10/15/11,57
10/16/11,61
10/17/11,57
10/18/11,57
10/19/11,56
10/20/11,55
10/21/11,55
10/22/11,58
10/23/11,62
10/24/11,58
10/25/11,58
10/26/11,59
10/27/11,57
10/28/11,55
10/29/11,59
10/30/11,64
10/31/11,57
11/1/11,60
11/2/11,60
11/3/11,60
11/4/11,58
11/5/11,62
11/6/11,68
11/7/11,65
11/8/11,63
11/9/11,62
11/10/11,62
11/11/11,62
11/12/11,68
11/13/11,75
11/14/11,69
11/15/11,70
11/16/11,68
11/17/11,66
11/18/11,67
11/19/11,73
11/20/11,82
11/21/11,77
11/22/11,74
11/23/11,75
11/24/11,77
11/25/11,96
11/26/11,89
11/27/11,95
11/28/11,100
11/29/11,85
11/30/11,83
12/1/11,82
12/2/11,81
12/3/11,88
12/4/11,98
12/5/11,90
12/6/11,87
12/7/11,87
12/8/11,86
12/9/11,84
12/10/11,91
12/11/11,100
12/12/11,96
12/13/11,92
12/14/11,91
12/15/11,90
12/16/11,89
12/17/11,94
12/18/11,98
12/19/11,90
12/20/11,83
12/21/11,78
12/22/11,73
12/23/11,69
12/24/11,67
12/25/11,88
12/26/11,92
12/27/11,86
12/28/11,82
12/29/11,79
12/30/11,77
12/31/11,72
1/1/12,99
1/2/12,100
1/3/12,96
1/4/12,94
1/5/12,91
1/6/12,89
1/7/12,96
1/8/12,97
1/9/12,89
1/10/12,86
1/11/12,87
1/12/12,84
1/13/12,82
1/14/12,91
1/15/12,95
1/16/12,85
1/17/12,82
1/18/12,84
1/19/12,81
1/20/12,80
1/21/12,89
1/22/12,94
1/23/12,82
1/24/12,83
1/25/12,81
1/26/12,79
1/27/12,79
1/28/12,85
1/29/12,93
1/30/12,81
1/31/12,80
2/1/12,80
2/2/12,78
2/3/12,78
2/4/12,85
2/5/12,90
2/6/12,78
2/7/12,80
2/8/12,80
2/9/12,78
2/10/12,77
2/11/12,85
2/12/12,84
2/13/12,77
2/14/12,76
2/15/12,77
2/16/12,75
2/17/12,77
2/18/12,81
2/19/12,86
2/20/12,81
2/21/12,78
2/22/12,77
2/23/12,77
2/24/12,74
2/25/12,82
2/26/12,87
2/27/12,77
2/28/12,78
2/29/12,78
3/1/12,78
3/2/12,78
3/3/12,85
3/4/12,92
3/5/12,82
3/6/12,79
3/7/12,77
3/8/12,78
3/9/12,75
3/10/12,82
3/11/12,88
3/12/12,79
3/13/12,78
3/14/12,76
3/15/12,75
3/16/12,75
3/17/12,80
3/18/12,87
3/19/12,79
3/20/12,79
3/21/12,76
3/22/12,75
3/23/12,73
3/24/12,77
3/25/12,83
3/26/12,77
3/27/12,75
3/28/12,76
3/29/12,73
3/30/12,70
3/31/12,79
4/1/12,95
4/2/12,86
4/3/12,86
4/4/12,85
4/5/12,84
4/6/12,86
4/7/12,87
4/8/12,87
4/9/12,84
4/10/12,83
4/11/12,83
4/12/12,83
4/13/12,82
4/14/12,86
4/15/12,95
4/16/12,85
4/17/12,83
4/18/12,84
4/19/12,81
4/20/12,81
4/21/12,88
4/22/12,96
4/23/12,88
4/24/12,86
4/25/12,83
4/26/12,84
4/27/12,83
4/28/12,89
4/29/12,98
4/30/12,90
5/1/12,92
5/2/12,87
5/3/12,87
5/4/12,85
5/5/12,91
5/6/12,95
5/7/12,91
5/8/12,89
5/9/12,88
5/10/12,85
5/11/12,81
5/12/12,87
5/13/12,93
5/14/12,87
5/15/12,87
5/16/12,83
5/17/12,82
5/18/12,81
5/19/12,86
5/20/12,92
5/21/12,84
5/22/12,83
5/23/12,81
5/24/12,79
5/25/12,78
5/26/12,81
5/27/12,87
5/28/12,84
5/29/12,84
5/30/12,84
5/31/12,83
6/1/12,81
6/2/12,88
6/3/12,95
6/4/12,83
6/5/12,84
6/6/12,84
6/7/12,84
6/8/12,84
6/9/12,87
6/10/12,95
6/11/12,89
6/12/12,89
6/13/12,87
6/14/12,86
6/15/12,83
6/16/12,92
6/17/12,95
6/18/12,88
6/19/12,86
6/20/12,85
6/21/12,86
6/22/12,84
6/23/12,92
6/24/12,100
6/25/12,90
6/26/12,89
6/27/12,90
6/28/12,84
6/29/12,86
6/30/12,92
7/1/12,93
7/2/12,83
7/3/12,82
7/4/12,79
7/5/12,77
7/6/12,80
7/7/12,86
7/8/12,92
7/9/12,84
7/10/12,83
7/11/12,80
7/12/12,80
7/13/12,78
7/14/12,86
7/15/12,93
7/16/12,84
7/17/12,83
7/18/12,83
7/19/12,79
7/20/12,78
7/21/12,83
7/22/12,88
7/23/12,82
7/24/12,80
7/25/12,78
7/26/12,78
7/27/12,76
7/28/12,79
7/29/12,87
7/30/12,81
7/31/12,79
8/1/12,79
8/2/12,79
8/3/12,78
8/4/12,81
8/5/12,90
8/6/12,83
8/7/12,82
8/8/12,82
8/9/12,77
8/10/12,77
8/11/12,80
8/12/12,86
8/13/12,84
8/14/12,84
8/15/12,85
8/16/12,83
8/17/12,83
8/18/12,85
8/19/12,93
8/20/12,90
8/21/12,88
8/22/12,85
8/23/12,82
8/24/12,83
8/25/12,86
8/26/12,92
8/27/12,87
8/28/12,86
8/29/12,87
8/30/12,87
8/31/12,84
9/1/12,90
9/2/12,95
9/3/12,88
9/4/12,86
9/5/12,85
9/6/12,90
9/7/12,89
9/8/12,89
9/9/12,95
9/10/12,88
9/11/12,86
9/12/12,86
9/13/12,85
9/14/12,83
9/15/12,90
9/16/12,95
9/17/12,87
9/18/12,87
9/19/12,85
9/20/12,84
9/21/12,83
9/22/12,91
9/23/12,99
9/24/12,91
9/25/12,87
9/26/12,89
9/27/12,87
9/28/12,87
9/29/12,93
9/30/12,100
10/1/12,54
10/2/12,52
10/3/12,52
10/4/12,51
10/5/12,52
10/6/12,55
10/7/12,60
10/8/12,54
10/9/12,53
10/10/12,53
10/11/12,53
10/12/12,53
10/13/12,57
10/14/12,61
10/15/12,55
10/16/12,55
10/17/12,54
10/18/12,53
10/19/12,52
10/20/12,56
10/21/12,61
10/22/12,57
10/23/12,56
10/24/12,56
10/25/12,55
10/26/12,56
10/27/12,58
10/28/12,62
10/29/12,56
10/30/12,54
10/31/12,52
11/1/12,56
11/2/12,57
11/3/12,60
11/4/12,67
11/5/12,59
11/6/12,58
11/7/12,55
11/8/12,57
11/9/12,57
11/10/12,64
11/11/12,70
11/12/12,63
11/13/12,65
11/14/12,63
11/15/12,63
11/16/12,63
11/17/12,69
11/18/12,76
11/19/12,72
11/20/12,72
11/21/12,72
11/22/12,74
11/23/12,100
11/24/12,91
11/25/12,93
11/26/12,98
11/27/12,86
11/28/12,76
11/29/12,75
11/30/12,75
12/1/12,81
12/2/12,91
12/3/12,85
12/4/12,82
12/5/12,80
12/6/12,80
12/7/12,80
12/8/12,86
12/9/12,94
12/10/12,89
12/11/12,86
12/12/12,84
12/13/12,82
12/14/12,80
12/15/12,87
12/16/12,95
12/17/12,88
12/18/12,83
12/19/12,78
12/20/12,72
12/21/12,66
12/22/12,68
12/23/12,66
12/24/12,63
12/25/12,83
12/26/12,85
12/27/12,80
12/28/12,75
12/29/12,75
12/30/12,73
12/31/12,66
1/1/13,98
1/2/13,99
1/3/13,96
1/4/13,93
1/5/13,96
1/6/13,100
1/7/13,92
1/8/13,89
1/9/13,89
1/10/13,86
1/11/13,83
1/12/13,90
1/13/13,97
1/14/13,87
1/15/13,83
1/16/13,83
1/17/13,80
1/18/13,81
1/19/13,88
1/20/13,94
1/21/13,83
1/22/13,81
1/23/13,80
1/24/13,79
1/25/13,78
1/26/13,87
1/27/13,93
1/28/13,83
1/29/13,81
1/30/13,80
1/31/13,79
2/1/13,77
2/2/13,84
2/3/13,90
2/4/13,80
2/5/13,80
2/6/13,80
2/7/13,77
2/8/13,75
2/9/13,84
2/10/13,91
2/11/13,81
2/12/13,80
2/13/13,76
2/14/13,72
2/15/13,74
2/16/13,82
2/17/13,86
2/18/13,79
2/19/13,77
2/20/13,77
2/21/13,75
2/22/13,75
2/23/13,82
2/24/13,87
2/25/13,77
2/26/13,76
2/27/13,76
2/28/13,76
3/1/13,75
3/2/13,80
3/3/13,89
3/4/13,78
3/5/13,76
3/6/13,77
3/7/13,76
3/8/13,75
3/9/13,82
3/10/13,88
3/11/13,78
3/12/13,76
3/13/13,75
3/14/13,72
3/15/13,73
3/16/13,81
3/17/13,88
3/18/13,79
3/19/13,77
3/20/13,76
3/21/13,75
3/22/13,74
3/23/13,82
3/24/13,88
3/25/13,80
3/26/13,76
3/27/13,76
3/28/13,74
3/29/13,76
3/30/13,78
3/31/13,80
4/1/13,90
4/2/13,88
4/3/13,87
4/4/13,87
4/5/13,86
4/6/13,89
4/7/13,95
4/8/13,88
4/9/13,85
4/10/13,86
4/11/13,84
4/12/13,83
4/13/13,90
4/14/13,96
4/15/13,84
4/16/13,83
4/17/13,84
4/18/13,84
4/19/13,82
4/20/13,89
4/21/13,98
4/22/13,89
4/23/13,85
4/24/13,83
4/25/13,84
4/26/13,84
4/27/13,91
4/28/13,99
4/29/13,90
4/30/13,85
5/1/13,90
5/2/13,84
5/3/13,83
5/4/13,88
5/5/13,93
5/6/13,87
5/7/13,86
5/8/13,84
5/9/13,85
5/10/13,86
5/11/13,91
5/12/13,96
5/13/13,88
5/14/13,87
5/15/13,85
5/16/13,83
5/17/13,81
5/18/13,89
5/19/13,93
5/20/13,88
5/21/13,85
5/22/13,85
5/23/13,84
5/24/13,82
5/25/13,87
5/26/13,90
5/27/13,87
5/28/13,85
5/29/13,88
5/30/13,86
5/31/13,83
6/1/13,90
6/2/13,97
6/3/13,88
6/4/13,86
6/5/13,86
6/6/13,85
6/7/13,82
6/8/13,88
6/9/13,98
6/10/13,91
6/11/13,94
6/12/13,89
6/13/13,89
6/14/13,87
6/15/13,90
6/16/13,96
6/17/13,90
6/18/13,87
6/19/13,86
6/20/13,85
6/21/13,83
6/22/13,92
6/23/13,100
6/24/13,91
6/25/13,90
6/26/13,90
6/27/13,88
6/28/13,88
6/29/13,94
6/30/13,100
7/1/13,87
7/2/13,86
7/3/13,86
7/4/13,81
7/5/13,79
7/6/13,85
7/7/13,91
7/8/13,86
7/9/13,85
7/10/13,86
7/11/13,83
7/12/13,81
7/13/13,85
7/14/13,93
7/15/13,88
7/16/13,86
7/17/13,85
7/18/13,84
7/19/13,82
7/20/13,87
7/21/13,95
7/22/13,88
7/23/13,86
7/24/13,86
7/25/13,85
7/26/13,84
7/27/13,88
7/28/13,97
7/29/13,93
7/30/13,91
7/31/13,89
8/1/13,88
8/2/13,85
8/3/13,90
8/4/13,97
8/5/13,92
8/6/13,92
8/7/13,91
8/8/13,91
8/9/13,87
8/10/13,90
8/11/13,95
8/12/13,91
8/13/13,89
8/14/13,87
8/15/13,89
8/16/13,85
8/17/13,89
8/18/13,98
8/19/13,96
8/20/13,92
8/21/13,89
8/22/13,86
8/23/13,87
8/24/13,91
8/25/13,98
8/26/13,90
8/27/13,89
8/28/13,90
8/29/13,89
8/30/13,88
8/31/13,91
9/1/13,99
9/2/13,95
9/3/13,91
9/4/13,88
9/5/13,87
9/6/13,87
9/7/13,93
9/8/13,99
9/9/13,91
9/10/13,90
9/11/13,88
9/12/13,87
9/13/13,85
9/14/13,92
9/15/13,100
9/16/13,92
9/17/13,92
9/18/13,89
9/19/13,84
9/20/13,83
9/21/13,88
9/22/13,92
9/23/13,87
9/24/13,84
9/25/13,84
9/26/13,84
9/27/13,81
9/28/13,87
9/29/13,93
9/30/13,89
10/1/13,48
10/2/13,47
10/3/13,47
10/4/13,47
10/5/13,49
10/6/13,53
10/7/13,48
10/8/13,48
10/9/13,48
10/10/13,47
10/11/13,46
10/12/13,50
10/13/13,54
10/14/13,50
10/15/13,49
10/16/13,48
10/17/13,48
10/18/13,46
10/19/13,50
10/20/13,55
10/21/13,50
10/22/13,50
10/23/13,50
10/24/13,48
10/25/13,48
10/26/13,50
10/27/13,55
10/28/13,51
10/29/13,50
10/30/13,48
10/31/13,45
11/1/13,49
11/2/13,54
11/3/13,60
11/4/13,54
11/5/13,52
11/6/13,51
11/7/13,51
11/8/13,50
11/9/13,55
11/10/13,60
11/11/13,57
11/12/13,55
11/13/13,54
11/14/13,54
11/15/13,55
11/16/13,60
11/17/13,66
11/18/13,59
11/19/13,57
11/20/13,58
11/21/13,57
11/22/13,58
11/23/13,63
11/24/13,71
11/25/13,66
11/26/13,64
11/27/13,65
11/28/13,68
11/29/13,95
11/30/13,80
12/1/13,79
12/2/13,100
12/3/13,84
12/4/13,74
12/5/13,70
12/6/13,69
12/7/13,75
12/8/13,82
12/9/13,77
12/10/13,74
12/11/13,72
12/12/13,71
12/13/13,71
12/14/13,79
12/15/13,82
12/16/13,78
12/17/13,74
12/18/13,69
12/19/13,66
12/20/13,62
12/21/13,65
12/22/13,62
12/23/13,58
12/24/13,53
12/25/13,67
12/26/13,72
12/27/13,68
12/28/13,64
12/29/13,64
12/30/13,61
12/31/13,54
1/1/14,94
1/2/14,100
1/3/14,97
1/4/14,98
1/5/14,100
1/6/14,93
1/7/14,90
1/8/14,91
1/9/14,86
1/10/14,86
1/11/14,92
1/12/14,97
1/13/14,87
1/14/14,86
1/15/14,84
1/16/14,82
1/17/14,80
1/18/14,89
1/19/14,94
1/20/14,86
1/21/14,84
1/22/14,84
1/23/14,80
1/24/14,79
1/25/14,88
1/26/14,95
1/27/14,82
1/28/14,82
1/29/14,81
1/30/14,80
1/31/14,80
2/1/14,86
2/2/14,89
2/3/14,81
2/4/14,82
2/5/14,80
2/6/14,80
2/7/14,78
2/8/14,85
2/9/14,91
2/10/14,82
2/11/14,81
2/12/14,79
2/13/14,77
2/14/14,74
2/15/14,82
2/16/14,88
2/17/14,81
2/18/14,80
2/19/14,76
2/20/14,76
2/21/14,76
2/22/14,81
2/23/14,87
2/24/14,79
2/25/14,79
2/26/14,79
2/27/14,77
2/28/14,77
3/1/14,84
3/2/14,91
3/3/14,81
3/4/14,81
3/5/14,78
3/6/14,76
3/7/14,75
3/8/14,80
3/9/14,84
3/10/14,79
3/11/14,78
3/12/14,76
3/13/14,77
3/14/14,76
3/15/14,81
3/16/14,87
3/17/14,80
3/18/14,77
3/19/14,77
3/20/14,74
3/21/14,75
3/22/14,83
3/23/14,87
3/24/14,79
3/25/14,79
3/26/14,78
3/27/14,76
3/28/14,75
3/29/14,80
3/30/14,85
3/31/14,79
4/1/14,85
4/2/14,89
4/3/14,89
4/4/14,86
4/5/14,92
4/6/14,100
4/7/14,89
4/8/14,89
4/9/14,87
4/10/14,85
4/11/14,84
4/12/14,91
4/13/14,95
4/14/14,90
4/15/14,88
4/16/14,85
4/17/14,84
4/18/14,88
4/19/14,87
4/20/14,90
4/21/14,93
4/22/14,88
4/23/14,89
4/24/14,85
4/25/14,87
4/26/14,90
4/27/14,99
4/28/14,88
4/29/14,86
4/30/14,86
5/1/14,92
5/2/14,89
5/3/14,89
5/4/14,94
5/5/14,88
5/6/14,88
5/7/14,87
5/8/14,88
5/9/14,85
5/10/14,90
5/11/14,94
5/12/14,88
5/13/14,86
5/14/14,84
5/15/14,83
5/16/14,81
5/17/14,85
5/18/14,93
5/19/14,87
5/20/14,87
5/21/14,83
5/22/14,82
5/23/14,82
5/24/14,87
5/25/14,88
5/26/14,86
5/27/14,87
5/28/14,86
5/29/14,86
5/30/14,84
5/31/14,86
6/1/14,95
6/2/14,89
6/3/14,88
6/4/14,88
6/5/14,87
6/6/14,82
6/7/14,88
6/8/14,92
6/9/14,89
6/10/14,90
6/11/14,88
6/12/14,85
6/13/14,82
6/14/14,86
6/15/14,92
6/16/14,86
6/17/14,88
6/18/14,96
6/19/14,97
6/20/14,89
6/21/14,87
6/22/14,94
6/23/14,89
6/24/14,89
6/25/14,89
6/26/14,84
6/27/14,87
6/28/14,92
6/29/14,100
6/30/14,91
7/1/14,83
7/2/14,85
7/3/14,82
7/4/14,76
7/5/14,80
7/6/14,92
7/7/14,87
7/8/14,87
7/9/14,84
7/10/14,83
7/11/14,83
7/12/14,86
7/13/14,88
7/14/14,87
7/15/14,87
7/16/14,87
7/17/14,83
7/18/14,81
7/19/14,87
7/20/14,95
7/21/14,90
7/22/14,90
7/23/14,88
7/24/14,87
7/25/14,86
7/26/14,88
7/27/14,95
7/28/14,94
7/29/14,93
7/30/14,90
7/31/14,87
8/1/14,88
8/2/14,91
8/3/14,97
8/4/14,92
8/5/14,91
8/6/14,89
8/7/14,87
8/8/14,86
8/9/14,89
8/10/14,97
8/11/14,91
8/12/14,90
8/13/14,89
8/14/14,88
8/15/14,89
8/16/14,91
8/17/14,97
8/18/14,94
8/19/14,91
8/20/14,91
8/21/14,89
8/22/14,87
8/23/14,91
8/24/14,96
8/25/14,95
8/26/14,94
8/27/14,92
8/28/14,91
8/29/14,89
8/30/14,93
8/31/14,99
9/1/14,94
9/2/14,92
9/3/14,92
9/4/14,89
9/5/14,88
9/6/14,95
9/7/14,100
9/8/14,93
9/9/14,94
9/10/14,94
9/11/14,90
9/12/14,88
9/13/14,93
9/14/14,99
9/15/14,95
9/16/14,93
9/17/14,90
9/18/14,87
9/19/14,89
9/20/14,94
9/21/14,99
9/22/14,93
9/23/14,90
9/24/14,91
9/25/14,90
9/26/14,89
9/27/14,92
9/28/14,100
9/29/14,94
9/30/14,93
10/1/14,47
10/2/14,45
10/3/14,45
10/4/14,49
10/5/14,52
10/6/14,51
10/7/14,50
10/8/14,49
10/9/14,49
10/10/14,57
10/11/14,56
10/12/14,56
10/13/14,52
10/14/14,51
10/15/14,49
10/16/14,49
10/17/14,48
10/18/14,50
10/19/14,52
10/20/14,50
10/21/14,52
10/22/14,49
10/23/14,49
10/24/14,47
10/25/14,48
10/26/14,52
10/27/14,50
10/28/14,49
10/29/14,48
10/30/14,46
10/31/14,43
11/1/14,49
11/2/14,54
11/3/14,51
11/4/14,50
11/5/14,49
11/6/14,50
11/7/14,49
11/8/14,54
11/9/14,57
11/10/14,53
11/11/14,57
11/12/14,52
11/13/14,51
11/14/14,51
11/15/14,56
11/16/14,62
11/17/14,57
11/18/14,55
11/19/14,55
11/20/14,54
11/21/14,55
11/22/14,59
11/23/14,65
11/24/14,63
11/25/14,61
11/26/14,64
11/27/14,72
11/28/14,100
11/29/14,78
11/30/14,78
12/1/14,85
12/2/14,73
12/3/14,66
12/4/14,64
12/5/14,64
12/6/14,67
12/7/14,73
12/8/14,71
12/9/14,69
12/10/14,67
12/11/14,67
12/12/14,66
12/13/14,71
12/14/14,76
12/15/14,71
12/16/14,69
12/17/14,68
12/18/14,65
12/19/14,63
12/20/14,65
12/21/14,63
12/22/14,60
12/23/14,55
12/24/14,50
12/25/14,64
12/26/14,69
12/27/14,65
12/28/14,62
12/29/14,61
12/30/14,56
12/31/14,51
1/1/15,90
1/2/15,99
1/3/15,100
1/4/15,98
1/5/15,91
1/6/15,90
1/7/15,88
1/8/15,86
1/9/15,85
1/10/15,93
1/11/15,96
1/12/15,90
1/13/15,87
1/14/15,87
1/15/15,84
1/16/15,84
1/17/15,89
1/18/15,94
1/19/15,88
1/20/15,85
1/21/15,84
1/22/15,85
1/23/15,86
1/24/15,92
1/25/15,97
1/26/15,85
1/27/15,83
1/28/15,81
1/29/15,82
1/30/15,80
1/31/15,87
2/1/15,89
2/2/15,80
2/3/15,81
2/4/15,81
2/5/15,81
2/6/15,79
2/7/15,84
2/8/15,90
2/9/15,81
2/10/15,80
2/11/15,79
2/12/15,78
2/13/15,76
2/14/15,80
2/15/15,96
2/16/15,87
2/17/15,79
2/18/15,78
2/19/15,76
2/20/15,77
2/21/15,83
2/22/15,86
2/23/15,78
2/24/15,78
2/25/15,76
2/26/15,78
2/27/15,75
2/28/15,80
3/1/15,87
3/2/15,78
3/3/15,77
3/4/15,75
3/5/15,76
3/6/15,74
3/7/15,79
3/8/15,83
3/9/15,78
3/10/15,75
3/11/15,74
3/12/15,74
3/13/15,73
3/14/15,77
3/15/15,84
3/16/15,77
3/17/15,74
3/18/15,73
3/19/15,72
3/20/15,72
3/21/15,80
3/22/15,83
3/23/15,77
3/24/15,75
3/25/15,77
3/26/15,75
3/27/15,75
3/28/15,79
3/29/15,84
3/30/15,80
3/31/15,78
4/1/15,87
4/2/15,83
4/3/15,83
4/4/15,80
4/5/15,82
4/6/15,83
4/7/15,81
4/8/15,82
4/9/15,80
4/10/15,81
4/11/15,85
4/12/15,89
4/13/15,84
4/14/15,81
4/15/15,81
4/16/15,79
4/17/15,78
4/18/15,82
4/19/15,89
4/20/15,84
4/21/15,82
4/22/15,80
4/23/15,79
4/24/15,79
4/25/15,84
4/26/15,90
4/27/15,84
4/28/15,81
4/29/15,80
4/30/15,80
5/1/15,85
5/2/15,82
5/3/15,87
5/4/15,85
5/5/15,85
5/6/15,100
5/7/15,89
5/8/15,83
5/9/15,85
5/10/15,87
5/11/15,83
5/12/15,83
5/13/15,78
5/14/15,80
5/15/15,80
5/16/15,84
5/17/15,88
5/18/15,84
5/19/15,83
5/20/15,81
5/21/15,77
5/22/15,76
5/23/15,80
5/24/15,81
5/25/15,85
5/26/15,83
5/27/15,81
5/28/15,82
5/29/15,81
5/30/15,85
5/31/15,94
6/1/15,86
6/2/15,84
6/3/15,83
6/4/15,82
6/5/15,80
6/6/15,82
6/7/15,88
6/8/15,87
6/9/15,83
6/10/15,82
6/11/15,79
6/12/15,80
6/13/15,83
6/14/15,91
6/15/15,85
6/16/15,85
6/17/15,84
6/18/15,85
6/19/15,81
6/20/15,85
6/21/15,90
6/22/15,88
6/23/15,89
6/24/15,86
6/25/15,83
6/26/15,81
6/27/15,86
6/28/15,91
6/29/15,86
6/30/15,85
7/1/15,51
7/2/15,51
7/3/15,48
7/4/15,50
7/5/15,54
7/6/15,54
7/7/15,54
7/8/15,55
7/9/15,53
7/10/15,52
7/11/15,53
7/12/15,58
7/13/15,56
7/14/15,62
7/15/15,100
7/16/15,61
7/17/15,54
7/18/15,54
7/19/15,58
7/20/15,55
7/21/15,54
7/22/15,54
7/23/15,52
7/24/15,53
7/25/15,52
7/26/15,57
7/27/15,55
7/28/15,54
7/29/15,54
7/30/15,53
7/31/15,52
8/1/15,52
8/2/15,56
8/3/15,55
8/4/15,55
8/5/15,54
8/6/15,53
8/7/15,51
8/8/15,54
8/9/15,58
8/10/15,67
8/11/15,64
8/12/15,58
8/13/15,54
8/14/15,53
8/15/15,54
8/16/15,60
8/17/15,58
8/18/15,57
8/19/15,55
8/20/15,54
8/21/15,52
8/22/15,53
8/23/15,58
8/24/15,56
8/25/15,57
8/26/15,55
8/27/15,55
8/28/15,53
8/29/15,55
8/30/15,58
8/31/15,55
9/1/15,56
9/2/15,55
9/3/15,53
9/4/15,53
9/5/15,54
9/6/15,57
9/7/15,56
9/8/15,53
9/9/15,52
9/10/15,51
9/11/15,51
9/12/15,53
9/13/15,57
9/14/15,53
9/15/15,51
9/16/15,52
9/17/15,51
9/18/15,50
9/19/15,53
9/20/15,58
9/21/15,53
9/22/15,53
9/23/15,53
9/24/15,54
9/25/15,54
9/26/15,55
9/27/15,58
9/28/15,54
9/29/15,54
9/30/15,55
10/1/15,45
10/2/15,43
10/3/15,47
10/4/15,48
10/5/15,46
10/6/15,45
10/7/15,45
10/8/15,44
10/9/15,43
10/10/15,46
10/11/15,49
10/12/15,49
10/13/15,53
10/14/15,50
10/15/15,50
10/16/15,48
10/17/15,49
10/18/15,51
10/19/15,49
10/20/15,47
10/21/15,46
10/22/15,46
10/23/15,46
10/24/15,47
10/25/15,51
10/26/15,54
10/27/15,52
10/28/15,50
10/29/15,47
10/30/15,45
10/31/15,44
11/1/15,51
11/2/15,49
11/3/15,49
11/4/15,49
11/5/15,50
11/6/15,48
11/7/15,52
11/8/15,56
11/9/15,53
11/10/15,50
11/11/15,51
11/12/15,49
11/13/15,49
11/14/15,49
11/15/15,56
11/16/15,51
11/17/15,51
11/18/15,52
11/19/15,53
11/20/15,53
11/21/15,58
11/22/15,65
11/23/15,64
11/24/15,61
11/25/15,63
11/26/15,70
11/27/15,100
11/28/15,77
11/29/15,77
11/30/15,87
12/1/15,72
12/2/15,65
12/3/15,63
12/4/15,60
12/5/15,66
12/6/15,72
12/7/15,67
12/8/15,68
12/9/15,67
12/10/15,65
12/11/15,63
12/12/15,69
12/13/15,73
12/14/15,69
12/15/15,70
12/16/15,67
12/17/15,65
12/18/15,66
12/19/15,68
12/20/15,68
12/21/15,65
12/22/15,60
12/23/15,55
12/24/15,50
12/25/15,62
12/26/15,68
12/27/15,65
12/28/15,61
12/29/15,60
12/30/15,56
12/31/15,49
1/1/16,90
1/2/16,98
1/3/16,100
1/4/16,92
1/5/16,90
1/6/16,90
1/7/16,88
1/8/16,86
1/9/16,91
1/10/16,93
1/11/16,86
1/12/16,84
1/13/16,84
1/14/16,80
1/15/16,82
1/16/16,89
1/17/16,91
1/18/16,86
1/19/16,84
1/20/16,83
1/21/16,90
1/22/16,90
1/23/16,90
1/24/16,92
1/25/16,84
1/26/16,82
1/27/16,83
1/28/16,81
1/29/16,79
1/30/16,86
1/31/16,92
2/1/16,84
2/2/16,80
2/3/16,81
2/4/16,78
2/5/16,77
2/6/16,84
2/7/16,86
2/8/16,82
2/9/16,81
2/10/16,81
2/11/16,79
2/12/16,76
2/13/16,81
2/14/16,83
2/15/16,81
2/16/16,77
2/17/16,77
2/18/16,76
2/19/16,75
2/20/16,80
2/21/16,85
2/22/16,79
2/23/16,78
2/24/16,75
2/25/16,76
2/26/16,75
2/27/16,80
2/28/16,85
2/29/16,77
3/1/16,77
3/2/16,77
3/3/16,77
3/4/16,75
3/5/16,81
3/6/16,85
3/7/16,79
3/8/16,77
3/9/16,77
3/10/16,78
3/11/16,74
3/12/16,80
3/13/16,85
3/14/16,78
3/15/16,77
3/16/16,75
3/17/16,74
3/18/16,73
3/19/16,79
3/20/16,84
3/21/16,81
3/22/16,76
3/23/16,77
3/24/16,74
3/25/16,78
3/26/16,77
3/27/16,78
3/28/16,81
3/29/16,79
3/30/16,79
3/31/16,77
4/1/16,88
4/2/16,90
4/3/16,97
4/4/16,93
4/5/16,89
4/6/16,90
4/7/16,89
4/8/16,87
4/9/16,93
4/10/16,98
4/11/16,91
4/12/16,89
4/13/16,90
4/14/16,87
4/15/16,86
4/16/16,91
4/17/16,97
4/18/16,91
4/19/16,89
4/20/16,86
4/21/16,85
4/22/16,85
4/23/16,91
4/24/16,97
4/25/16,93
4/26/16,90
4/27/16,90
4/28/16,90
4/29/16,88
4/30/16,91
5/1/16,100
5/2/16,93
5/3/16,90
5/4/16,87
5/5/16,87
5/6/16,85
5/7/16,89
5/8/16,92
5/9/16,91
5/10/16,91
5/11/16,91
5/12/16,87
5/13/16,87
5/14/16,90
5/15/16,96
5/16/16,93
5/17/16,91
5/18/16,90
5/19/16,87
5/20/16,84
5/21/16,89
5/22/16,95
5/23/16,91
5/24/16,90
5/25/16,88
5/26/16,88
5/27/16,85
5/28/16,88
5/29/16,93
5/30/16,93
5/31/16,91
6/1/16,93
6/2/16,93
6/3/16,88
6/4/16,92
6/5/16,97
6/6/16,92
6/7/16,91
6/8/16,93
6/9/16,89
6/10/16,87
6/11/16,90
6/12/16,97
6/13/16,92
6/14/16,91
6/15/16,92
6/16/16,90
6/17/16,89
6/18/16,93
6/19/16,97
6/20/16,94
6/21/16,93
6/22/16,92
6/23/16,89
6/24/16,86
6/25/16,92
6/26/16,97
6/27/16,93
6/28/16,94
6/29/16,95
6/30/16,96
7/1/16,57
7/2/16,59
7/3/16,62
7/4/16,60
7/5/16,61
7/6/16,61
7/7/16,63
7/8/16,61
7/9/16,62
7/10/16,63
7/11/16,67
7/12/16,100
7/13/16,70
7/14/16,61
7/15/16,57
7/16/16,59
7/17/16,64
7/18/16,62
7/19/16,59
7/20/16,61
7/21/16,59
7/22/16,57
7/23/16,59
7/24/16,65
7/25/16,62
7/26/16,62
7/27/16,63
7/28/16,61
7/29/16,61
7/30/16,64
7/31/16,67
8/1/16,64
8/2/16,64
8/3/16,63
8/4/16,60
8/5/16,59
8/6/16,59
8/7/16,63
8/8/16,66
8/9/16,65
8/10/16,63
8/11/16,61
8/12/16,58
8/13/16,58
8/14/16,61
8/15/16,60
8/16/16,61
8/17/16,61
8/18/16,60
8/19/16,60
8/20/16,61
8/21/16,65
8/22/16,64
8/23/16,63
8/24/16,60
8/25/16,61
8/26/16,61
8/27/16,61
8/28/16,65
8/29/16,63
8/30/16,64
8/31/16,63
9/1/16,62
9/2/16,61
9/3/16,63
9/4/16,66
9/5/16,64
9/6/16,62
9/7/16,64
9/8/16,62
9/9/16,59
9/10/16,62
9/11/16,66
9/12/16,62
9/13/16,62
9/14/16,62
9/15/16,62
9/16/16,62
9/17/16,65
9/18/16,67
9/19/16,64
9/20/16,62
9/21/16,61
9/22/16,60
9/23/16,59
9/24/16,63
9/25/16,66
9/26/16,64
9/27/16,62
9/28/16,62
9/29/16,61
9/30/16,62
10/1/16,56
10/2/16,55
10/3/16,53
10/4/16,51
10/5/16,50
10/6/16,47
10/7/16,46
10/8/16,48
10/9/16,50
10/10/16,48
10/11/16,47
10/12/16,49
10/13/16,47
10/14/16,45
10/15/16,48
10/16/16,51
10/17/16,51
10/18/16,50
10/19/16,50
10/20/16,48
10/21/16,47
10/22/16,49
10/23/16,52
10/24/16,49
10/25/16,50
10/26/16,48
10/27/16,47
10/28/16,47
10/29/16,47
10/30/16,48
10/31/16,45
11/1/16,46
11/2/16,48
11/3/16,46
11/4/16,47
11/5/16,49
11/6/16,53
11/7/16,49
11/8/16,47
11/9/16,40
11/10/16,46
11/11/16,50
11/12/16,52
11/13/16,56
11/14/16,53
11/15/16,54
11/16/16,54
11/17/16,53
11/18/16,57
11/19/16,58
11/20/16,63
11/21/16,62
11/22/16,61
11/23/16,63
11/24/16,70
11/25/16,100
11/26/16,74
11/27/16,73
11/28/16,85
11/29/16,67
11/30/16,61
12/1/16,61
12/2/16,60
12/3/16,63
12/4/16,68
12/5/16,64
12/6/16,65
12/7/16,62
12/8/16,63
12/9/16,61
12/10/16,61
12/11/16,70
12/12/16,68
12/13/16,66
12/14/16,68
12/15/16,65
12/16/16,65
12/17/16,69
12/18/16,72
12/19/16,67
12/20/16,65
12/21/16,62
12/22/16,57
12/23/16,52
12/24/16,49
12/25/16,61
12/26/16,64
12/27/16,61
12/28/16,60
12/29/16,57
12/30/16,57
12/31/16,48
1/1/17,91
1/2/17,100
1/3/17,97
1/4/17,94
1/5/17,90
1/6/17,89
1/7/17,95
1/8/17,97
1/9/17,90
1/10/17,89
1/11/17,90
1/12/17,88
1/13/17,87
1/14/17,91
1/15/17,95
1/16/17,87
1/17/17,86
1/18/17,85
1/19/17,82
1/20/17,87
1/21/17,91
1/22/17,96
1/23/17,87
1/24/17,82
1/25/17,82
1/26/17,81
1/27/17,79
1/28/17,86
1/29/17,89
1/30/17,83
1/31/17,82
2/1/17,80
2/2/17,82
2/3/17,81
2/4/17,84
2/5/17,88
2/6/17,81
2/7/17,80
2/8/17,81
2/9/17,79
2/10/17,78
2/11/17,83
2/12/17,86
2/13/17,78
2/14/17,75
2/15/17,76
2/16/17,75
2/17/17,76
2/18/17,81
2/19/17,84
2/20/17,80
2/21/17,78
2/22/17,79
2/23/17,77
2/24/17,77
2/25/17,80
2/26/17,85
2/27/17,80
2/28/17,86
3/1/17,82
3/2/17,80
3/3/17,80
3/4/17,84
3/5/17,89
3/6/17,81
3/7/17,80
3/8/17,78
3/9/17,76
3/10/17,77
3/11/17,80
3/12/17,84
3/13/17,78
3/14/17,77
3/15/17,77
3/16/17,74
3/17/17,74
3/18/17,79
3/19/17,84
3/20/17,78
3/21/17,77
3/22/17,78
3/23/17,79
3/24/17,76
3/25/17,79
3/26/17,84
3/27/17,78
3/28/17,77
3/29/17,78
3/30/17,80
3/31/17,78