Date,Amazon Australia,Amazon dvd,Amazon mp3,Amazon books,Amazon India,Amazon music,Amazon UK,Amazon video,Amazon error,Amazon kindle,Amazon order,Amazon recall,Amazon register,Amazon sucks,Amazon echo,Price
1/1/07,76,100,50,52,21,78,100,100,71,0,58,0,0,0,36,38.700001
1/2/07,70,78,72,95,13,53,99,58,0,39,25,0,41,39,47,38.900002
1/3/07,45,91,65,89,0,57,87,63,43,38,46,0,39,38,54,38.369999
1/4/07,73,68,45,90,12,65,88,54,42,0,34,83,0,0,53,37.5
1/5/07,34,77,53,58,0,100,78,46,0,38,60,0,0,38,52,37.779999
1/6/07,41,75,51,65,33,73,91,73,57,100,31,0,0,100,43,37.150002
1/7/07,54,89,68,71,100,80,94,83,0,0,31,0,0,0,37,37.400002
1/8/07,85,65,43,64,12,51,70,51,80,0,44,0,0,0,53,38.200001
1/9/07,37,59,37,100,23,44,73,50,0,34,64,0,71,34,51,38.66
1/10/07,49,61,55,82,35,60,66,37,40,34,65,0,35,34,53,37.880001
1/11/07,23,71,43,67,23,46,76,37,0,0,33,39,71,0,56,36.98
1/12/07,41,55,45,99,25,58,71,49,0,0,58,0,76,0,51,37.02
1/13/07,59,79,64,100,0,83,80,72,0,0,61,0,0,0,46,36.950001
1/14/07,80,82,63,76,49,76,93,94,0,0,30,0,0,0,42,36.43
1/15/07,75,67,57,88,23,57,84,46,0,0,65,0,0,0,55,37.259998
1/16/07,67,52,17,89,46,63,76,41,0,0,95,0,35,0,53,37.080002
1/17/07,89,59,37,96,11,62,75,41,0,0,53,0,0,0,52,36.849998
1/18/07,45,55,44,59,11,60,58,36,39,0,53,0,0,0,55,37.43
1/19/07,36,56,37,69,25,75,60,39,42,36,46,0,75,36,56,37.049999
1/20/07,58,69,69,89,32,88,78,45,0,0,44,0,49,0,41,37.669998
1/21/07,56,79,81,83,16,68,86,72,0,0,87,0,0,0,44,38.700001
1/22/07,62,51,48,70,44,52,64,66,0,0,72,0,0,0,53,37.389999
1/23/07,73,56,46,84,11,55,60,40,0,66,41,0,0,66,56,37.16
1/24/07,48,69,56,63,11,50,58,38,38,33,63,38,34,33,53,38.27
1/25/07,19,53,42,80,35,51,72,58,39,34,54,0,0,34,49,38.98
1/26/07,32,55,42,81,12,63,77,46,0,72,34,41,0,72,51,39.099998
1/27/07,32,72,59,79,32,73,70,55,0,0,45,0,0,0,42,38.720001
1/28/07,56,81,78,84,31,91,77,62,0,46,29,0,0,46,41,38.849998
1/29/07,43,63,57,75,0,48,78,55,0,0,61,0,0,0,53,39.310001
1/30/07,58,54,48,61,33,54,65,48,0,0,41,0,34,0,52,40.139999
1/31/07,55,61,53,51,22,58,53,36,75,0,21,0,0,0,55,40.060001
2/1/07,26,47,47,81,23,51,63,39,39,0,64,38,35,0,51,40.330002
2/2/07,43,46,31,79,24,65,69,38,40,0,33,0,36,0,48,41.509998
2/3/07,94,77,69,56,0,69,72,44,0,0,44,0,0,0,46,41.259998
2/4/07,20,73,67,70,16,64,83,56,53,0,29,0,0,0,45,41
2/5/07,65,63,41,60,22,39,75,55,0,0,21,37,34,0,53,40.779999
2/6/07,37,53,35,63,22,60,67,57,0,0,51,0,34,0,53,40.880001
2/7/07,54,68,50,82,11,56,64,51,0,0,21,38,0,0,52,38.830002
2/8/07,68,55,55,76,11,65,61,31,0,33,41,0,34,33,51,39.139999
2/9/07,42,61,28,69,0,55,64,49,0,35,87,0,0,35,48,38.849998
2/10/07,25,62,50,86,16,85,77,68,0,46,72,0,48,46,43,37.689999
2/11/07,100,81,66,75,0,82,85,61,0,45,28,0,46,45,43,37.049999
2/12/07,36,60,49,58,0,56,59,56,37,32,40,0,0,32,52,38.580002
2/13/07,53,62,35,61,11,45,65,39,37,0,0,0,0,0,52,38.360001
2/14/07,59,55,22,69,0,53,57,40,0,33,31,38,34,33,51,38.099998
2/15/07,71,60,45,68,11,46,73,53,39,0,43,78,0,0,53,38.84
2/16/07,28,57,76,65,24,64,74,51,0,0,68,0,37,0,50,38.810001
2/17/07,58,70,63,62,33,61,70,49,0,0,61,0,50,0,44,37.82
2/18/07,42,94,70,71,49,65,71,58,54,0,60,0,0,0,48,38.080002
2/19/07,61,66,60,73,0,51,81,49,40,0,33,40,0,0,54,37.779999
2/20/07,57,53,40,74,0,60,69,60,0,0,53,0,0,0,54,37.849998
2/21/07,59,50,46,64,23,62,69,38,38,33,31,0,0,33,52,38.450001
2/22/07,66,52,37,81,34,55,68,54,38,0,52,0,35,0,51,38.580002
2/23/07,51,50,41,60,12,50,67,52,0,0,55,0,37,0,51,39.799999
2/24/07,51,72,100,64,15,80,76,64,0,0,100,52,47,0,47,39.490002
2/25/07,87,61,48,64,45,80,76,39,0,0,69,0,0,0,41,38.98
2/26/07,39,64,44,71,32,56,65,47,0,32,40,0,33,32,51,39.009998
2/27/07,55,50,36,70,21,47,62,32,0,32,49,0,33,32,50,39.369999
2/28/07,39,44,44,86,22,46,68,56,0,0,20,0,0,0,54,39.34
3/1/07,32,66,31,84,33,69,69,37,38,32,61,0,0,32,53,39.810001
3/2/07,42,58,42,61,12,54,70,30,39,0,32,0,0,0,52,39.790001
3/3/07,50,70,43,55,91,70,83,67,52,45,42,0,46,45,47,40.419998
3/4/07,40,82,42,51,15,55,89,66,0,0,28,0,0,0,43,41.189999
3/5/07,59,62,35,69,0,58,66,47,0,0,59,0,33,0,53,41.529999
3/6/07,56,61,34,80,11,57,62,55,0,31,20,0,0,31,54,41.68
3/7/07,52,57,62,71,32,58,68,47,0,0,29,0,33,0,54,41.66
3/8/07,68,47,43,70,11,57,63,26,0,0,31,0,0,0,52,41.860001
3/9/07,60,52,27,65,23,46,63,30,39,34,53,0,0,34,50,41.68
3/10/07,60,67,59,68,15,69,63,36,0,45,43,0,0,45,43,42.27
3/11/07,35,59,55,72,0,80,76,51,52,0,56,0,46,0,43,42.41
3/12/07,56,53,39,77,43,46,72,66,0,0,60,0,65,0,53,45.200001
3/13/07,67,53,39,63,11,62,65,43,36,0,50,0,0,0,54,45.07
3/14/07,50,50,58,65,22,42,64,50,0,0,50,0,0,0,53,44.990002
3/15/07,22,47,43,55,0,54,62,53,0,0,21,0,0,0,53,44.639999
3/16/07,37,57,27,57,23,68,58,39,0,0,43,0,0,0,47,44.950001
3/17/07,35,60,72,40,15,76,58,33,0,46,28,0,46,46,44,44.77
3/18/07,43,68,66,52,29,72,79,59,100,0,82,100,0,0,45,44.75
3/19/07,55,59,46,63,21,52,69,50,36,0,49,71,32,0,60,56.810001
3/20/07,44,67,26,44,67,63,60,51,0,0,52,75,34,0,53,62.779999
3/21/07,42,49,46,67,0,59,62,43,0,32,60,36,0,32,53,62.599998
3/22/07,46,58,32,57,22,49,62,45,0,0,20,36,33,0,57,61.330002
3/23/07,56,54,44,73,23,66,70,36,77,34,21,0,0,34,56,62.040001
3/24/07,15,62,65,56,15,47,78,44,0,0,84,50,0,0,49,61.18
3/25/07,54,73,59,74,0,78,84,39,0,0,70,0,0,0,90,62.189999
3/26/07,38,53,63,62,10,48,53,42,35,31,19,35,0,31,100,63.23
3/27/07,55,47,36,64,0,54,66,40,0,0,19,36,48,0,69,60.82
3/28/07,28,53,37,70,32,50,63,41,73,0,80,36,32,0,56,61.830002
3/29/07,50,55,31,50,43,51,71,43,37,0,81,0,100,0,55,62.849998
3/30/07,42,46,50,81,23,59,57,39,40,0,32,39,0,0,55,60.919998
3/31/07,30,64,57,56,31,86,65,71,0,46,0,52,0,46,42,61.560001
1/1/08,90,91,61,82,34,92,100,100,0,0,100,0,55,0,48,96.25
1/2/08,72,93,44,73,68,81,74,68,0,0,98,0,0,0,63,95.209999
1/3/08,63,81,48,84,29,63,72,69,0,39,70,0,0,39,61,88.790001
1/4/08,55,77,47,78,38,77,74,75,0,0,52,0,36,0,60,88.82
1/5/08,61,98,63,76,38,92,75,74,0,0,66,0,92,0,51,87.879997
1/6/08,82,100,39,65,66,84,78,75,0,0,58,35,0,0,51,85.220001
1/7/08,63,75,51,100,35,66,70,61,0,37,60,25,0,37,66,84.260002
1/8/08,44,77,43,96,41,74,77,59,0,0,30,0,0,0,63,81.080002
1/9/08,47,74,39,87,41,76,64,71,0,73,18,0,33,73,65,82.870003
1/10/08,41,69,45,82,76,75,62,55,0,37,30,0,50,37,75,80.239998
1/11/08,69,69,100,80,21,78,66,64,25,77,37,0,35,77,79,80.349998
1/12/08,59,87,68,71,56,91,69,65,0,100,40,0,45,100,62,80.120003
1/13/08,100,87,65,79,81,100,90,66,32,0,63,0,45,0,58,79.760002
1/14/08,70,68,44,83,40,70,70,52,0,35,29,0,32,35,71,78.480003
1/15/08,64,65,55,76,67,81,64,60,23,0,69,0,0,0,68,73.970001
1/16/08,49,74,41,85,47,62,54,53,0,36,46,0,0,36,66,77.669998
1/17/08,43,60,44,76,47,66,54,62,0,0,35,25,33,0,73,77.599998
1/18/08,45,68,36,77,14,64,63,39,0,38,31,26,34,38,71,75.82
1/19/08,91,80,51,72,18,81,69,61,0,0,71,33,0,0,60,73.949997
1/20/08,98,83,61,85,70,79,70,88,62,47,54,0,43,47,54,74.209999
1/21/08,85,71,46,72,80,63,60,58,0,53,52,0,32,53,69,77.699997
1/22/08,42,62,34,81,59,59,53,52,45,0,45,0,32,0,69,74.629997
1/23/08,72,57,42,89,59,60,51,59,0,0,11,0,32,0,63,73.949997
1/24/08,64,56,48,90,40,79,63,58,47,0,52,0,33,0,66,72.089996
1/25/08,68,65,41,75,57,59,66,72,0,38,43,0,0,38,64,68.489998
1/26/08,76,73,37,82,92,85,81,67,0,49,80,0,45,49,58,70.910004
1/27/08,37,80,70,75,54,83,71,71,31,0,23,0,0,0,57,73.5
1/28/08,89,58,75,74,19,87,71,58,23,35,34,0,48,35,67,75.190002
1/29/08,44,60,61,81,19,73,61,70,22,34,34,0,0,34,65,74.449997
1/30/08,88,48,56,87,33,73,60,51,23,0,57,0,32,0,66,77.730003
1/31/08,34,49,51,63,27,64,62,52,24,36,35,0,32,36,68,75.800003
2/1/08,68,69,51,73,0,63,60,60,0,38,25,0,0,38,68,72.959999
2/2/08,38,68,51,58,100,97,67,79,32,0,31,0,45,0,54,72.080002
2/3/08,70,77,48,85,45,66,81,84,32,0,55,33,44,0,57,73.639999
2/4/08,47,65,40,72,27,65,63,68,24,0,18,0,100,0,69,69.900002
2/5/08,83,55,43,79,41,81,55,59,0,36,70,0,33,36,69,72.080002
2/6/08,40,62,46,79,20,60,62,58,47,0,41,0,33,0,65,73.269997
2/7/08,53,66,33,78,48,69,70,54,0,0,12,100,33,0,70,71.690002
2/8/08,53,62,49,84,29,70,60,45,0,0,25,0,0,0,67,70.870003
2/9/08,59,79,60,78,45,80,82,88,0,0,48,0,0,0,55,67.849998
2/10/08,45,83,59,73,45,76,74,69,64,0,39,33,0,0,53,64.470001
2/11/08,75,67,51,77,85,73,71,61,23,0,40,0,65,0,63,62.43
2/12/08,51,55,38,63,33,60,64,52,0,0,51,24,0,0,65,65.339996
2/13/08,45,57,36,78,58,61,64,36,0,71,29,0,0,71,63,64.989998
2/14/08,41,53,34,72,61,53,56,51,0,73,41,50,33,73,66,62.740002
2/15/08,49,57,39,68,42,69,71,61,25,38,31,52,0,38,95,64.089996
2/16/08,41,80,42,70,63,87,75,76,31,48,54,0,0,48,100,63.470001
2/17/08,52,86,50,72,88,76,76,55,0,0,38,0,43,0,67,67.150002
2/18/08,39,58,50,71,91,71,57,55,0,0,62,24,0,0,74,66.510002
2/19/08,59,65,42,78,38,70,56,40,0,0,45,0,0,0,66,68.32
2/20/08,38,69,31,82,32,58,50,68,0,34,45,0,31,34,63,68.220001
2/21/08,59,59,29,68,32,57,60,55,0,35,34,24,48,35,62,66.529999
2/22/08,50,64,37,70,41,66,56,58,0,36,60,25,0,36,66,71.699997
2/23/08,36,80,57,74,52,81,59,59,30,47,46,0,85,47,55,70.169998
2/24/08,47,73,54,69,51,80,69,78,0,0,37,0,41,0,53,73.190002
2/25/08,66,62,47,79,25,61,67,55,0,34,76,0,0,34,67,75.949997
2/26/08,48,71,38,70,31,67,59,45,21,0,38,34,30,0,64,75.169998
2/27/08,55,52,33,68,32,60,56,49,22,34,44,23,62,34,63,73.800003
2/28/08,36,61,34,59,45,71,49,33,0,35,45,0,63,35,65,70.800003
2/29/08,50,59,46,70,41,60,62,79,0,0,53,0,0,0,66,69.760002
3/1/08,39,75,59,58,43,75,73,63,0,0,38,0,84,0,55,71.300003
3/2/08,62,68,56,85,59,81,69,68,0,45,22,31,0,45,53,76.699997
3/3/08,69,66,51,75,50,60,67,51,44,34,33,0,46,34,63,77.370003
3/4/08,54,62,51,75,44,63,70,56,0,0,27,0,0,0,64,74.940002
3/5/08,60,59,39,71,57,63,54,51,22,34,27,23,31,34,65,76.870003
3/6/08,36,53,44,74,26,59,56,49,23,35,46,0,63,35,64,76.900002
3/7/08,72,50,33,76,61,65,60,68,24,36,12,0,34,36,65,77.300003
3/8/08,75,59,49,66,68,76,71,54,0,0,52,0,42,0,58,74.389999
3/9/08,65,81,51,84,58,91,83,77,0,0,36,0,0,0,55,74.830002
3/10/08,77,63,43,78,50,64,64,59,0,33,38,23,0,33,70,71.989998
3/11/08,40,57,42,84,82,52,64,47,0,67,33,0,0,67,67,72.610001
3/12/08,58,58,35,89,25,68,51,63,0,0,44,0,0,0,65,72.5
3/13/08,44,49,37,76,45,56,58,52,0,35,17,24,0,35,68,74.589996
3/14/08,47,53,45,65,41,73,50,57,24,0,12,0,0,0,69,74.040001
3/15/08,56,73,50,74,44,76,78,53,0,0,46,32,0,0,57,80.099998
3/16/08,96,69,58,78,59,91,71,68,0,89,44,0,82,89,54,80.18
3/17/08,69,65,38,68,38,75,55,61,22,34,44,23,0,34,69,79.599998
3/18/08,65,64,37,76,45,69,60,51,23,68,11,0,31,68,64,81
3/19/08,40,58,28,78,13,73,57,71,0,36,23,0,0,36,65,77.690002
3/20/08,33,55,33,67,36,61,53,55,100,0,44,0,52,0,63,80.860001
3/21/08,44,67,36,68,56,65,63,44,0,43,28,0,39,43,58,81.970001
3/22/08,56,60,47,58,56,83,62,61,0,0,49,34,45,0,51,80.739998
3/23/08,57,88,53,59,19,76,64,78,0,51,17,35,0,51,49,78.629997
3/24/08,74,74,41,66,50,82,62,43,0,0,37,0,35,0,52,79.360001
3/25/08,71,70,35,70,37,67,68,40,0,0,38,23,0,0,62,77.309998
3/26/08,57,53,42,64,44,58,63,58,22,0,32,0,30,0,62,75.919998
3/27/08,52,54,47,69,51,59,60,43,22,0,22,0,0,0,65,75.709999
3/28/08,52,58,49,75,61,73,58,46,0,0,47,0,33,0,61,73.18
3/29/08,75,74,59,58,43,80,59,56,30,0,22,0,0,0,52,72.790001
3/30/08,62,70,58,67,59,79,71,61,29,0,59,0,41,0,51,72.410004
3/31/08,57,56,44,77,80,61,57,46,22,65,21,0,30,65,62,74.529999
1/1/09,66,100,100,81,100,87,100,87,0,35,48,0,0,35,47,74.559998
1/2/09,94,79,77,93,48,83,90,85,0,0,89,0,25,0,52,54.360001
1/3/09,100,75,78,96,38,87,90,76,36,0,40,53,0,0,43,54.060001
1/4/09,100,68,82,100,95,95,95,88,0,29,70,0,53,29,41,57.360001
1/5/09,78,66,62,100,57,74,72,55,0,22,37,39,21,22,55,56.200001
1/6/09,96,60,64,85,57,68,68,83,27,45,73,0,0,45,54,57.16
1/7/09,68,52,76,95,50,72,68,60,27,22,88,0,20,22,54,55.509998
1/8/09,88,53,68,91,72,71,70,60,27,22,66,0,0,22,55,51.919998
1/9/09,58,49,45,80,64,74,69,74,0,69,56,0,21,69,55,51.450001
1/10/09,66,74,100,92,81,71,73,71,0,57,55,50,0,57,47,48.490002
1/11/09,85,77,87,73,64,95,88,83,34,28,77,100,26,28,42,51.439999
1/12/09,64,61,60,95,60,62,64,63,26,0,75,75,39,0,55,51.59
1/13/09,61,58,51,94,65,68,63,58,26,43,47,0,0,43,54,48.439999
1/14/09,83,49,63,83,60,65,69,54,0,21,87,0,20,21,57,50.540001
1/15/09,70,57,63,84,38,64,61,86,26,21,52,0,0,21,56,49.939999
1/16/09,74,52,69,74,52,60,57,42,0,23,80,40,0,23,56,50.630001
1/17/09,66,80,67,77,87,85,80,72,0,100,55,0,0,100,46,49.630001
1/18/09,67,69,79,88,49,96,86,100,34,55,45,0,0,55,43,48.439999
1/19/09,80,60,54,80,43,70,66,50,77,21,52,0,20,21,58,50.360001
1/20/09,66,43,55,81,75,64,61,76,0,21,29,74,19,21,56,50
1/21/09,58,48,56,84,64,52,65,60,0,0,80,37,0,0,57,58.82
1/22/09,83,54,41,91,54,54,57,44,52,0,57,0,0,0,56,61.150002
1/23/09,51,50,58,77,51,74,63,52,0,22,54,0,0,22,57,63.59
1/24/09,90,58,82,85,64,80,79,68,34,28,31,0,0,28,46,61.060001
1/25/09,79,72,83,87,70,100,90,91,66,0,61,48,0,0,43,63.18
1/26/09,73,45,53,76,81,65,73,48,0,0,69,0,0,0,57,66.550003
1/27/09,70,45,56,84,69,59,67,56,0,52,74,37,39,52,56,66.709999
1/28/09,65,50,58,81,32,52,62,74,0,21,40,0,0,21,56,63.310001
1/29/09,74,48,68,75,82,55,61,42,25,21,46,38,39,21,56,64.349998
1/30/09,62,45,61,73,34,61,62,53,0,0,80,0,20,0,55,63.959999
1/31/09,92,68,98,72,57,78,81,71,67,0,30,0,25,0,45,63.259998
2/1/09,78,67,81,69,48,80,93,53,33,0,59,0,0,0,45,61.669998
2/2/09,43,48,50,76,78,60,72,58,0,21,33,36,19,21,65,62.349998
2/3/09,54,45,54,87,57,57,60,50,0,20,50,0,19,20,61,61.950001
2/4/09,62,45,55,77,47,59,58,46,25,20,45,0,0,20,55,63.860001
2/5/09,62,53,50,76,37,60,73,39,26,0,45,36,19,0,61,61.709999
2/6/09,50,46,50,59,44,63,63,83,26,22,65,0,40,22,57,65.599998
2/7/09,88,58,73,74,56,83,66,78,0,0,30,0,25,0,46,63.709999
2/8/09,61,76,84,84,80,71,79,64,64,26,71,0,0,26,46,62.34
2/9/09,79,59,65,81,51,63,68,57,0,20,60,0,0,20,60,64.790001
2/10/09,67,49,61,82,82,60,69,51,24,0,27,0,18,0,57,61.990002
2/11/09,72,46,58,68,95,67,56,41,0,21,51,0,0,21,59,61.700001
2/12/09,51,54,52,68,75,57,61,53,26,21,28,0,19,21,56,64.809998
2/13/09,62,46,62,68,39,77,57,69,27,0,48,0,0,0,57,64.769997
2/14/09,91,63,87,80,57,64,70,63,0,42,38,0,26,42,46,61.689999
2/15/09,96,57,55,78,42,65,74,87,0,55,38,97,0,55,47,60.490002
2/16/09,60,53,63,78,69,67,65,62,0,42,80,0,38,42,58,65.709999
2/17/09,78,39,49,72,63,64,61,44,0,20,56,0,0,20,56,68.540001
2/18/09,57,45,50,74,68,62,60,64,0,21,50,0,19,21,59,69.580002
2/19/09,51,40,45,69,48,62,58,49,26,0,62,0,0,0,57,68.629997
2/20/09,64,47,48,60,51,61,64,54,54,22,85,0,20,22,58,66.980003
2/21/09,93,61,68,61,35,77,77,95,68,28,75,0,25,28,75,71.349998
2/22/09,75,66,73,67,83,76,78,53,0,27,52,0,25,27,100,71.25
2/23/09,74,49,45,79,53,60,57,53,51,21,79,0,19,21,76,70.099998
2/24/09,58,44,54,76,42,60,51,45,25,21,68,0,0,21,62,69.959999
2/25/09,83,41,48,79,47,48,62,62,0,21,73,0,38,21,60,75.580002
2/26/09,57,45,37,73,42,54,59,55,0,20,61,36,19,20,58,72.809998
2/27/09,53,48,63,61,61,50,56,59,0,0,29,0,100,0,55,72.400002
2/28/09,56,55,67,81,28,71,65,91,33,41,89,48,0,41,46,73.690002
3/1/09,57,60,71,70,40,66,70,67,32,26,100,0,0,26,45,70.519997
3/2/09,88,47,47,69,56,58,65,49,0,20,60,0,18,20,54,71.440002
3/3/09,72,48,51,66,46,48,59,61,49,0,55,0,0,0,57,73.440002
3/4/09,72,46,60,79,36,49,60,60,24,40,55,0,37,40,57,73.5
3/5/09,49,47,55,71,42,44,59,52,0,20,50,36,19,20,58,76.339996
3/6/09,55,38,62,63,27,64,48,59,52,43,41,38,0,43,55,78.169998
3/7/09,53,58,69,67,69,69,69,72,100,54,44,95,0,54,47,77.989998
3/8/09,64,73,66,74,40,76,83,67,32,27,57,47,24,27,49,75.510002
3/9/09,76,50,55,83,46,54,55,53,24,40,38,0,0,40,59,76.980003
3/10/09,67,44,51,77,56,53,56,64,0,0,81,0,0,0,56,79.769997
3/11/09,46,48,54,80,41,52,58,60,25,20,83,0,19,20,58,78.940002
3/12/09,59,47,47,63,31,47,52,71,0,0,33,0,37,0,58,77.220001
3/13/09,60,40,54,69,22,54,55,91,53,44,65,38,40,44,53,74.709999
3/14/09,41,57,73,63,41,72,65,70,33,0,37,0,25,0,49,77.25
3/15/09,86,59,63,65,41,85,69,68,0,53,58,0,24,53,47,78.050003
3/16/09,79,42,46,62,51,48,59,64,48,0,76,0,0,0,59,77.57
3/17/09,67,44,63,72,51,66,58,41,49,20,49,0,18,20,56,78.739998
3/18/09,59,38,52,72,47,55,52,38,25,0,94,0,19,0,56,79.199997
3/19/09,47,43,59,60,57,51,52,54,0,0,67,0,0,0,56,80.610001
3/20/09,33,46,59,61,78,56,55,72,27,22,36,0,20,22,54,84.459999
3/21/09,51,52,63,75,56,71,60,96,0,0,60,0,25,0,46,83.120003
3/22/09,61,45,74,71,40,78,70,57,0,0,50,0,0,0,49,82.400002
3/23/09,61,46,52,77,55,56,55,56,0,20,38,0,0,20,55,79.790001
3/24/09,55,33,48,81,65,55,59,50,24,0,65,35,54,0,55,80.519997
3/25/09,67,37,49,75,50,58,56,43,0,0,65,0,18,0,57,78.959999
3/26/09,47,52,48,72,52,55,58,70,0,20,39,0,37,20,58,79.769997
3/27/09,54,47,58,64,65,40,61,73,26,21,17,38,19,21,55,81.900002
3/28/09,55,51,90,58,34,68,68,68,0,26,65,0,24,26,45,81.989998
3/29/09,76,66,66,70,40,75,69,79,0,52,78,0,0,52,47,79.279999
3/30/09,77,43,57,65,50,69,60,63,24,39,32,68,0,39,58,77.949997
3/31/09,46,46,52,62,55,59,61,64,0,20,38,0,0,20,55,78.610001
1/1/10,81,100,100,54,100,86,96,98,65,0,63,42,34,0,53,77.93
1/2/10,94,100,97,56,63,90,100,92,28,0,58,55,29,0,54,74.190002
1/3/10,92,96,81,50,15,80,100,100,27,0,71,35,56,0,49,133.899994
1/4/10,87,80,68,61,76,63,92,72,41,33,63,26,85,33,63,134.690002
1/5/10,96,75,68,57,70,69,83,55,21,33,51,27,63,33,66,132.25
1/6/10,62,71,50,52,41,42,83,56,0,34,55,40,65,34,69,130
1/7/10,84,64,62,56,80,55,79,53,20,33,65,0,0,33,66,133.520004
1/8/10,88,66,77,48,53,74,81,72,42,68,32,27,22,68,62,130.309998
1/9/10,85,83,99,47,43,55,92,76,26,83,39,33,53,83,53,127.349998
1/10/10,70,91,92,57,57,74,97,66,100,81,49,33,0,81,51,129.110001
1/11/10,81,68,68,57,66,71,89,61,59,0,55,0,21,0,65,127.349998
1/12/10,73,71,50,57,70,68,81,61,0,31,59,63,20,31,63,127.139999
1/13/10,81,59,52,50,27,59,76,53,0,32,70,25,61,32,62,127.610001
1/14/10,77,64,66,54,56,61,78,48,40,33,61,0,42,33,65,125.779999
1/15/10,88,66,68,52,47,74,77,59,62,68,84,41,0,68,61,126.620003
1/16/10,79,77,81,51,50,98,89,62,0,0,54,67,27,0,52,121.43
1/17/10,83,82,78,55,42,70,94,59,25,41,66,32,26,41,53,120.309998
1/18/10,74,65,55,43,66,54,81,53,20,63,70,51,20,63,64,119.480003
1/19/10,83,53,65,46,60,61,78,52,19,0,54,49,0,0,63,122.75
1/20/10,82,54,52,55,69,62,75,60,19,0,45,62,60,0,64,126.029999
1/21/10,86,58,65,52,55,50,75,63,0,32,74,0,20,32,63,125.410004
1/22/10,76,58,73,67,75,76,72,56,62,0,74,40,64,0,58,118.870003
1/23/10,94,69,85,76,92,87,84,69,0,42,74,98,26,42,50,118.120003
1/24/10,75,78,82,90,34,79,82,78,25,100,79,0,0,100,52,119.099998
1/25/10,78,60,60,89,65,59,77,49,19,0,82,99,59,0,62,115.940002
1/26/10,63,60,62,89,65,62,75,50,19,31,78,25,0,31,61,117.389999
1/27/10,65,57,54,82,60,77,67,55,76,62,82,37,40,62,61,116.830002
1/28/10,58,52,59,87,33,56,70,51,19,0,65,100,20,0,61,118.029999
1/29/10,71,58,63,83,52,60,71,56,41,33,69,80,21,33,59,117.360001
1/30/10,89,76,74,84,63,89,81,70,75,40,55,65,0,40,50,120.089996
1/31/10,96,94,75,100,62,85,98,78,25,40,69,64,51,40,50,119.660004
2/1/10,73,63,55,83,64,77,74,53,19,62,40,49,40,62,62,117.529999
2/2/10,74,61,53,93,80,74,76,53,57,31,48,75,20,31,59,116.309998
2/3/10,68,63,63,82,75,55,77,50,76,62,48,74,100,62,61,118.080002
2/4/10,67,55,52,76,65,61,70,61,19,63,41,25,40,63,62,117.519997
2/5/10,78,56,64,72,69,69,70,51,41,33,49,53,21,33,59,118.010002
2/6/10,64,77,81,81,77,76,79,77,0,40,34,32,0,40,50,117.239998
2/7/10,79,78,87,79,49,82,96,63,25,40,76,32,25,40,50,119.720001
2/8/10,81,67,56,81,86,57,79,57,38,31,71,50,60,31,63,118.199997
2/9/10,94,60,55,81,59,62,73,51,57,62,77,37,0,62,60,118.400002
2/10/10,70,56,62,84,59,62,73,45,0,62,61,25,39,62,60,124.540001
2/11/10,72,57,53,68,72,51,71,56,20,32,68,51,21,32,58,125.529999
2/12/10,67,59,63,77,59,63,72,51,21,34,58,0,43,34,58,125.889999
2/13/10,86,64,70,61,58,65,77,68,26,0,54,0,27,0,50,128.529999
2/14/10,81,75,88,71,44,100,85,83,0,42,76,67,27,42,50,128.910004
2/15/10,67,63,57,80,40,69,86,67,0,50,77,27,21,50,62,130.110001
2/16/10,75,58,57,82,61,49,70,60,0,32,47,26,0,32,61,128.820007
2/17/10,78,63,52,71,39,64,69,61,39,0,79,38,20,0,58,130.509995
2/18/10,77,52,54,79,28,60,70,62,39,32,88,51,20,32,58,133.580002
2/19/10,56,54,54,76,92,65,64,56,41,67,43,0,22,67,56,131.820007
2/20/10,92,67,74,74,42,76,77,65,0,41,70,32,26,41,50,131.130005
2/21/10,100,76,66,77,89,72,89,67,48,39,57,94,25,39,51,131.789993
2/22/10,72,59,51,84,58,63,75,43,56,31,78,24,19,31,59,131.339996
2/23/10,72,52,51,77,63,59,70,47,19,0,50,25,19,0,61,132.759995
2/24/10,63,51,52,76,27,62,66,49,0,31,80,49,40,31,59,130.350006
2/25/10,73,47,53,81,59,59,69,55,19,31,48,37,20,31,62,130.470001
2/26/10,74,54,52,69,51,47,69,63,40,0,70,26,0,0,59,129.259995
2/27/10,82,66,69,72,62,65,84,69,74,40,37,0,26,40,49,128.039993
2/28/10,75,70,69,75,27,71,90,73,24,0,70,31,25,0,50,134.729996
3/1/10,95,60,60,77,69,48,74,57,19,92,66,49,20,92,61,135.059998
3/2/10,86,59,50,73,69,61,70,55,19,31,63,49,20,31,60,135.119995
3/3/10,86,53,49,75,27,59,68,55,38,31,85,37,79,31,65,136.580002
3/4/10,68,63,56,77,54,55,66,51,58,47,100,25,61,47,83,135.770004
3/5/10,55,56,67,70,63,67,64,56,20,66,76,26,0,66,100,131.809998
3/6/10,97,61,68,71,62,64,74,65,0,0,62,64,0,0,60,131.490005
3/7/10,78,69,77,72,75,74,86,67,49,78,77,31,0,78,55,135.559998
3/8/10,75,62,52,76,48,58,72,44,0,0,69,0,39,0,62,134.869995
3/9/10,73,51,55,73,64,69,74,54,37,31,63,0,59,31,63,140.960007
3/10/10,75,58,53,69,64,55,69,47,57,62,37,25,78,62,62,140.059998
3/11/10,74,50,56,74,49,70,64,58,39,63,66,25,0,63,62,141.199997
3/12/10,68,61,51,69,50,62,63,61,40,33,64,26,21,33,61,140.160004
3/13/10,64,58,76,85,34,68,70,69,73,0,41,32,25,0,51,144.279999
3/14/10,81,72,72,54,40,72,82,69,48,39,53,62,25,39,48,145.820007
3/15/10,84,58,45,57,84,47,67,54,0,60,65,0,39,60,61,142.169998
3/16/10,84,53,49,50,48,64,68,45,19,0,69,0,20,0,62,142.429993
3/17/10,82,54,54,52,70,59,66,44,38,62,69,25,20,62,60,144.199997
3/18/10,78,52,42,52,38,60,67,47,39,0,57,51,61,0,61,146.429993
3/19/10,56,54,52,47,69,51,64,62,0,0,46,0,21,0,61,150.089996
3/20/10,71,68,76,52,63,95,77,60,0,41,42,32,26,41,51,143.630005
3/21/10,79,68,70,51,48,77,79,76,0,39,50,0,25,39,49,147.110001
3/22/10,75,71,55,53,95,45,73,42,19,0,44,24,20,0,63,142.020004
3/23/10,74,55,63,47,68,52,70,48,0,61,63,25,20,61,62,139.350006
3/24/10,71,53,63,40,59,55,63,57,19,0,56,74,0,0,60,141.729996
3/25/10,65,52,47,49,44,67,68,55,39,63,51,38,0,63,61,137.100006
3/26/10,78,49,59,53,52,64,68,60,20,33,57,27,0,33,58,137.490005
3/27/10,65,74,62,45,50,84,76,73,25,83,49,0,26,83,53,129.830002
3/28/10,64,73,68,49,56,69,88,76,25,81,59,32,0,81,51,130.929993
3/29/10,78,59,55,48,37,64,77,52,19,31,37,0,0,31,63,128.710007
3/30/10,67,55,58,52,38,58,71,44,19,94,54,0,60,94,61,124.980003
3/31/10,76,60,49,49,39,57,65,50,20,64,47,26,21,64,59,131.289993
1/1/11,99,86,100,85,83,80,100,75,85,32,51,74,92,32,47,130.460007
1/2/11,66,100,84,96,73,74,97,100,42,28,74,21,100,28,46,133.869995
1/3/11,85,82,70,95,100,71,83,48,53,22,86,17,100,22,52,131.470001
1/4/11,95,73,56,89,86,73,83,68,25,0,87,25,62,0,55,184.220001
1/5/11,78,69,65,98,67,71,83,47,39,0,59,0,42,0,56,185.009995
1/6/11,86,67,62,89,82,68,79,54,65,22,93,17,36,22,57,187.419998
1/7/11,83,68,68,91,69,76,80,60,60,23,76,17,43,23,54,185.860001
1/8/11,71,71,75,85,85,71,81,62,54,53,72,41,68,53,49,185.490005
1/9/11,74,83,67,97,58,92,87,60,53,77,58,30,67,77,47,184.679993
1/10/11,77,71,52,90,53,70,77,72,31,62,73,33,40,62,58,184.339996
1/11/11,77,68,61,98,60,72,73,40,43,41,93,16,40,41,57,184.080002
1/12/11,78,69,60,89,78,69,75,46,25,0,59,16,81,0,54,185.529999
1/13/11,74,60,52,100,68,75,69,54,37,42,57,16,61,42,59,188.75
1/14/11,60,65,67,90,61,72,73,46,25,21,65,17,35,21,56,191.25
1/15/11,68,82,83,84,85,85,85,61,30,26,53,100,58,26,49,186.869995
1/16/11,59,84,74,96,72,87,93,69,53,51,89,20,99,51,50,181.960007
1/17/11,80,67,56,88,63,75,72,59,91,21,74,40,40,21,61,177.419998
1/18/11,70,59,66,90,83,74,68,51,42,41,71,32,20,41,58,176.850006
1/19/11,68,65,62,93,75,62,68,45,66,41,65,16,93,41,59,176.699997
1/20/11,66,58,52,98,63,67,72,57,37,21,84,57,67,21,59,175.389999
1/21/11,57,58,58,85,51,72,69,48,63,0,75,50,55,0,56,184.449997
1/22/11,60,75,76,97,51,88,74,63,53,0,77,50,41,0,48,171.139999
1/23/11,71,72,85,100,46,89,84,59,30,0,85,59,33,0,46,169.639999
1/24/11,68,62,58,91,68,73,69,44,41,0,75,31,65,0,60,172.110001
1/25/11,71,60,54,89,59,67,66,46,84,20,71,16,26,20,57,173.529999
1/26/11,62,56,52,83,52,63,69,42,42,20,56,48,98,20,57,173.710007
1/27/11,66,58,62,82,79,64,65,42,30,0,58,24,60,0,59,175.929993
1/28/11,70,56,59,87,77,73,70,41,32,0,64,17,42,0,61,176.429993
1/29/11,74,65,83,94,69,84,72,65,15,0,73,58,32,0,52,183.059998
1/30/11,95,72,79,87,52,100,80,71,57,48,86,19,47,48,49,185.300003
1/31/11,64,55,53,82,65,78,68,41,40,78,80,30,81,78,64,186.210007
2/1/11,58,59,57,79,49,66,69,52,17,19,64,30,19,19,60,189.25
2/2/11,68,53,57,86,76,68,70,48,58,19,86,0,63,19,56,190.419998
2/3/11,65,55,51,72,77,61,72,46,53,20,58,31,26,20,57,189.029999
2/4/11,62,63,67,75,54,67,65,52,55,62,64,16,13,62,56,186.619995
2/5/11,59,71,75,88,63,93,80,55,15,25,63,38,72,25,46,187.759995
2/6/11,71,77,72,90,56,93,81,64,28,0,61,47,39,0,47,186.5
2/7/11,69,59,56,76,76,66,71,52,35,0,61,23,51,0,64,180.419998
2/8/11,61,55,59,79,61,65,67,36,18,20,79,15,45,20,72,176.679993
2/9/11,57,55,59,73,79,62,65,35,18,0,63,0,13,0,62,177.75
2/10/11,51,55,60,77,56,63,65,40,36,41,75,0,33,41,61,177.240005
2/11/11,51,54,61,72,46,69,64,39,31,42,72,41,35,42,59,173.289993
2/12/11,68,68,69,68,68,79,68,46,67,0,59,59,32,0,46,169.440002
2/13/11,64,74,68,77,62,82,82,71,80,0,72,19,56,0,47,172.020004
2/14/11,56,54,75,73,59,71,64,51,36,100,62,23,33,100,56,172.789993
2/15/11,58,54,61,79,51,62,64,43,17,19,76,45,19,19,56,171.669998
2/16/11,61,51,55,71,66,61,58,43,52,20,70,46,51,20,55,169.080002
2/17/11,66,52,56,69,70,65,60,30,36,20,61,39,13,20,56,166.889999
2/18/11,84,54,64,70,62,63,64,41,13,0,62,17,34,0,55,169.050003
2/19/11,88,63,79,78,73,75,72,54,44,0,56,48,64,0,48,166.139999
2/20/11,100,71,75,75,60,73,84,62,58,0,53,19,40,0,46,168.070007
2/21/11,88,60,46,75,64,61,71,47,65,20,73,0,58,20,57,166.729996
2/22/11,61,52,55,63,56,58,62,99,29,0,63,38,45,0,56,165.080002
2/23/11,53,55,55,66,47,67,65,91,71,20,64,15,26,20,55,164.699997
2/24/11,59,54,52,68,49,59,59,56,36,0,69,23,26,0,54,160.970001
2/25/11,55,53,60,73,53,65,64,68,37,0,67,48,40,0,53,161.820007
2/26/11,72,63,60,68,68,79,67,79,36,0,62,0,79,0,46,164.520004
2/27/11,72,66,75,77,63,79,81,86,43,24,66,94,55,24,43,162.600006
2/28/11,80,63,56,71,45,54,69,66,35,19,72,15,82,19,53,165.320007
3/1/11,77,57,49,68,63,52,66,49,35,19,67,0,83,19,54,171.100006
3/2/11,71,46,53,70,66,54,63,49,47,60,71,15,58,60,57,170.979996
3/3/11,67,57,53,80,71,56,66,40,60,20,70,24,39,20,55,169.350006
3/4/11,57,54,62,73,57,62,60,51,38,21,100,16,48,21,54,174.619995
3/5/11,72,58,71,65,64,67,75,64,52,25,85,58,65,25,47,179.419998
3/6/11,91,67,73,79,63,78,79,63,52,25,59,29,97,25,47,180.130005
3/7/11,75,57,53,69,76,74,72,51,36,40,78,39,52,40,58,180.130005
3/8/11,66,62,65,79,61,60,64,43,42,0,69,32,53,0,54,182.940002
3/9/11,56,50,49,70,60,62,63,39,41,79,65,38,19,79,57,185.289993
3/10/11,73,50,54,70,60,53,65,41,35,40,81,23,26,40,57,182.759995
3/11/11,58,49,60,59,50,55,56,32,42,60,55,16,26,60,53,184.910004
3/12/11,58,54,58,69,44,45,66,47,52,25,52,20,57,25,43,184.710007
3/13/11,79,55,55,63,63,67,71,50,29,0,63,58,79,0,40,184.039993
3/14/11,73,45,47,61,45,50,56,42,31,21,68,16,47,21,52,180.479996
3/15/11,68,49,52,65,55,55,64,40,12,0,67,31,58,0,53,182.289993
3/16/11,66,50,52,70,62,56,59,37,29,19,65,15,19,19,55,181.820007
3/17/11,58,46,54,68,45,65,60,39,36,40,77,31,39,40,54,180.009995
3/18/11,59,51,59,67,48,54,56,36,37,0,59,49,34,0,52,178.339996
3/19/11,65,58,71,65,59,68,62,58,44,0,56,19,24,0,44,178.820007
3/20/11,82,63,78,76,79,76,75,60,43,0,59,38,24,0,44,183.869995
3/21/11,65,54,49,73,70,62,66,50,29,59,65,15,32,59,58,185.889999
3/22/11,59,56,50,72,80,53,64,45,76,39,54,46,19,39,55,185.419998
3/23/11,63,50,53,69,52,57,60,52,41,0,85,15,32,0,55,182.300003
3/24/11,64,40,61,67,76,62,60,46,47,39,57,31,26,39,81,196.630005
3/25/11,59,46,64,66,43,55,61,47,100,0,42,16,41,0,100,195.070007
3/26/11,75,64,71,73,62,73,67,57,44,25,53,29,40,25,57,195.809998
3/27/11,93,62,75,73,88,81,70,73,50,0,80,19,16,0,51,201.190002
3/28/11,72,51,51,68,66,58,66,54,35,38,51,0,31,38,62,198.449997
3/29/11,71,54,82,75,76,99,69,46,23,20,62,15,69,20,56,199.970001
3/30/11,69,55,82,74,84,93,66,37,88,20,84,15,38,20,58,197.110001
3/31/11,70,49,69,71,44,80,66,44,59,20,45,0,32,20,55,197.600006
1/1/12,93,100,100,89,45,92,100,100,75,60,60,70,100,60,49,200.800003
1/2/12,73,83,84,91,34,93,95,90,68,46,68,27,39,46,56,203.940002
1/3/12,82,78,70,94,40,82,94,68,81,72,76,100,24,72,59,204.380005
1/4/12,65,77,79,89,41,84,90,60,36,43,57,0,30,43,57,206.070007
1/5/12,78,72,56,84,40,80,87,57,54,71,53,12,48,71,57,202.559998
1/6/12,73,62,70,82,45,92,84,56,47,0,100,0,31,0,55,179.029999
1/7/12,73,73,87,82,41,93,89,84,86,85,56,0,36,85,49,177.509995
1/8/12,100,84,82,92,30,98,99,86,61,49,65,43,82,49,50,177.610001
1/9/12,70,72,68,86,37,86,85,61,17,83,65,36,52,83,60,182.610001
1/10/12,61,61,60,88,26,79,79,65,35,82,70,24,35,82,57,178.559998
1/11/12,64,65,66,82,33,75,76,59,26,41,63,0,29,41,58,179.339996
1/12/12,57,57,56,78,33,84,77,44,35,70,38,24,30,70,59,178.899994
1/13/12,79,58,66,80,34,85,64,63,81,57,49,25,30,57,54,175.929993
1/14/12,67,77,78,79,34,96,75,67,53,33,68,15,29,33,46,178.419998
1/15/12,84,81,82,82,34,100,77,66,52,33,73,29,14,33,48,181.660004
1/16/12,68,63,64,82,36,77,50,67,43,41,51,12,29,41,58,189.440002
1/17/12,75,54,73,83,31,73,46,48,77,41,53,24,29,41,59,194.449997
1/18/12,55,58,63,91,37,74,44,48,26,41,58,23,51,41,57,190.929993
1/19/12,50,59,67,82,36,77,46,59,17,55,51,24,40,55,58,186.089996
1/20/12,46,64,66,82,44,83,45,57,54,43,53,50,12,43,59,187
1/21/12,59,70,83,86,45,94,48,85,72,0,59,14,42,0,49,187.800003
1/22/12,79,78,80,93,50,86,58,78,72,48,59,14,27,48,48,193.320007
1/23/12,63,63,57,85,36,76,45,60,8,95,70,12,29,95,58,195.369995
1/24/12,71,61,62,88,39,71,45,59,52,68,82,12,40,68,57,192.149994
1/25/12,62,58,67,86,33,82,44,54,35,96,51,0,34,96,58,194.440002
1/26/12,62,53,62,83,39,74,43,52,53,55,57,48,23,55,59,179.460007
1/27/12,64,62,70,78,34,83,44,57,63,57,39,13,18,57,58,181.720001
1/28/12,69,73,81,84,37,99,49,73,52,33,59,29,21,33,49,187.679993
1/29/12,73,83,78,88,30,100,54,64,72,33,65,28,41,33,49,183.139999
1/30/12,63,64,63,83,37,78,48,53,59,27,50,35,39,27,61,184.190002
1/31/12,54,57,50,78,27,76,44,49,42,40,57,58,45,40,61,185.479996
2/1/12,52,59,55,78,43,83,45,49,42,53,74,23,39,53,59,184.979996
2/2/12,57,57,53,72,100,73,44,42,17,41,54,35,23,41,57,185.539993
2/3/12,49,60,71,70,68,81,43,49,53,71,71,12,24,71,56,191.589996
2/4/12,52,71,84,87,56,83,49,65,51,65,66,28,48,65,49,191.300003
2/5/12,66,76,76,87,47,97,52,71,40,32,52,0,20,32,48,184.470001
2/6/12,45,63,65,79,44,75,45,54,17,54,69,23,40,54,58,179.929993
2/7/12,66,56,64,89,48,85,44,53,100,53,70,46,34,53,58,182.5
2/8/12,55,59,52,82,43,69,43,63,51,41,67,0,51,41,57,182.259995
2/9/12,49,59,66,87,38,81,42,62,84,27,54,24,11,27,57,180.580002
2/10/12,54,57,70,82,38,83,42,56,53,56,52,12,41,56,56,178.889999
2/11/12,56,71,73,88,40,100,50,72,10,65,56,0,27,65,47,179.130005
2/12/12,59,69,83,93,39,84,50,75,49,0,71,14,32,0,47,178.529999
2/13/12,52,59,67,78,38,81,41,54,25,53,39,23,55,53,59,183.800003
2/14/12,53,59,66,83,35,79,41,52,92,80,44,47,23,80,56,179.690002
2/15/12,45,53,63,77,36,73,41,54,51,54,31,0,34,54,56,180.039993
2/16/12,54,56,71,82,44,83,40,53,77,41,64,24,28,41,57,179.300003
2/17/12,53,60,66,83,39,76,41,56,53,28,65,49,30,28,56,180.259995
2/18/12,50,74,87,80,43,89,45,77,41,65,38,0,55,65,48,181.089996
2/19/12,57,73,84,95,36,92,50,85,42,32,51,29,48,32,47,183.770004
2/20/12,57,64,57,87,44,72,45,59,96,98,54,24,41,98,59,187.639999
2/21/12,56,63,57,91,38,84,41,53,43,68,55,24,23,68,62,184.320007
2/22/12,59,60,60,89,41,85,42,51,67,27,52,0,23,27,62,183.389999
2/23/12,53,58,60,85,36,68,49,53,34,54,56,24,34,54,59,184.589996
2/24/12,60,59,65,83,37,83,48,39,17,55,44,12,23,55,58,182.259995
2/25/12,58,66,84,86,47,83,51,74,31,0,69,0,34,0,52,184.429993
2/26/12,62,71,95,91,37,79,59,76,50,0,65,42,33,0,48,185.050003
2/27/12,48,61,62,81,34,71,73,63,58,66,55,23,17,66,59,185.520004
2/28/12,67,61,55,85,40,77,75,59,41,40,51,23,39,40,64,192.330002
2/29/12,70,57,55,87,39,74,73,53,67,53,59,12,22,53,62,191.729996
3/1/12,64,54,57,86,36,75,66,55,44,70,77,37,18,70,62,192.399994
3/2/12,63,58,65,87,38,83,69,59,64,29,83,25,25,29,60,195.039993
3/3/12,66,74,80,95,44,89,74,80,95,100,57,29,35,100,49,202.869995
3/4/12,62,77,86,100,40,84,88,75,52,33,83,0,48,33,49,205.440002
3/5/12,59,59,64,87,42,78,76,63,77,68,88,12,35,68,61,201.160004
3/6/12,60,59,63,82,33,72,72,48,50,53,83,12,39,53,58,204.610001
3/7/12,51,52,58,85,35,70,70,54,33,26,91,12,6,26,55,202.509995
3/8/12,50,49,54,82,34,74,70,58,9,41,58,60,34,41,57,198.050003
3/9/12,46,55,73,79,35,80,70,60,18,28,56,73,58,28,56,199.660004
3/10/12,44,65,82,85,32,78,71,66,61,48,64,14,47,48,47,193.990005
3/11/12,69,67,86,92,33,87,81,72,30,63,43,27,27,63,45,194.389999
3/12/12,70,58,59,78,47,77,73,54,76,53,70,12,28,53,59,191.869995
3/13/12,53,55,59,83,39,64,72,45,42,53,67,23,28,53,58,186.979996
3/14/12,52,53,57,79,36,65,75,54,17,27,40,12,44,27,58,187.970001
3/15/12,58,55,52,80,32,78,70,48,51,27,33,36,23,27,56,190.690002
3/16/12,55,52,58,74,34,70,70,55,26,84,38,49,24,84,54,188.460007
3/17/12,77,67,79,83,38,76,77,75,41,32,65,14,35,32,46,185.5
3/18/12,62,70,86,91,35,84,79,72,50,32,65,28,34,32,48,188.389999
3/19/12,62,60,56,84,29,74,71,50,67,81,44,12,45,81,59,191.070007
3/20/12,61,50,60,77,33,78,69,54,84,67,57,23,22,67,60,191.100006
3/21/12,63,47,62,78,34,75,70,48,33,53,44,12,28,53,59,189.979996
3/22/12,59,48,67,72,26,77,67,46,26,27,43,47,34,27,90,188.240005
3/23/12,54,58,59,70,29,70,65,49,27,28,37,0,54,28,100,190.330002
3/24/12,59,62,68,81,38,86,69,63,31,98,45,15,21,98,58,194.419998
3/25/12,73,66,81,86,38,81,74,58,42,67,51,57,34,67,53,195.990005
3/26/12,63,57,69,73,34,73,70,67,51,0,68,47,34,0,60,226.850006
3/27/12,57,52,74,62,39,79,68,59,42,54,77,35,28,54,56,231.899994
3/28/12,75,52,65,60,36,69,69,52,34,54,77,71,46,54,55,230.039993
3/29/12,49,58,58,62,36,67,68,42,51,82,68,48,17,82,59,230.25
3/30/12,48,52,79,61,40,63,66,55,45,57,66,12,42,57,53,229.449997
3/31/12,55,62,82,64,38,81,77,56,31,32,42,28,41,32,46,223.990005
1/1/13,98,97,95,99,88,91,86,96,30,40,81,91,86,40,54,225.160004
1/2/13,84,86,86,96,89,76,82,78,41,74,71,89,77,74,58,223.899994
1/3/13,85,83,84,93,84,66,77,67,42,62,89,17,64,62,58,257.309998
1/4/13,74,85,77,91,83,84,75,70,49,21,79,72,93,21,56,258.480011
1/5/13,87,93,91,100,91,88,78,87,39,59,65,100,74,59,49,259.149994
1/6/13,99,100,91,100,85,100,82,92,33,23,98,99,100,23,47,268.459991
1/7/13,82,81,69,89,83,68,74,63,37,30,93,68,59,30,55,266.380005
1/8/13,92,72,73,92,77,83,70,57,22,20,90,84,52,20,59,266.350006
1/9/13,84,78,68,85,90,73,65,55,40,100,69,67,52,100,56,265.339996
1/10/13,76,69,79,83,79,76,65,60,32,40,77,17,73,40,58,267.940002
1/11/13,69,66,81,85,74,74,64,60,29,41,78,52,78,41,57,272.730011
1/12/13,84,86,94,80,73,91,72,86,45,24,70,39,54,24,52,271.899994
1/13/13,95,89,100,89,69,96,83,80,49,46,79,78,74,46,50,268.929993
1/14/13,85,73,67,87,60,72,69,60,18,39,77,17,40,39,59,270.480011
1/15/13,80,65,72,88,63,70,68,59,49,49,64,66,34,49,59,272.119995
1/16/13,75,65,68,80,87,67,64,54,35,39,86,33,26,39,54,270.190002
1/17/13,78,60,80,75,78,71,60,58,38,99,75,33,72,99,57,268.109985
1/18/13,81,67,82,76,82,65,64,60,25,71,67,17,87,71,62,273.459991
1/19/13,94,84,100,79,91,97,75,82,37,58,71,98,71,58,49,283.98999
1/20/13,77,89,89,82,66,94,80,74,23,91,71,96,73,91,51,276.040009
1/21/13,69,74,68,76,69,71,67,64,29,19,65,16,56,19,62,260.350006
1/22/13,87,67,70,75,76,69,66,53,41,19,83,82,54,19,60,272.76001
1/23/13,80,66,66,82,75,68,61,48,29,39,67,65,37,39,57,265.5
1/24/13,74,64,68,79,69,66,61,55,30,59,100,84,51,59,58,265
1/25/13,65,67,81,72,70,77,61,57,16,71,67,52,48,71,58,259.980011
1/26/13,77,75,84,72,71,84,71,75,28,23,62,20,51,23,49,266.890015
1/27/13,95,83,90,84,80,92,80,71,46,46,73,77,67,46,50,262.220001
1/28/13,84,64,71,81,84,66,69,49,39,57,74,0,62,57,60,260.230011
1/29/13,81,72,65,74,68,70,67,55,31,58,68,16,39,58,59,261.950012
1/30/13,75,64,63,78,72,63,65,48,27,29,71,65,51,29,61,257.209991
1/31/13,73,65,69,76,80,77,60,50,30,39,71,83,66,39,62,258.700012
2/1/13,76,60,73,71,80,72,65,57,47,30,76,51,60,30,57,269.470001
2/2/13,85,77,89,75,90,87,68,80,33,46,73,58,88,46,48,269.23999
2/3/13,89,88,93,83,97,92,77,78,57,68,66,38,80,68,45,265.089996
2/4/13,72,67,69,67,83,67,70,52,29,58,87,16,37,58,57,269.75
2/5/13,69,74,68,74,69,71,66,54,29,67,71,33,62,67,59,266.410004
2/6/13,81,63,67,71,69,70,64,48,24,39,72,82,43,39,56,265.940002
2/7/13,69,55,71,73,68,76,62,44,42,69,70,33,52,69,58,265.420013
2/8/13,68,63,77,69,63,69,60,49,39,41,79,34,33,41,55,259.869995
2/9/13,70,81,94,75,70,71,69,76,42,35,76,59,55,35,51,259.359985
2/10/13,96,90,90,84,84,95,80,80,33,23,71,40,44,23,49,263.25
2/11/13,72,70,78,72,96,69,67,57,18,49,62,33,49,49,57,264.269989
2/12/13,73,65,65,76,73,70,62,54,43,50,85,34,38,50,57,265.73999
2/13/13,79,62,74,73,67,60,71,49,30,20,60,16,57,20,57,273.109985
2/14/13,77,61,70,62,68,71,66,45,12,60,68,17,41,60,56,275.589996
2/15/13,68,64,71,60,73,69,68,53,35,41,56,86,36,41,54,273.790009
2/16/13,83,77,92,66,78,89,82,80,21,23,66,20,54,23,49,273.880005
2/17/13,87,82,84,75,69,59,86,86,39,46,63,38,60,46,49,274.190002
2/18/13,81,70,64,72,81,61,75,57,31,19,70,49,68,19,56,271.23999
2/19/13,93,62,62,69,87,76,71,53,39,38,66,64,50,38,56,274.130005
2/20/13,71,68,62,71,73,73,72,51,31,38,83,65,25,38,56,275.100006
2/21/13,89,60,57,71,75,57,72,54,39,48,74,16,42,48,55,265.73999
2/22/13,77,64,71,67,73,65,70,52,30,30,67,34,53,30,57,261.820007
2/23/13,93,72,79,66,87,80,83,79,34,45,71,76,56,45,50,257.890015
2/24/13,94,94,75,72,80,94,92,73,25,33,68,19,52,33,47,256.410004
2/25/13,79,71,58,70,66,64,76,53,21,57,75,16,47,57,59,257.279999
2/26/13,78,64,76,74,70,64,74,51,35,28,84,16,39,28,58,253.389999
2/27/13,90,66,64,68,76,60,72,51,33,19,76,16,42,19,58,257.75
2/28/13,77,57,71,66,79,69,71,52,47,0,71,33,42,0,61,256.019989
3/1/13,77,59,75,70,80,68,72,57,79,20,56,34,56,20,58,260.309998
3/2/13,95,78,83,69,95,75,85,81,34,68,63,76,70,68,50,265.299988
3/3/13,100,88,81,80,79,80,97,83,39,0,83,19,46,0,50,266.48999
3/4/13,84,63,63,71,65,65,76,56,33,38,85,48,61,38,60,261.609985
3/5/13,86,59,63,71,92,48,75,51,25,0,67,49,50,0,57,263.320007
3/6/13,79,64,77,71,78,64,75,50,39,48,70,32,62,48,60,259.029999
3/7/13,63,65,65,73,70,56,75,52,16,58,75,16,59,58,67,259.079987
3/8/13,76,58,68,67,88,83,72,63,28,50,64,0,41,50,63,255.479996
3/9/13,88,77,75,77,79,73,83,85,34,68,65,19,56,68,56,258.950012
3/10/13,95,80,79,81,79,86,97,80,33,44,73,37,65,44,51,261.140015
3/11/13,74,67,63,76,55,55,79,56,40,28,64,32,22,28,58,264.769989
3/12/13,82,58,68,73,74,58,76,50,41,46,68,31,19,46,57,269.850006
3/13/13,76,57,62,68,68,66,70,51,19,37,59,63,43,37,56,272.869995
3/14/13,84,55,53,69,68,54,67,51,27,66,55,63,47,66,57,267.720001
3/15/13,71,74,60,73,77,69,72,54,22,20,64,84,49,20,56,272.339996
3/16/13,89,80,79,78,83,80,84,67,27,67,80,75,45,67,51,267.399994
3/17/13,84,79,82,82,82,81,100,73,27,22,86,92,64,22,51,259.420013
3/18/13,85,67,58,75,90,60,80,54,34,28,62,16,41,28,58,260.320007
3/19/13,68,63,63,75,73,63,76,50,30,37,84,79,50,37,60,263.549988
3/20/13,67,63,63,77,75,66,76,55,19,19,56,96,41,19,61,268.899994
3/21/13,82,56,57,75,82,62,73,54,37,77,78,0,28,77,93,268.779999
3/22/13,68,63,65,75,71,65,76,57,26,39,60,17,44,39,100,274.700012
3/23/13,86,74,83,84,73,75,90,77,43,67,63,57,33,67,61,254.809998
3/24/13,79,82,89,81,94,74,100,80,47,66,78,0,36,66,54,249.740005
3/25/13,67,65,75,80,71,70,82,55,23,66,73,80,27,66,59,253.809998
3/26/13,68,64,71,76,71,56,80,52,27,57,72,32,53,57,57,248.229996
3/27/13,69,58,69,79,76,57,78,53,27,19,73,33,42,19,58,397.970001
3/28/13,65,59,67,71,78,70,76,52,18,50,75,85,41,50,55,396.440002
3/29/13,63,67,70,79,75,80,85,58,24,43,65,54,47,43,53,393.630005
3/30/13,66,70,69,69,89,71,84,100,100,35,64,20,51,35,51,398.029999
3/31/13,78,77,74,77,100,77,90,82,22,24,56,40,45,24,49,401.920013
1/1/14,85,97,100,94,80,84,100,64,80,17,100,42,97,17,50,401.01001
1/2/14,86,94,75,96,86,100,93,52,83,21,90,68,68,21,54,397.660004
1/3/14,85,90,82,95,78,90,92,47,39,100,88,14,61,100,55,390.980011
1/4/14,88,100,86,89,81,94,94,55,43,39,81,75,82,39,47,397.540009
1/5/14,89,95,86,100,72,92,99,58,50,47,70,15,94,47,45,395.869995
1/6/14,83,87,74,91,76,79,89,45,31,48,97,26,97,48,55,395.799988
1/7/14,73,71,64,88,73,62,80,40,36,46,76,51,79,46,53,399.609985
1/8/14,80,76,73,91,68,60,79,36,66,20,93,32,76,20,50,407.049988
1/9/14,79,72,67,92,65,73,75,34,36,47,96,26,80,47,52,404.540009
1/10/14,73,72,71,89,60,66,71,36,31,62,72,13,100,62,54,399.869995
1/11/14,71,90,88,87,77,96,83,46,36,23,74,45,78,23,45,387.600006
1/12/14,100,89,90,89,68,90,93,51,55,76,60,44,61,76,45,386.279999
1/13/14,88,79,62,90,72,81,75,35,59,32,80,25,88,32,52,394.429993
1/14/14,66,66,75,90,65,70,78,34,18,53,69,45,53,53,53,384.200012
1/15/14,82,64,69,92,64,76,74,31,18,13,81,25,59,13,53,403.01001
1/16/14,69,67,72,86,66,74,74,31,42,26,67,45,77,26,54,358.690002
1/17/14,68,67,71,83,66,71,72,37,63,55,53,33,72,55,53,346.149994
1/18/14,84,92,83,81,77,82,83,43,70,31,84,15,62,31,46,347.950012
1/19/14,82,94,89,86,91,83,94,48,62,38,71,81,84,38,47,346.450012
1/20/14,77,72,70,79,88,72,78,41,48,39,72,51,62,39,56,354.589996
1/21/14,77,72,60,84,77,78,72,30,47,45,98,49,51,45,56,361.079987
1/22/14,70,70,67,88,80,72,71,37,18,19,80,19,71,19,54,360.869995
1/23/14,81,64,64,77,80,78,72,33,30,39,64,44,59,39,56,361.790009
1/24/14,72,69,69,76,79,69,68,37,56,40,91,13,44,40,53,349.25
1/25/14,77,78,84,78,83,86,83,49,70,23,61,29,54,23,47,357.200012
1/26/14,84,97,86,87,86,85,92,50,27,15,84,22,68,15,46,357.350006
1/27/14,64,68,69,80,75,79,77,33,17,25,71,37,52,25,55,353.649994
1/28/14,64,66,68,82,70,77,71,31,77,32,77,37,58,32,53,347.380005
1/29/14,71,64,72,81,67,65,74,33,29,26,92,19,62,26,55,349.799988
1/30/14,75,66,63,74,77,77,72,31,24,33,85,19,53,33,56,346.76001
1/31/14,63,64,76,75,71,81,71,37,43,34,65,26,41,34,57,351.779999
2/1/14,85,82,88,78,73,73,83,48,56,53,73,37,70,53,48,358.320007
2/2/14,87,89,90,75,79,94,93,39,48,15,61,29,86,15,46,359.799988
2/3/14,67,66,61,71,78,61,74,29,58,51,68,12,71,51,53,360.130005
2/4/14,70,61,63,73,73,62,72,30,100,0,82,25,52,0,52,362.100006
2/5/14,75,66,66,74,82,58,74,31,41,39,56,19,64,39,55,359.779999
2/6/14,80,68,59,67,33,78,76,30,73,27,67,60,49,27,56,363.899994
2/7/14,58,62,59,73,78,88,69,30,60,15,62,21,33,15,57,372.369995
2/8/14,75,83,85,78,79,89,80,43,34,30,83,29,72,30,47,372.160004
2/9/14,67,80,93,81,77,87,93,46,75,29,69,22,53,29,45,372.059998
2/10/14,59,69,58,69,74,69,75,32,52,38,82,12,60,38,52,370.529999
2/11/14,54,61,69,70,91,70,72,29,69,32,74,43,35,32,53,368.820007
2/12/14,54,66,70,67,86,74,71,29,23,13,73,100,29,13,57,370.640015
2/13/14,62,59,63,69,74,66,64,32,42,33,90,63,39,33,55,371.51001
2/14/14,59,62,69,64,83,64,64,34,49,40,79,46,52,40,56,373.73999
2/15/14,73,79,80,74,87,86,80,42,49,53,66,22,54,53,49,375.040009
2/16/14,72,84,84,72,76,78,83,46,69,38,76,44,60,38,46,378.769989
2/17/14,78,69,67,70,80,65,75,33,29,26,62,69,39,26,54,373.230011
2/18/14,57,61,63,66,78,70,71,31,53,39,81,25,32,39,52,368.970001
2/19/14,56,61,59,64,76,70,66,27,41,32,72,19,61,32,52,360.619995
2/20/14,55,59,64,63,77,62,67,32,66,13,78,25,66,13,54,351.850006
2/21/14,52,64,74,65,78,66,70,51,43,34,79,26,37,34,52,354.709991
2/22/14,62,74,76,66,74,69,76,52,42,23,64,29,46,23,43,343.410004
2/23/14,72,88,88,70,76,80,88,56,62,30,81,15,57,30,43,338.470001
2/24/14,72,62,61,70,94,69,75,39,17,19,68,31,77,19,54,338.290009
2/25/14,61,64,68,69,66,66,75,51,34,13,67,56,48,13,56,336.369995
2/26/14,59,64,70,64,80,60,73,100,47,45,58,50,58,45,53,342.98999
2/27/14,63,63,62,68,93,71,72,65,70,19,77,50,59,19,53,341.959991
2/28/14,53,69,73,65,81,69,70,59,37,34,69,39,58,34,52,333.619995
3/1/14,63,77,75,68,79,72,78,79,48,38,72,0,58,38,45,323
3/2/14,73,90,86,74,80,88,93,79,68,30,56,29,94,30,46,317.76001
3/3/14,53,73,68,72,75,68,74,53,35,13,71,56,55,13,55,327.070007
3/4/14,64,67,64,63,82,67,72,46,48,39,67,32,56,39,53,331.809998
3/5/14,56,66,63,63,83,64,74,40,65,32,79,50,88,32,54,317.109985
3/6/14,54,64,61,62,82,64,68,42,65,46,75,50,43,46,54,311.730011
3/7/14,50,63,65,61,76,62,69,42,55,41,86,39,41,41,53,315.910004
3/8/14,64,80,86,65,85,73,76,62,35,92,69,37,54,92,46,316.079987
3/9/14,56,80,81,66,85,80,79,58,62,45,61,29,57,45,45,323.679993
3/10/14,63,63,63,64,89,67,74,40,65,33,76,37,72,33,53,324.910004
3/11/14,63,64,67,66,70,61,70,39,53,19,61,38,36,19,51,330.869995
3/12/14,57,62,64,62,79,68,68,37,35,13,89,19,84,13,51,329.320007
3/13/14,51,53,60,66,78,69,70,42,36,46,77,19,62,46,53,324.579987
3/14/14,56,59,66,61,82,64,68,51,75,27,77,33,51,27,52,337.149994
3/15/14,61,76,82,60,95,63,74,62,35,15,78,22,57,15,45,303.829987
3/16/14,72,68,81,69,80,76,83,69,68,30,81,72,38,30,45,296.579987
3/17/14,63,59,57,63,73,55,72,46,29,26,74,25,42,26,56,300.380005
3/18/14,55,65,59,66,89,74,70,42,64,19,65,68,48,19,54,304.130005
3/19/14,59,57,67,65,75,65,68,40,46,26,59,37,71,26,54,307.890015
3/20/14,61,59,59,65,87,71,70,38,30,0,56,25,82,0,56,308.01001
3/21/14,41,60,66,62,88,77,68,46,31,20,68,65,47,20,55,310.049988
3/22/14,52,86,78,68,93,83,79,64,62,76,60,59,65,76,49,297.380005
3/23/14,70,78,76,71,72,92,90,67,27,44,80,43,52,44,47,292.709991
3/24/14,60,54,61,62,84,61,74,42,40,13,60,25,64,13,55,288.320007
3/25/14,58,58,65,63,83,59,75,45,29,19,65,30,41,19,54,292.23999
3/26/14,60,55,65,66,91,60,73,37,65,26,71,44,58,26,56,308.519989
3/27/14,59,63,70,62,82,65,72,34,53,19,73,62,68,19,84,302.190002
3/28/14,60,62,65,61,88,74,67,50,42,20,65,13,51,20,100,295.290009
3/29/14,63,72,79,65,91,70,72,61,91,15,78,37,58,15,56,298.420013
3/30/14,57,77,75,70,87,75,84,67,75,23,53,44,49,23,50,300.459991
3/31/14,59,66,65,64,100,54,74,43,64,51,48,18,64,51,56,296.929993
1/1/15,99,97,80,88,67,86,95,96,49,85,71,39,46,85,59,291.410004
1/2/15,99,92,96,86,62,85,88,92,34,0,82,75,64,0,61,294.73999
1/3/15,95,98,93,100,72,94,96,100,44,25,91,44,59,25,56,293.269989
1/4/15,93,100,90,96,58,82,93,95,39,76,75,52,49,76,55,286.950012
1/5/15,89,75,73,85,60,75,81,71,68,66,70,37,65,66,60,290.73999
1/6/15,98,73,77,93,61,76,78,63,45,0,91,53,71,0,64,289.440002
1/7/15,91,67,69,85,56,68,73,54,37,65,79,37,53,65,62,297.25
1/8/15,79,64,76,81,52,62,71,60,37,21,74,44,87,21,62,310.320007
1/9/15,77,64,73,80,58,73,69,62,46,22,71,30,18,22,67,312.390015
1/10/15,89,89,93,77,63,90,81,82,51,51,69,77,53,51,58,309.660004
1/11/15,94,81,100,89,56,76,89,79,68,0,66,67,32,0,55,306.75
1/12/15,82,63,79,84,57,71,74,59,58,0,75,37,73,0,65,303.910004
1/13/15,78,65,75,84,64,70,71,48,29,21,69,22,38,21,65,311.779999
1/14/15,79,58,69,86,47,73,69,52,55,0,77,36,56,0,63,354.529999
1/15/15,81,61,71,80,48,78,72,48,59,21,73,22,52,21,66,364.470001
1/16/15,70,68,79,75,53,76,70,57,26,44,61,45,75,44,62,363.549988
1/17/15,79,83,85,77,54,88,79,75,34,50,65,34,81,50,54,364.75
1/18/15,92,89,87,82,46,81,84,79,38,25,59,34,77,25,54,373.890015
1/19/15,88,62,77,73,50,65,69,52,61,21,62,29,59,21,62,374.279999
1/20/15,84,64,65,83,53,71,69,50,32,0,76,0,52,0,63,370.559998
1/21/15,68,56,79,85,55,70,68,49,47,0,71,29,48,0,62,373
1/22/15,75,63,78,87,68,75,69,50,66,0,69,44,52,0,61,375.140015
1/23/15,78,59,91,72,100,80,68,51,42,0,74,15,32,0,61,377.170013
1/24/15,75,73,100,87,99,92,76,81,64,75,84,68,61,75,54,381.829987
1/25/15,100,82,97,87,89,100,88,84,38,99,75,25,57,99,54,375.429993
1/26/15,74,64,73,83,74,70,71,54,36,63,72,72,54,63,60,373.369995
1/27/15,71,64,62,76,56,73,69,50,61,21,69,43,27,21,62,379
1/28/15,84,66,77,82,49,66,71,48,25,0,77,29,59,0,62,383.660004
1/29/15,73,59,77,80,51,76,68,43,47,21,70,14,64,21,63,380.140015
1/30/15,51,60,78,74,50,75,67,53,37,43,71,45,77,43,60,378.589996
1/31/15,68,83,97,80,53,93,80,73,47,0,70,93,44,0,55,385.369995
2/1/15,77,67,97,80,51,85,86,67,45,0,54,74,47,0,52,384.799988
2/2/15,77,57,67,70,47,73,72,46,39,62,65,36,44,62,62,380.160004
2/3/15,81,58,65,72,51,78,67,48,36,0,75,50,77,0,62,385.660004
2/4/15,70,58,76,76,45,80,70,45,32,63,70,79,44,63,61,384.609985
2/5/15,83,54,70,71,54,73,65,46,57,21,61,58,100,21,60,382.720001
2/6/15,69,60,69,70,48,74,64,50,22,43,67,52,87,43,61,387.829987
2/7/15,73,70,93,75,53,85,74,72,47,0,68,51,44,0,52,380.089996
2/8/15,85,80,99,75,45,84,81,73,38,49,71,41,47,49,53,378.559998
2/9/15,71,61,81,73,52,74,70,48,42,0,70,49,57,0,62,369.51001
2/10/15,66,61,76,82,48,72,65,45,32,21,65,50,24,21,61,366.369995
2/11/15,67,57,66,80,54,69,66,45,43,42,80,29,55,42,65,374.23999
2/12/15,67,57,81,66,53,73,64,44,33,0,86,0,46,0,62,370.579987
2/13/15,72,60,85,67,35,74,64,52,45,44,67,23,40,44,60,373.350006
2/14/15,67,77,85,73,34,79,72,71,30,25,77,60,57,25,53,371.920013
2/15/15,84,90,92,87,36,85,100,96,100,100,86,51,57,100,53,375.140015
2/16/15,63,73,78,79,35,69,82,62,41,87,70,30,46,87,63,373.23999
2/17/15,65,62,74,77,34,64,66,51,33,43,78,51,32,43,62,378.48999
2/18/15,73,64,73,74,33,70,65,47,30,0,77,15,39,0,64,375.109985
2/19/15,58,52,67,74,36,69,62,44,36,65,81,51,76,65,62,374.089996
2/20/15,58,61,69,74,34,66,65,50,46,45,100,53,48,45,61,370.959991
2/21/15,79,76,84,70,32,82,71,72,38,50,81,68,60,50,55,367.350006
2/22/15,76,93,83,75,25,76,81,71,42,49,78,58,28,49,56,370.559998
2/23/15,66,66,71,74,30,68,67,47,39,41,78,35,40,41,65,374.589996
2/24/15,72,55,74,74,29,63,65,50,56,41,76,64,61,41,65,372.100006
2/25/15,61,65,78,72,32,71,66,49,44,63,67,21,41,63,63,370.26001
2/26/15,81,58,66,72,30,73,65,42,33,42,69,51,72,42,64,372.25
2/27/15,57,54,75,70,30,76,63,46,67,0,71,45,25,0,62,377.040009
2/28/15,66,76,98,78,30,80,74,65,29,24,70,33,44,24,57,374.410004
3/1/15,77,83,95,78,32,89,82,69,45,48,72,40,27,48,56,381.200012
3/2/15,61,63,75,76,29,76,70,48,35,20,73,42,50,20,62,383.540009
3/3/15,64,64,69,70,29,66,65,39,42,41,70,42,44,41,62,382.649994
3/4/15,63,52,65,72,30,65,63,37,43,61,70,35,58,61,62,382.359985
3/5/15,65,59,67,69,29,77,62,43,72,0,61,57,62,0,62,385.109985
3/6/15,64,59,73,65,24,74,63,43,34,0,60,53,36,0,61,383.450012
3/7/15,61,63,83,77,32,84,71,64,30,0,60,67,40,0,54,386.040009
3/8/15,72,69,90,81,31,76,80,62,38,0,69,100,40,0,56,375.559998
3/9/15,78,72,69,76,27,75,70,40,39,0,71,21,57,0,63,389.51001
3/10/15,61,55,64,68,28,70,62,40,46,0,63,14,34,0,64,391.179993
3/11/15,69,53,82,71,31,70,64,40,60,0,58,43,41,0,62,389.799988
3/12/15,72,53,70,69,32,70,62,39,14,42,63,21,48,42,61,389.98999
3/13/15,61,63,73,64,28,72,59,45,63,21,62,44,25,21,62,445.100006
3/14/15,75,63,85,70,31,83,68,61,13,24,60,42,36,24,71,438.559998
3/15/15,83,69,80,71,27,79,74,60,21,0,58,33,35,0,61,429.309998
3/16/15,69,58,70,67,30,73,66,41,29,42,59,36,41,42,65,429.369995
3/17/15,78,50,62,64,27,66,64,41,39,42,58,28,41,42,62,421.779999
3/18/15,64,51,62,65,28,64,61,38,25,62,69,35,48,62,61,422.869995
3/19/15,53,49,64,67,29,71,61,42,22,0,65,79,45,0,62,423.040009
3/20/15,81,47,72,54,30,75,58,43,56,22,56,37,46,22,64,421.190002
3/21/15,82,65,82,66,29,87,69,63,13,25,67,33,52,25,56,419.100006
3/22/15,75,76,85,70,27,82,71,65,57,24,49,49,43,24,57,426.880005
3/23/15,68,60,67,63,32,72,66,44,46,41,61,28,57,41,66,433.690002
3/24/15,73,58,69,66,32,73,66,45,43,21,61,57,61,21,64,636.98999
3/25/15,78,50,64,65,38,71,54,44,32,30,66,73,55,30,60,633.789978
3/26/15,79,58,68,57,30,69,67,41,49,24,54,49,39,24,100,632.650024
3/27/15,63,56,80,60,31,72,61,50,41,0,63,60,29,0,98,607.940002
3/28/15,61,62,90,62,32,84,71,64,41,0,60,45,56,0,63,607.049988
3/29/15,74,74,97,65,31,81,83,64,30,0,63,17,25,0,58,617.73999
3/30/15,55,59,73,65,33,65,66,44,32,61,61,57,61,61,62,617.890015
3/31/15,54,56,72,65,38,76,66,45,50,42,70,29,61,42,62,581.809998
1/1/16,93,100,93,91,25,100,86,100,29,0,89,17,75,0,70,593
1/2/16,89,93,92,100,28,89,95,98,32,0,90,25,71,0,66,570.179993
1/3/16,100,94,93,93,25,82,100,90,22,31,81,14,100,31,65,574.47998
1/4/16,88,76,64,95,25,70,88,60,21,39,78,16,56,39,73,571.77002
1/5/16,74,71,67,93,26,70,82,56,31,27,96,8,64,27,72,575.02002
1/6/16,83,73,71,89,25,80,82,57,27,14,73,21,77,14,71,596.380005
1/7/16,64,67,69,94,24,78,80,55,22,40,77,21,64,40,75,596.530029
1/8/16,69,64,88,90,23,81,76,60,32,14,79,4,62,14,82,601.25
1/9/16,74,82,86,93,26,90,83,77,21,61,68,9,73,61,66,583.349976
1/10/16,78,80,83,94,23,78,92,80,32,44,63,32,46,44,62,635.349976
1/11/16,72,65,74,89,24,74,80,56,18,38,70,16,68,38,72,587
1/12/16,80,70,61,95,24,69,73,49,18,26,82,12,72,26,74,574.809998
1/13/16,69,61,56,99,23,67,68,51,22,65,81,8,65,65,72,552.099976
1/14/16,68,63,64,86,23,65,65,50,27,52,81,20,50,52,72,531.070007
1/15/16,76,59,70,91,24,69,61,55,19,40,72,4,47,40,70,536.26001
1/16/16,79,80,80,89,27,95,68,81,23,46,74,14,74,46,64,502.130005
1/17/16,72,80,87,90,25,73,76,77,21,30,67,14,75,30,65,488.100006
1/18/16,79,64,72,92,26,72,64,57,25,39,79,12,45,39,71,482.070007
1/19/16,72,59,72,91,28,69,62,47,26,39,81,12,49,39,71,490.480011
1/20/16,75,58,64,97,33,69,62,48,21,0,77,8,78,0,70,503.820007
1/21/16,67,66,81,100,83,66,62,50,27,0,100,17,59,0,72,507.079987
1/22/16,67,60,77,92,100,70,64,56,23,67,77,29,49,67,72,521.099976
1/23/16,84,74,100,89,71,72,67,80,18,44,94,23,81,44,66,534.099976
1/24/16,77,80,87,83,48,72,75,79,29,29,88,14,71,29,65,525
1/25/16,62,60,71,89,38,57,63,50,18,25,80,24,58,25,73,534.900024
1/26/16,75,62,65,90,33,69,63,50,25,39,70,24,66,39,72,559.5
1/27/16,68,60,65,99,30,71,63,47,16,26,93,16,62,26,75,552.940002
1/28/16,72,53,74,86,30,73,58,47,18,39,78,20,66,39,75,554.039978
1/29/16,77,53,73,80,29,74,58,49,17,40,86,25,59,40,74,555.150024
1/30/16,75,67,95,77,33,72,66,70,24,0,68,19,71,0,67,555.22998
1/31/16,84,74,86,87,30,88,73,78,22,100,76,18,65,100,65,552.52002
2/1/16,66,57,61,82,29,73,61,49,23,25,90,15,57,25,74,579.039978
2/2/16,60,57,62,86,30,60,59,45,22,12,77,8,64,12,73,580.210022
2/3/16,64,54,72,82,29,67,57,43,36,12,79,20,46,12,71,577.48999
2/4/16,58,58,66,85,28,65,57,43,18,38,73,16,48,38,74,575.140015
2/5/16,59,58,76,75,27,68,57,49,20,53,72,8,44,53,74,562.799988
2/6/16,68,69,82,78,29,77,68,69,25,72,70,5,59,72,65,560.26001
2/7/16,62,81,69,91,29,68,70,73,25,29,70,19,44,29,63,559.469971
2/8/16,64,58,76,74,31,58,62,51,21,13,77,20,43,13,100,558.929993
2/9/16,58,61,61,80,32,59,59,46,20,26,94,16,43,26,80,569.609985
2/10/16,70,59,70,79,28,63,56,45,21,50,73,12,41,50,75,573.369995
2/11/16,62,59,60,76,28,65,54,46,19,25,81,0,51,25,74,577.02002
2/12/16,55,57,76,76,27,75,54,45,23,39,73,4,55,39,76,574.27002
2/13/16,68,69,71,71,30,73,61,65,19,14,60,18,47,14,69,559.440002
2/14/16,79,69,86,72,26,59,61,66,21,43,76,5,50,43,65,552.080017
2/15/16,65,58,63,78,29,57,56,57,20,38,68,20,56,38,76,553.97998
2/16/16,62,54,66,83,28,62,55,47,15,0,74,20,55,0,72,560.47998
2/17/16,64,55,66,75,28,58,57,42,20,25,66,16,67,25,73,569.630005
2/18/16,61,54,66,75,35,70,54,44,15,37,97,12,83,37,70,582.950012
2/19/16,59,60,61,72,34,69,55,46,20,26,83,8,62,26,71,579.869995
2/20/16,57,74,80,78,35,75,60,63,24,29,87,14,58,29,64,593.859985
2/21/16,81,68,95,76,31,67,64,73,100,28,62,13,63,28,63,598.690002
2/22/16,66,55,59,79,31,62,56,47,26,62,75,19,71,62,72,593.640015
2/23/16,69,46,65,75,29,67,55,45,25,73,74,8,64,73,72,598.5
2/24/16,57,58,57,77,27,58,54,45,17,25,80,19,47,25,69,593.190002
2/25/16,64,57,68,75,27,62,53,40,22,0,82,23,32,0,69,586.140015
2/26/16,65,52,74,75,27,62,55,45,25,13,85,24,55,13,71,602.080017
2/27/16,66,69,83,71,31,72,62,64,24,28,75,13,50,28,64,591.429993
2/28/16,70,75,70,75,28,67,67,62,20,70,63,13,84,70,61,594.599976
2/29/16,62,57,54,72,28,61,58,44,16,24,65,11,53,24,73,595.929993
3/1/16,59,52,63,76,30,54,57,43,22,24,74,19,62,24,71,603.169983
3/2/16,59,51,67,72,30,54,56,39,17,73,76,84,49,73,73,614.820007
3/3/16,69,51,67,76,31,60,53,39,18,73,72,100,60,73,82,620.75
3/4/16,47,55,58,75,30,64,54,43,16,13,76,72,37,13,77,625.890015
3/5/16,71,67,77,71,32,67,59,59,23,0,84,53,60,0,67,635.349976
3/6/16,62,70,80,76,32,59,62,66,26,70,87,56,52,70,64,627.900024
3/7/16,70,55,58,79,32,53,56,42,18,24,72,19,50,24,77,632.98999
3/8/16,52,52,58,78,32,58,55,43,23,24,84,15,59,24,72,631
3/9/16,58,50,55,73,38,64,53,42,17,36,68,23,50,36,77,620.5
3/10/16,66,51,61,82,35,62,52,43,29,73,70,27,56,73,78,626.200012
3/11/16,61,47,58,70,35,68,50,48,20,13,70,20,40,13,78,616.880005
3/12/16,66,59,82,76,43,64,58,63,29,0,70,9,52,0,69,606.570007
3/13/16,74,64,70,79,43,62,62,63,23,42,72,18,51,42,70,602
3/14/16,67,49,58,76,40,56,54,45,22,24,71,12,60,24,77,659.590027
3/15/16,67,54,61,71,40,54,53,41,19,61,67,12,71,61,77,683.849976
3/16/16,61,55,54,73,45,58,52,44,23,24,75,19,68,24,72,671.320007
3/17/16,60,47,61,71,40,55,50,40,17,12,61,12,50,12,75,670.900024
3/18/16,54,54,72,71,41,68,52,47,21,51,66,28,38,51,76,659.090027
3/19/16,63,70,79,71,45,69,59,62,22,0,61,9,44,0,67,673.950012
3/20/16,80,68,81,81,43,63,62,61,23,0,63,18,62,0,67,679.75
3/21/16,71,58,54,77,42,60,57,46,23,25,84,8,61,25,74,703.070007
3/22/16,67,54,57,73,42,57,51,44,19,0,65,27,52,0,72,753.669983
3/23/16,54,54,67,73,44,57,52,45,19,25,71,8,50,25,74,757.179993
3/24/16,64,55,66,76,39,64,56,44,22,26,78,8,47,26,74,780.450012
3/25/16,64,59,66,74,45,61,54,58,20,14,81,22,49,14,69,795.98999
3/26/16,63,62,78,73,47,62,61,58,18,0,71,0,56,0,71,796.919983
3/27/16,97,65,69,75,50,59,59,62,22,30,70,9,56,30,65,795.900024
3/28/16,77,56,76,78,51,56,59,51,20,39,58,12,44,39,69,799.02002
3/29/16,73,54,65,76,50,58,57,46,27,12,74,8,39,12,72,813.640015
3/30/16,62,55,54,75,50,53,54,45,17,61,77,15,64,61,72,817.140015
3/31/16,61,56,46,72,42,56,54,44,18,25,70,16,39,25,73,809.719971
1/1/17,96,94,100,82,52,85,100,98,37,39,38,39,64,39,100,807.47998
1/2/17,87,100,84,100,52,83,100,90,33,32,57,33,100,32,95,809.039978
1/3/17,83,71,74,88,51,78,94,72,47,15,57,36,60,15,92,808.330017
1/4/17,80,64,80,90,49,75,89,68,39,38,46,22,54,38,95,817.880005
1/5/17,88,75,72,89,49,76,87,66,41,84,60,48,69,84,92,822.440002
1/6/17,76,67,78,89,48,76,85,79,40,79,49,54,58,79,90,836.52002
1/7/17,85,82,86,81,52,80,96,95,39,51,50,34,79,51,86,839.150024
1/8/17,93,98,90,90,51,73,99,100,42,17,42,64,59,17,83,835.77002
1/9/17,78,74,68,96,48,67,85,70,37,59,49,42,62,59,88,830.380005
1/10/17,76,64,62,90,49,69,85,61,30,15,48,61,71,15,83,823.47998
1/11/17,81,66,77,86,51,68,81,60,28,29,49,42,37,29,83,832.349976
1/12/17,75,64,81,80,55,70,82,71,32,30,51,100,50,30,85,839.950012
1/13/17,73,70,80,83,45,70,82,79,31,30,100,97,52,30,84,810.200012
1/14/17,82,79,81,80,51,78,90,93,35,34,52,90,58,34,77,807.640015
1/15/17,100,88,92,87,55,72,96,95,29,59,53,58,55,59,75,812.5
1/16/17,79,67,77,79,51,60,84,74,45,15,46,64,68,15,81,819.710022
1/17/17,80,59,66,90,49,66,79,64,20,51,49,55,53,51,80,821.359985
1/18/17,68,60,65,85,51,63,78,59,27,37,51,54,54,37,81,827.460022
1/19/17,66,53,64,87,53,64,75,61,23,29,47,71,59,29,79,836.530029
1/20/17,70,62,78,75,95,68,80,67,36,15,49,25,58,15,76,836.390015
1/21/17,73,71,99,80,100,67,87,86,29,42,46,40,40,42,73,842.700012
1/22/17,83,80,98,91,87,60,97,96,21,59,45,55,57,59,71,844.140015
1/23/17,92,55,64,81,66,58,80,64,47,15,47,33,44,15,79,845.070007
1/24/17,81,66,66,81,53,58,78,60,20,15,47,48,65,15,77,856.440002
1/25/17,66,65,66,86,52,61,81,58,35,37,48,52,54,37,78,855.609985
1/26/17,64,54,72,78,53,65,82,62,27,37,40,34,54,37,79,852.190002
1/27/17,73,56,69,76,50,73,78,68,35,45,44,34,45,45,78,845.23999
1/28/17,77,74,73,82,56,67,89,90,35,43,43,42,63,43,74,848.640015
1/29/17,86,82,83,79,52,68,98,90,50,67,49,40,43,67,73,845.039978
1/30/17,84,68,62,78,47,64,80,60,20,37,46,28,36,37,79,853.080017
1/31/17,73,58,72,73,49,61,81,60,36,44,52,23,48,44,79,848.909973
2/1/17,76,59,67,74,46,63,80,57,34,14,44,52,54,14,76,849.880005
2/2/17,73,58,67,72,50,69,82,57,20,59,42,21,73,59,83,846.609985
2/3/17,74,55,70,75,51,70,77,64,38,61,43,31,35,61,78,846.02002
2/4/17,74,80,89,77,53,73,86,80,25,92,48,29,66,92,70,850.5
2/5/17,76,80,81,78,51,59,92,81,39,33,47,43,44,33,69,853
2/6/17,66,66,68,69,49,55,79,56,16,36,44,22,49,36,77,852.460022
2/7/17,69,62,65,79,48,59,81,52,33,65,45,39,45,65,75,854.590027
2/8/17,61,60,72,67,48,63,80,55,38,29,43,12,48,29,76,852.530029
2/9/17,69,64,77,75,48,57,74,54,43,44,44,45,39,44,75,852.969971
2/10/17,63,60,75,77,49,64,74,58,22,30,48,30,37,30,75,853.419983
2/11/17,76,75,87,75,54,69,85,74,25,34,43,39,56,34,70,852.309998
2/12/17,72,84,89,77,53,66,93,78,43,83,43,63,47,83,68,856.969971
2/13/17,61,60,55,70,48,60,78,52,24,36,48,34,44,36,77,843.200012
2/14/17,74,60,70,68,51,62,70,54,30,36,51,12,47,36,75,848.059998
2/15/17,68,64,72,70,46,58,76,55,27,37,46,29,46,37,74,847.380005
2/16/17,66,52,71,68,47,65,74,53,25,22,42,38,44,22,72,845.609985
2/17/17,64,61,76,68,49,70,71,62,26,38,39,39,37,38,73,846.820007
2/18/17,78,70,88,65,57,66,85,77,19,34,45,39,42,34,68,856
2/19/17,89,72,80,75,55,62,90,83,25,100,44,43,44,100,66,874.320007
2/20/17,84,61,66,70,51,58,78,66,22,29,43,43,51,29,75,876.340027
2/21/17,75,58,67,76,55,58,76,57,39,36,41,37,42,36,75,886.539978
2/22/17,71,65,65,78,52,63,76,53,18,22,50,43,45,22,78,891.51001
2/23/17,69,54,68,74,49,65,74,54,32,44,43,40,43,44,80,906.830017
2/24/17,72,70,74,75,54,70,74,64,26,31,40,29,45,31,75,909.280029
2/25/17,86,70,85,75,60,64,89,77,27,43,42,36,50,43,68,898.280029
2/26/17,81,78,82,80,59,65,97,87,25,34,43,35,51,34,70,894.880005
2/27/17,71,66,63,66,52,59,82,57,22,73,44,51,46,73,77,907.039978
2/28/17,80,54,71,71,56,100,81,70,100,37,53,45,47,37,77,902.359985
3/1/17,73,56,69,68,55,57,79,58,46,14,49,59,42,14,75,896.22998
3/2/17,66,53,73,70,53,59,79,53,28,36,47,58,46,36,77,884.669983
3/3/17,73,58,77,74,54,67,78,61,46,30,52,57,29,30,77,901.98999
3/4/17,85,76,93,82,62,66,84,74,24,49,44,56,50,49,69,903.780029
3/5/17,88,84,89,75,62,64,94,82,15,25,48,42,51,25,71,899.200012
3/6/17,80,60,65,69,57,59,79,58,26,21,46,25,49,21,78,902.059998
3/7/17,83,64,70,73,57,61,75,56,29,14,42,50,47,14,78,898.530029
3/8/17,61,53,65,72,54,57,76,49,28,29,45,36,51,29,80,907.409973
3/9/17,63,59,66,72,56,67,72,51,31,65,44,71,39,65,76,907.619995
3/10/17,63,59,71,65,57,64,73,55,31,52,45,29,46,52,77,909.289978
3/11/17,72,71,88,70,60,67,80,75,38,33,47,56,48,33,72,918.380005
3/12/17,85,75,95,77,53,59,88,78,11,16,39,48,47,16,70,924.98999
3/13/17,77,61,61,70,50,55,75,56,23,36,40,34,43,36,75,948.22998
3/14/17,74,54,69,69,54,57,74,59,31,36,44,55,43,36,75,946.940002
3/15/17,71,55,62,71,56,56,71,53,26,50,46,17,44,50,74,941.030029
3/16/17,75,51,64,70,60,53,72,51,25,43,40,34,27,43,74,937.530029
3/17/17,63,61,67,65,57,58,73,56,29,46,40,39,59,46,72,934.150024
3/18/17,85,70,97,64,64,65,82,72,32,58,41,48,35,58,68,949.039978
3/19/17,87,73,87,64,62,56,92,80,30,33,38,33,62,33,70,952.820007
3/20/17,78,62,71,66,61,54,79,56,28,29,39,32,50,29,76,948.950012
3/21/17,71,60,75,70,60,57,76,50,25,58,41,26,49,58,76,947.619995
3/22/17,82,58,64,71,61,49,74,53,43,50,39,46,30,50,74,961.349976
3/23/17,71,47,72,65,77,57,70,53,18,51,44,31,46,51,77,957.969971
3/24/17,63,60,71,64,63,62,69,58,21,46,46,36,41,46,72,966.070007
3/25/17,73,66,77,67,73,60,73,74,31,43,39,39,49,43,71,944.76001
3/26/17,87,70,78,72,66,54,80,73,17,42,42,36,56,42,72,958.48999
3/27/17,84,50,66,70,59,57,73,56,39,29,42,39,58,29,75,959.840027
3/28/17,77,51,58,68,61,56,76,52,39,36,48,34,37,36,74,966.070007
3/29/17,74,57,74,67,63,58,76,54,35,44,43,30,50,44,74,944.76001
3/30/17,75,55,61,74,68,55,77,51,30,52,44,37,48,52,76,958.48999
3/31/17,58,57,76,65,56,64,72,57,33,15,50,45,40,15,72,959.840027