"","Date","Amazon Australia","Amazon dvd","Amazon mp3","Amazon books","Amazon India","Amazon music","Amazon UK","Amazon video","Amazon error","Amazon kindle","Amazon order","Amazon recall","Amazon register","Amazon sucks","Amazon echo"
"1","2007-01-01",76,100,50,52,21,78,100,100,71,0,58,0,0,0,36
"2","2007-01-02",70,78,72,95,13,53,99,58,0,39,25,0,41,39,47
"3","2007-01-03",45,91,65,89,0,57,87,63,43,38,46,0,39,38,54
"4","2007-01-04",73,68,45,90,12,65,88,54,42,0,34,83,0,0,53
"5","2007-01-05",34,77,53,58,0,100,78,46,0,38,60,0,0,38,52
"6","2007-01-06",41,75,51,65,33,73,91,73,57,100,31,0,0,100,43
"7","2007-01-07",54,89,68,71,100,80,94,83,0,0,31,0,0,0,37
"8","2007-01-08",85,65,43,64,12,51,70,51,80,0,44,0,0,0,53
"9","2007-01-09",37,59,37,100,23,44,73,50,0,34,64,0,71,34,51
"10","2007-01-10",49,61,55,82,35,60,66,37,40,34,65,0,35,34,53
"11","2007-01-11",23,71,43,67,23,46,76,37,0,0,33,39,71,0,56
"12","2007-01-12",41,55,45,99,25,58,71,49,0,0,58,0,76,0,51
"13","2007-01-13",59,79,64,100,0,83,80,72,0,0,61,0,0,0,46
"14","2007-01-14",80,82,63,76,49,76,93,94,0,0,30,0,0,0,42
"15","2007-01-15",75,67,57,88,23,57,84,46,0,0,65,0,0,0,55
"16","2007-01-16",67,52,17,89,46,63,76,41,0,0,95,0,35,0,53
"17","2007-01-17",89,59,37,96,11,62,75,41,0,0,53,0,0,0,52
"18","2007-01-18",45,55,44,59,11,60,58,36,39,0,53,0,0,0,55
"19","2007-01-19",36,56,37,69,25,75,60,39,42,36,46,0,75,36,56
"20","2007-01-20",58,69,69,89,32,88,78,45,0,0,44,0,49,0,41
"21","2007-01-21",56,79,81,83,16,68,86,72,0,0,87,0,0,0,44
"22","2007-01-22",62,51,48,70,44,52,64,66,0,0,72,0,0,0,53
"23","2007-01-23",73,56,46,84,11,55,60,40,0,66,41,0,0,66,56
"24","2007-01-24",48,69,56,63,11,50,58,38,38,33,63,38,34,33,53
"25","2007-01-25",19,53,42,80,35,51,72,58,39,34,54,0,0,34,49
"26","2007-01-26",32,55,42,81,12,63,77,46,0,72,34,41,0,72,51
"27","2007-01-27",32,72,59,79,32,73,70,55,0,0,45,0,0,0,42
"28","2007-01-28",56,81,78,84,31,91,77,62,0,46,29,0,0,46,41
"29","2007-01-29",43,63,57,75,0,48,78,55,0,0,61,0,0,0,53
"30","2007-01-30",58,54,48,61,33,54,65,48,0,0,41,0,34,0,52
"31","2007-01-31",55,61,53,51,22,58,53,36,75,0,21,0,0,0,55
"32","2007-02-01",26,47,47,81,23,51,63,39,39,0,64,38,35,0,51
"33","2007-02-02",43,46,31,79,24,65,69,38,40,0,33,0,36,0,48
"34","2007-02-03",94,77,69,56,0,69,72,44,0,0,44,0,0,0,46
"35","2007-02-04",20,73,67,70,16,64,83,56,53,0,29,0,0,0,45
"36","2007-02-05",65,63,41,60,22,39,75,55,0,0,21,37,34,0,53
"37","2007-02-06",37,53,35,63,22,60,67,57,0,0,51,0,34,0,53
"38","2007-02-07",54,68,50,82,11,56,64,51,0,0,21,38,0,0,52
"39","2007-02-08",68,55,55,76,11,65,61,31,0,33,41,0,34,33,51
"40","2007-02-09",42,61,28,69,0,55,64,49,0,35,87,0,0,35,48
"41","2007-02-10",25,62,50,86,16,85,77,68,0,46,72,0,48,46,43
"42","2007-02-11",100,81,66,75,0,82,85,61,0,45,28,0,46,45,43
"43","2007-02-12",36,60,49,58,0,56,59,56,37,32,40,0,0,32,52
"44","2007-02-13",53,62,35,61,11,45,65,39,37,0,0,0,0,0,52
"45","2007-02-14",59,55,22,69,0,53,57,40,0,33,31,38,34,33,51
"46","2007-02-15",71,60,45,68,11,46,73,53,39,0,43,78,0,0,53
"47","2007-02-16",28,57,76,65,24,64,74,51,0,0,68,0,37,0,50
"48","2007-02-17",58,70,63,62,33,61,70,49,0,0,61,0,50,0,44
"49","2007-02-18",42,94,70,71,49,65,71,58,54,0,60,0,0,0,48
"50","2007-02-19",61,66,60,73,0,51,81,49,40,0,33,40,0,0,54
"51","2007-02-20",57,53,40,74,0,60,69,60,0,0,53,0,0,0,54
"52","2007-02-21",59,50,46,64,23,62,69,38,38,33,31,0,0,33,52
"53","2007-02-22",66,52,37,81,34,55,68,54,38,0,52,0,35,0,51
"54","2007-02-23",51,50,41,60,12,50,67,52,0,0,55,0,37,0,51
"55","2007-02-24",51,72,100,64,15,80,76,64,0,0,100,52,47,0,47
"56","2007-02-25",87,61,48,64,45,80,76,39,0,0,69,0,0,0,41
"57","2007-02-26",39,64,44,71,32,56,65,47,0,32,40,0,33,32,51
"58","2007-02-27",55,50,36,70,21,47,62,32,0,32,49,0,33,32,50
"59","2007-02-28",39,44,44,86,22,46,68,56,0,0,20,0,0,0,54
"60","2007-03-01",32,66,31,84,33,69,69,37,38,32,61,0,0,32,53
"61","2007-03-02",42,58,42,61,12,54,70,30,39,0,32,0,0,0,52
"62","2007-03-03",50,70,43,55,91,70,83,67,52,45,42,0,46,45,47
"63","2007-03-04",40,82,42,51,15,55,89,66,0,0,28,0,0,0,43
"64","2007-03-05",59,62,35,69,0,58,66,47,0,0,59,0,33,0,53
"65","2007-03-06",56,61,34,80,11,57,62,55,0,31,20,0,0,31,54
"66","2007-03-07",52,57,62,71,32,58,68,47,0,0,29,0,33,0,54
"67","2007-03-08",68,47,43,70,11,57,63,26,0,0,31,0,0,0,52
"68","2007-03-09",60,52,27,65,23,46,63,30,39,34,53,0,0,34,50
"69","2007-03-10",60,67,59,68,15,69,63,36,0,45,43,0,0,45,43
"70","2007-03-11",35,59,55,72,0,80,76,51,52,0,56,0,46,0,43
"71","2007-03-12",56,53,39,77,43,46,72,66,0,0,60,0,65,0,53
"72","2007-03-13",67,53,39,63,11,62,65,43,36,0,50,0,0,0,54
"73","2007-03-14",50,50,58,65,22,42,64,50,0,0,50,0,0,0,53
"74","2007-03-15",22,47,43,55,0,54,62,53,0,0,21,0,0,0,53
"75","2007-03-16",37,57,27,57,23,68,58,39,0,0,43,0,0,0,47
"76","2007-03-17",35,60,72,40,15,76,58,33,0,46,28,0,46,46,44
"77","2007-03-18",43,68,66,52,29,72,79,59,100,0,82,100,0,0,45
"78","2007-03-19",55,59,46,63,21,52,69,50,36,0,49,71,32,0,60
"79","2007-03-20",44,67,26,44,67,63,60,51,0,0,52,75,34,0,53
"80","2007-03-21",42,49,46,67,0,59,62,43,0,32,60,36,0,32,53
"81","2007-03-22",46,58,32,57,22,49,62,45,0,0,20,36,33,0,57
"82","2007-03-23",56,54,44,73,23,66,70,36,77,34,21,0,0,34,56
"83","2007-03-24",15,62,65,56,15,47,78,44,0,0,84,50,0,0,49
"84","2007-03-25",54,73,59,74,0,78,84,39,0,0,70,0,0,0,90
"85","2007-03-26",38,53,63,62,10,48,53,42,35,31,19,35,0,31,100
"86","2007-03-27",55,47,36,64,0,54,66,40,0,0,19,36,48,0,69
"87","2007-03-28",28,53,37,70,32,50,63,41,73,0,80,36,32,0,56
"88","2007-03-29",50,55,31,50,43,51,71,43,37,0,81,0,100,0,55
"89","2007-03-30",42,46,50,81,23,59,57,39,40,0,32,39,0,0,55
"90","2007-03-31",30,64,57,56,31,86,65,71,0,46,0,52,0,46,42
"91","2008-01-01",90,91,61,82,34,92,100,100,0,0,100,0,55,0,48
"92","2008-01-02",72,93,44,73,68,81,74,68,0,0,98,0,0,0,63
"93","2008-01-03",63,81,48,84,29,63,72,69,0,39,70,0,0,39,61
"94","2008-01-04",55,77,47,78,38,77,74,75,0,0,52,0,36,0,60
"95","2008-01-05",61,98,63,76,38,92,75,74,0,0,66,0,92,0,51
"96","2008-01-06",82,100,39,65,66,84,78,75,0,0,58,35,0,0,51
"97","2008-01-07",63,75,51,100,35,66,70,61,0,37,60,25,0,37,66
"98","2008-01-08",44,77,43,96,41,74,77,59,0,0,30,0,0,0,63
"99","2008-01-09",47,74,39,87,41,76,64,71,0,73,18,0,33,73,65
"100","2008-01-10",41,69,45,82,76,75,62,55,0,37,30,0,50,37,75
"101","2008-01-11",69,69,100,80,21,78,66,64,25,77,37,0,35,77,79
"102","2008-01-12",59,87,68,71,56,91,69,65,0,100,40,0,45,100,62
"103","2008-01-13",100,87,65,79,81,100,90,66,32,0,63,0,45,0,58
"104","2008-01-14",70,68,44,83,40,70,70,52,0,35,29,0,32,35,71
"105","2008-01-15",64,65,55,76,67,81,64,60,23,0,69,0,0,0,68
"106","2008-01-16",49,74,41,85,47,62,54,53,0,36,46,0,0,36,66
"107","2008-01-17",43,60,44,76,47,66,54,62,0,0,35,25,33,0,73
"108","2008-01-18",45,68,36,77,14,64,63,39,0,38,31,26,34,38,71
"109","2008-01-19",91,80,51,72,18,81,69,61,0,0,71,33,0,0,60
"110","2008-01-20",98,83,61,85,70,79,70,88,62,47,54,0,43,47,54
"111","2008-01-21",85,71,46,72,80,63,60,58,0,53,52,0,32,53,69
"112","2008-01-22",42,62,34,81,59,59,53,52,45,0,45,0,32,0,69
"113","2008-01-23",72,57,42,89,59,60,51,59,0,0,11,0,32,0,63
"114","2008-01-24",64,56,48,90,40,79,63,58,47,0,52,0,33,0,66
"115","2008-01-25",68,65,41,75,57,59,66,72,0,38,43,0,0,38,64
"116","2008-01-26",76,73,37,82,92,85,81,67,0,49,80,0,45,49,58
"117","2008-01-27",37,80,70,75,54,83,71,71,31,0,23,0,0,0,57
"118","2008-01-28",89,58,75,74,19,87,71,58,23,35,34,0,48,35,67
"119","2008-01-29",44,60,61,81,19,73,61,70,22,34,34,0,0,34,65
"120","2008-01-30",88,48,56,87,33,73,60,51,23,0,57,0,32,0,66
"121","2008-01-31",34,49,51,63,27,64,62,52,24,36,35,0,32,36,68
"122","2008-02-01",68,69,51,73,0,63,60,60,0,38,25,0,0,38,68
"123","2008-02-02",38,68,51,58,100,97,67,79,32,0,31,0,45,0,54
"124","2008-02-03",70,77,48,85,45,66,81,84,32,0,55,33,44,0,57
"125","2008-02-04",47,65,40,72,27,65,63,68,24,0,18,0,100,0,69
"126","2008-02-05",83,55,43,79,41,81,55,59,0,36,70,0,33,36,69
"127","2008-02-06",40,62,46,79,20,60,62,58,47,0,41,0,33,0,65
"128","2008-02-07",53,66,33,78,48,69,70,54,0,0,12,100,33,0,70
"129","2008-02-08",53,62,49,84,29,70,60,45,0,0,25,0,0,0,67
"130","2008-02-09",59,79,60,78,45,80,82,88,0,0,48,0,0,0,55
"131","2008-02-10",45,83,59,73,45,76,74,69,64,0,39,33,0,0,53
"132","2008-02-11",75,67,51,77,85,73,71,61,23,0,40,0,65,0,63
"133","2008-02-12",51,55,38,63,33,60,64,52,0,0,51,24,0,0,65
"134","2008-02-13",45,57,36,78,58,61,64,36,0,71,29,0,0,71,63
"135","2008-02-14",41,53,34,72,61,53,56,51,0,73,41,50,33,73,66
"136","2008-02-15",49,57,39,68,42,69,71,61,25,38,31,52,0,38,95
"137","2008-02-16",41,80,42,70,63,87,75,76,31,48,54,0,0,48,100
"138","2008-02-17",52,86,50,72,88,76,76,55,0,0,38,0,43,0,67
"139","2008-02-18",39,58,50,71,91,71,57,55,0,0,62,24,0,0,74
"140","2008-02-19",59,65,42,78,38,70,56,40,0,0,45,0,0,0,66
"141","2008-02-20",38,69,31,82,32,58,50,68,0,34,45,0,31,34,63
"142","2008-02-21",59,59,29,68,32,57,60,55,0,35,34,24,48,35,62
"143","2008-02-22",50,64,37,70,41,66,56,58,0,36,60,25,0,36,66
"144","2008-02-23",36,80,57,74,52,81,59,59,30,47,46,0,85,47,55
"145","2008-02-24",47,73,54,69,51,80,69,78,0,0,37,0,41,0,53
"146","2008-02-25",66,62,47,79,25,61,67,55,0,34,76,0,0,34,67
"147","2008-02-26",48,71,38,70,31,67,59,45,21,0,38,34,30,0,64
"148","2008-02-27",55,52,33,68,32,60,56,49,22,34,44,23,62,34,63
"149","2008-02-28",36,61,34,59,45,71,49,33,0,35,45,0,63,35,65
"150","2008-02-29",50,59,46,70,41,60,62,79,0,0,53,0,0,0,66
"151","2008-03-01",39,75,59,58,43,75,73,63,0,0,38,0,84,0,55
"152","2008-03-02",62,68,56,85,59,81,69,68,0,45,22,31,0,45,53
"153","2008-03-03",69,66,51,75,50,60,67,51,44,34,33,0,46,34,63
"154","2008-03-04",54,62,51,75,44,63,70,56,0,0,27,0,0,0,64
"155","2008-03-05",60,59,39,71,57,63,54,51,22,34,27,23,31,34,65
"156","2008-03-06",36,53,44,74,26,59,56,49,23,35,46,0,63,35,64
"157","2008-03-07",72,50,33,76,61,65,60,68,24,36,12,0,34,36,65
"158","2008-03-08",75,59,49,66,68,76,71,54,0,0,52,0,42,0,58
"159","2008-03-09",65,81,51,84,58,91,83,77,0,0,36,0,0,0,55
"160","2008-03-10",77,63,43,78,50,64,64,59,0,33,38,23,0,33,70
"161","2008-03-11",40,57,42,84,82,52,64,47,0,67,33,0,0,67,67
"162","2008-03-12",58,58,35,89,25,68,51,63,0,0,44,0,0,0,65
"163","2008-03-13",44,49,37,76,45,56,58,52,0,35,17,24,0,35,68
"164","2008-03-14",47,53,45,65,41,73,50,57,24,0,12,0,0,0,69
"165","2008-03-15",56,73,50,74,44,76,78,53,0,0,46,32,0,0,57
"166","2008-03-16",96,69,58,78,59,91,71,68,0,89,44,0,82,89,54
"167","2008-03-17",69,65,38,68,38,75,55,61,22,34,44,23,0,34,69
"168","2008-03-18",65,64,37,76,45,69,60,51,23,68,11,0,31,68,64
"169","2008-03-19",40,58,28,78,13,73,57,71,0,36,23,0,0,36,65
"170","2008-03-20",33,55,33,67,36,61,53,55,100,0,44,0,52,0,63
"171","2008-03-21",44,67,36,68,56,65,63,44,0,43,28,0,39,43,58
"172","2008-03-22",56,60,47,58,56,83,62,61,0,0,49,34,45,0,51
"173","2008-03-23",57,88,53,59,19,76,64,78,0,51,17,35,0,51,49
"174","2008-03-24",74,74,41,66,50,82,62,43,0,0,37,0,35,0,52
"175","2008-03-25",71,70,35,70,37,67,68,40,0,0,38,23,0,0,62
"176","2008-03-26",57,53,42,64,44,58,63,58,22,0,32,0,30,0,62
"177","2008-03-27",52,54,47,69,51,59,60,43,22,0,22,0,0,0,65
"178","2008-03-28",52,58,49,75,61,73,58,46,0,0,47,0,33,0,61
"179","2008-03-29",75,74,59,58,43,80,59,56,30,0,22,0,0,0,52
"180","2008-03-30",62,70,58,67,59,79,71,61,29,0,59,0,41,0,51
"181","2008-03-31",57,56,44,77,80,61,57,46,22,65,21,0,30,65,62
"182","2009-01-01",66,100,100,81,100,87,100,87,0,35,48,0,0,35,47
"183","2009-01-02",94,79,77,93,48,83,90,85,0,0,89,0,25,0,52
"184","2009-01-03",100,75,78,96,38,87,90,76,36,0,40,53,0,0,43
"185","2009-01-04",100,68,82,100,95,95,95,88,0,29,70,0,53,29,41
"186","2009-01-05",78,66,62,100,57,74,72,55,0,22,37,39,21,22,55
"187","2009-01-06",96,60,64,85,57,68,68,83,27,45,73,0,0,45,54
"188","2009-01-07",68,52,76,95,50,72,68,60,27,22,88,0,20,22,54
"189","2009-01-08",88,53,68,91,72,71,70,60,27,22,66,0,0,22,55
"190","2009-01-09",58,49,45,80,64,74,69,74,0,69,56,0,21,69,55
"191","2009-01-10",66,74,100,92,81,71,73,71,0,57,55,50,0,57,47
"192","2009-01-11",85,77,87,73,64,95,88,83,34,28,77,100,26,28,42
"193","2009-01-12",64,61,60,95,60,62,64,63,26,0,75,75,39,0,55
"194","2009-01-13",61,58,51,94,65,68,63,58,26,43,47,0,0,43,54
"195","2009-01-14",83,49,63,83,60,65,69,54,0,21,87,0,20,21,57
"196","2009-01-15",70,57,63,84,38,64,61,86,26,21,52,0,0,21,56
"197","2009-01-16",74,52,69,74,52,60,57,42,0,23,80,40,0,23,56
"198","2009-01-17",66,80,67,77,87,85,80,72,0,100,55,0,0,100,46
"199","2009-01-18",67,69,79,88,49,96,86,100,34,55,45,0,0,55,43
"200","2009-01-19",80,60,54,80,43,70,66,50,77,21,52,0,20,21,58
"201","2009-01-20",66,43,55,81,75,64,61,76,0,21,29,74,19,21,56
"202","2009-01-21",58,48,56,84,64,52,65,60,0,0,80,37,0,0,57
"203","2009-01-22",83,54,41,91,54,54,57,44,52,0,57,0,0,0,56
"204","2009-01-23",51,50,58,77,51,74,63,52,0,22,54,0,0,22,57
"205","2009-01-24",90,58,82,85,64,80,79,68,34,28,31,0,0,28,46
"206","2009-01-25",79,72,83,87,70,100,90,91,66,0,61,48,0,0,43
"207","2009-01-26",73,45,53,76,81,65,73,48,0,0,69,0,0,0,57
"208","2009-01-27",70,45,56,84,69,59,67,56,0,52,74,37,39,52,56
"209","2009-01-28",65,50,58,81,32,52,62,74,0,21,40,0,0,21,56
"210","2009-01-29",74,48,68,75,82,55,61,42,25,21,46,38,39,21,56
"211","2009-01-30",62,45,61,73,34,61,62,53,0,0,80,0,20,0,55
"212","2009-01-31",92,68,98,72,57,78,81,71,67,0,30,0,25,0,45
"213","2009-02-01",78,67,81,69,48,80,93,53,33,0,59,0,0,0,45
"214","2009-02-02",43,48,50,76,78,60,72,58,0,21,33,36,19,21,65
"215","2009-02-03",54,45,54,87,57,57,60,50,0,20,50,0,19,20,61
"216","2009-02-04",62,45,55,77,47,59,58,46,25,20,45,0,0,20,55
"217","2009-02-05",62,53,50,76,37,60,73,39,26,0,45,36,19,0,61
"218","2009-02-06",50,46,50,59,44,63,63,83,26,22,65,0,40,22,57
"219","2009-02-07",88,58,73,74,56,83,66,78,0,0,30,0,25,0,46
"220","2009-02-08",61,76,84,84,80,71,79,64,64,26,71,0,0,26,46
"221","2009-02-09",79,59,65,81,51,63,68,57,0,20,60,0,0,20,60
"222","2009-02-10",67,49,61,82,82,60,69,51,24,0,27,0,18,0,57
"223","2009-02-11",72,46,58,68,95,67,56,41,0,21,51,0,0,21,59
"224","2009-02-12",51,54,52,68,75,57,61,53,26,21,28,0,19,21,56
"225","2009-02-13",62,46,62,68,39,77,57,69,27,0,48,0,0,0,57
"226","2009-02-14",91,63,87,80,57,64,70,63,0,42,38,0,26,42,46
"227","2009-02-15",96,57,55,78,42,65,74,87,0,55,38,97,0,55,47
"228","2009-02-16",60,53,63,78,69,67,65,62,0,42,80,0,38,42,58
"229","2009-02-17",78,39,49,72,63,64,61,44,0,20,56,0,0,20,56
"230","2009-02-18",57,45,50,74,68,62,60,64,0,21,50,0,19,21,59
"231","2009-02-19",51,40,45,69,48,62,58,49,26,0,62,0,0,0,57
"232","2009-02-20",64,47,48,60,51,61,64,54,54,22,85,0,20,22,58
"233","2009-02-21",93,61,68,61,35,77,77,95,68,28,75,0,25,28,75
"234","2009-02-22",75,66,73,67,83,76,78,53,0,27,52,0,25,27,100
"235","2009-02-23",74,49,45,79,53,60,57,53,51,21,79,0,19,21,76
"236","2009-02-24",58,44,54,76,42,60,51,45,25,21,68,0,0,21,62
"237","2009-02-25",83,41,48,79,47,48,62,62,0,21,73,0,38,21,60
"238","2009-02-26",57,45,37,73,42,54,59,55,0,20,61,36,19,20,58
"239","2009-02-27",53,48,63,61,61,50,56,59,0,0,29,0,100,0,55
"240","2009-02-28",56,55,67,81,28,71,65,91,33,41,89,48,0,41,46
"241","2009-03-01",57,60,71,70,40,66,70,67,32,26,100,0,0,26,45
"242","2009-03-02",88,47,47,69,56,58,65,49,0,20,60,0,18,20,54
"243","2009-03-03",72,48,51,66,46,48,59,61,49,0,55,0,0,0,57
"244","2009-03-04",72,46,60,79,36,49,60,60,24,40,55,0,37,40,57
"245","2009-03-05",49,47,55,71,42,44,59,52,0,20,50,36,19,20,58
"246","2009-03-06",55,38,62,63,27,64,48,59,52,43,41,38,0,43,55
"247","2009-03-07",53,58,69,67,69,69,69,72,100,54,44,95,0,54,47
"248","2009-03-08",64,73,66,74,40,76,83,67,32,27,57,47,24,27,49
"249","2009-03-09",76,50,55,83,46,54,55,53,24,40,38,0,0,40,59
"250","2009-03-10",67,44,51,77,56,53,56,64,0,0,81,0,0,0,56
"251","2009-03-11",46,48,54,80,41,52,58,60,25,20,83,0,19,20,58
"252","2009-03-12",59,47,47,63,31,47,52,71,0,0,33,0,37,0,58
"253","2009-03-13",60,40,54,69,22,54,55,91,53,44,65,38,40,44,53
"254","2009-03-14",41,57,73,63,41,72,65,70,33,0,37,0,25,0,49
"255","2009-03-15",86,59,63,65,41,85,69,68,0,53,58,0,24,53,47
"256","2009-03-16",79,42,46,62,51,48,59,64,48,0,76,0,0,0,59
"257","2009-03-17",67,44,63,72,51,66,58,41,49,20,49,0,18,20,56
"258","2009-03-18",59,38,52,72,47,55,52,38,25,0,94,0,19,0,56
"259","2009-03-19",47,43,59,60,57,51,52,54,0,0,67,0,0,0,56
"260","2009-03-20",33,46,59,61,78,56,55,72,27,22,36,0,20,22,54
"261","2009-03-21",51,52,63,75,56,71,60,96,0,0,60,0,25,0,46
"262","2009-03-22",61,45,74,71,40,78,70,57,0,0,50,0,0,0,49
"263","2009-03-23",61,46,52,77,55,56,55,56,0,20,38,0,0,20,55
"264","2009-03-24",55,33,48,81,65,55,59,50,24,0,65,35,54,0,55
"265","2009-03-25",67,37,49,75,50,58,56,43,0,0,65,0,18,0,57
"266","2009-03-26",47,52,48,72,52,55,58,70,0,20,39,0,37,20,58
"267","2009-03-27",54,47,58,64,65,40,61,73,26,21,17,38,19,21,55
"268","2009-03-28",55,51,90,58,34,68,68,68,0,26,65,0,24,26,45
"269","2009-03-29",76,66,66,70,40,75,69,79,0,52,78,0,0,52,47
"270","2009-03-30",77,43,57,65,50,69,60,63,24,39,32,68,0,39,58
"271","2009-03-31",46,46,52,62,55,59,61,64,0,20,38,0,0,20,55
"272","2010-01-01",81,100,100,54,100,86,96,98,65,0,63,42,34,0,53
"273","2010-01-02",94,100,97,56,63,90,100,92,28,0,58,55,29,0,54
"274","2010-01-03",92,96,81,50,15,80,100,100,27,0,71,35,56,0,49
"275","2010-01-04",87,80,68,61,76,63,92,72,41,33,63,26,85,33,63
"276","2010-01-05",96,75,68,57,70,69,83,55,21,33,51,27,63,33,66
"277","2010-01-06",62,71,50,52,41,42,83,56,0,34,55,40,65,34,69
"278","2010-01-07",84,64,62,56,80,55,79,53,20,33,65,0,0,33,66
"279","2010-01-08",88,66,77,48,53,74,81,72,42,68,32,27,22,68,62
"280","2010-01-09",85,83,99,47,43,55,92,76,26,83,39,33,53,83,53
"281","2010-01-10",70,91,92,57,57,74,97,66,100,81,49,33,0,81,51
"282","2010-01-11",81,68,68,57,66,71,89,61,59,0,55,0,21,0,65
"283","2010-01-12",73,71,50,57,70,68,81,61,0,31,59,63,20,31,63
"284","2010-01-13",81,59,52,50,27,59,76,53,0,32,70,25,61,32,62
"285","2010-01-14",77,64,66,54,56,61,78,48,40,33,61,0,42,33,65
"286","2010-01-15",88,66,68,52,47,74,77,59,62,68,84,41,0,68,61
"287","2010-01-16",79,77,81,51,50,98,89,62,0,0,54,67,27,0,52
"288","2010-01-17",83,82,78,55,42,70,94,59,25,41,66,32,26,41,53
"289","2010-01-18",74,65,55,43,66,54,81,53,20,63,70,51,20,63,64
"290","2010-01-19",83,53,65,46,60,61,78,52,19,0,54,49,0,0,63
"291","2010-01-20",82,54,52,55,69,62,75,60,19,0,45,62,60,0,64
"292","2010-01-21",86,58,65,52,55,50,75,63,0,32,74,0,20,32,63
"293","2010-01-22",76,58,73,67,75,76,72,56,62,0,74,40,64,0,58
"294","2010-01-23",94,69,85,76,92,87,84,69,0,42,74,98,26,42,50
"295","2010-01-24",75,78,82,90,34,79,82,78,25,100,79,0,0,100,52
"296","2010-01-25",78,60,60,89,65,59,77,49,19,0,82,99,59,0,62
"297","2010-01-26",63,60,62,89,65,62,75,50,19,31,78,25,0,31,61
"298","2010-01-27",65,57,54,82,60,77,67,55,76,62,82,37,40,62,61
"299","2010-01-28",58,52,59,87,33,56,70,51,19,0,65,100,20,0,61
"300","2010-01-29",71,58,63,83,52,60,71,56,41,33,69,80,21,33,59
"301","2010-01-30",89,76,74,84,63,89,81,70,75,40,55,65,0,40,50
"302","2010-01-31",96,94,75,100,62,85,98,78,25,40,69,64,51,40,50
"303","2010-02-01",73,63,55,83,64,77,74,53,19,62,40,49,40,62,62
"304","2010-02-02",74,61,53,93,80,74,76,53,57,31,48,75,20,31,59
"305","2010-02-03",68,63,63,82,75,55,77,50,76,62,48,74,100,62,61
"306","2010-02-04",67,55,52,76,65,61,70,61,19,63,41,25,40,63,62
"307","2010-02-05",78,56,64,72,69,69,70,51,41,33,49,53,21,33,59
"308","2010-02-06",64,77,81,81,77,76,79,77,0,40,34,32,0,40,50
"309","2010-02-07",79,78,87,79,49,82,96,63,25,40,76,32,25,40,50
"310","2010-02-08",81,67,56,81,86,57,79,57,38,31,71,50,60,31,63
"311","2010-02-09",94,60,55,81,59,62,73,51,57,62,77,37,0,62,60
"312","2010-02-10",70,56,62,84,59,62,73,45,0,62,61,25,39,62,60
"313","2010-02-11",72,57,53,68,72,51,71,56,20,32,68,51,21,32,58
"314","2010-02-12",67,59,63,77,59,63,72,51,21,34,58,0,43,34,58
"315","2010-02-13",86,64,70,61,58,65,77,68,26,0,54,0,27,0,50
"316","2010-02-14",81,75,88,71,44,100,85,83,0,42,76,67,27,42,50
"317","2010-02-15",67,63,57,80,40,69,86,67,0,50,77,27,21,50,62
"318","2010-02-16",75,58,57,82,61,49,70,60,0,32,47,26,0,32,61
"319","2010-02-17",78,63,52,71,39,64,69,61,39,0,79,38,20,0,58
"320","2010-02-18",77,52,54,79,28,60,70,62,39,32,88,51,20,32,58
"321","2010-02-19",56,54,54,76,92,65,64,56,41,67,43,0,22,67,56
"322","2010-02-20",92,67,74,74,42,76,77,65,0,41,70,32,26,41,50
"323","2010-02-21",100,76,66,77,89,72,89,67,48,39,57,94,25,39,51
"324","2010-02-22",72,59,51,84,58,63,75,43,56,31,78,24,19,31,59
"325","2010-02-23",72,52,51,77,63,59,70,47,19,0,50,25,19,0,61
"326","2010-02-24",63,51,52,76,27,62,66,49,0,31,80,49,40,31,59
"327","2010-02-25",73,47,53,81,59,59,69,55,19,31,48,37,20,31,62
"328","2010-02-26",74,54,52,69,51,47,69,63,40,0,70,26,0,0,59
"329","2010-02-27",82,66,69,72,62,65,84,69,74,40,37,0,26,40,49
"330","2010-02-28",75,70,69,75,27,71,90,73,24,0,70,31,25,0,50
"331","2010-03-01",95,60,60,77,69,48,74,57,19,92,66,49,20,92,61
"332","2010-03-02",86,59,50,73,69,61,70,55,19,31,63,49,20,31,60
"333","2010-03-03",86,53,49,75,27,59,68,55,38,31,85,37,79,31,65
"334","2010-03-04",68,63,56,77,54,55,66,51,58,47,100,25,61,47,83
"335","2010-03-05",55,56,67,70,63,67,64,56,20,66,76,26,0,66,100
"336","2010-03-06",97,61,68,71,62,64,74,65,0,0,62,64,0,0,60
"337","2010-03-07",78,69,77,72,75,74,86,67,49,78,77,31,0,78,55
"338","2010-03-08",75,62,52,76,48,58,72,44,0,0,69,0,39,0,62
"339","2010-03-09",73,51,55,73,64,69,74,54,37,31,63,0,59,31,63
"340","2010-03-10",75,58,53,69,64,55,69,47,57,62,37,25,78,62,62
"341","2010-03-11",74,50,56,74,49,70,64,58,39,63,66,25,0,63,62
"342","2010-03-12",68,61,51,69,50,62,63,61,40,33,64,26,21,33,61
"343","2010-03-13",64,58,76,85,34,68,70,69,73,0,41,32,25,0,51
"344","2010-03-14",81,72,72,54,40,72,82,69,48,39,53,62,25,39,48
"345","2010-03-15",84,58,45,57,84,47,67,54,0,60,65,0,39,60,61
"346","2010-03-16",84,53,49,50,48,64,68,45,19,0,69,0,20,0,62
"347","2010-03-17",82,54,54,52,70,59,66,44,38,62,69,25,20,62,60
"348","2010-03-18",78,52,42,52,38,60,67,47,39,0,57,51,61,0,61
"349","2010-03-19",56,54,52,47,69,51,64,62,0,0,46,0,21,0,61
"350","2010-03-20",71,68,76,52,63,95,77,60,0,41,42,32,26,41,51
"351","2010-03-21",79,68,70,51,48,77,79,76,0,39,50,0,25,39,49
"352","2010-03-22",75,71,55,53,95,45,73,42,19,0,44,24,20,0,63
"353","2010-03-23",74,55,63,47,68,52,70,48,0,61,63,25,20,61,62
"354","2010-03-24",71,53,63,40,59,55,63,57,19,0,56,74,0,0,60
"355","2010-03-25",65,52,47,49,44,67,68,55,39,63,51,38,0,63,61
"356","2010-03-26",78,49,59,53,52,64,68,60,20,33,57,27,0,33,58
"357","2010-03-27",65,74,62,45,50,84,76,73,25,83,49,0,26,83,53
"358","2010-03-28",64,73,68,49,56,69,88,76,25,81,59,32,0,81,51
"359","2010-03-29",78,59,55,48,37,64,77,52,19,31,37,0,0,31,63
"360","2010-03-30",67,55,58,52,38,58,71,44,19,94,54,0,60,94,61
"361","2010-03-31",76,60,49,49,39,57,65,50,20,64,47,26,21,64,59
"362","2011-01-01",99,86,100,85,83,80,100,75,85,32,51,74,92,32,47
"363","2011-01-02",66,100,84,96,73,74,97,100,42,28,74,21,100,28,46
"364","2011-01-03",85,82,70,95,100,71,83,48,53,22,86,17,100,22,52
"365","2011-01-04",95,73,56,89,86,73,83,68,25,0,87,25,62,0,55
"366","2011-01-05",78,69,65,98,67,71,83,47,39,0,59,0,42,0,56
"367","2011-01-06",86,67,62,89,82,68,79,54,65,22,93,17,36,22,57
"368","2011-01-07",83,68,68,91,69,76,80,60,60,23,76,17,43,23,54
"369","2011-01-08",71,71,75,85,85,71,81,62,54,53,72,41,68,53,49
"370","2011-01-09",74,83,67,97,58,92,87,60,53,77,58,30,67,77,47
"371","2011-01-10",77,71,52,90,53,70,77,72,31,62,73,33,40,62,58
"372","2011-01-11",77,68,61,98,60,72,73,40,43,41,93,16,40,41,57
"373","2011-01-12",78,69,60,89,78,69,75,46,25,0,59,16,81,0,54
"374","2011-01-13",74,60,52,100,68,75,69,54,37,42,57,16,61,42,59
"375","2011-01-14",60,65,67,90,61,72,73,46,25,21,65,17,35,21,56
"376","2011-01-15",68,82,83,84,85,85,85,61,30,26,53,100,58,26,49
"377","2011-01-16",59,84,74,96,72,87,93,69,53,51,89,20,99,51,50
"378","2011-01-17",80,67,56,88,63,75,72,59,91,21,74,40,40,21,61
"379","2011-01-18",70,59,66,90,83,74,68,51,42,41,71,32,20,41,58
"380","2011-01-19",68,65,62,93,75,62,68,45,66,41,65,16,93,41,59
"381","2011-01-20",66,58,52,98,63,67,72,57,37,21,84,57,67,21,59
"382","2011-01-21",57,58,58,85,51,72,69,48,63,0,75,50,55,0,56
"383","2011-01-22",60,75,76,97,51,88,74,63,53,0,77,50,41,0,48
"384","2011-01-23",71,72,85,100,46,89,84,59,30,0,85,59,33,0,46
"385","2011-01-24",68,62,58,91,68,73,69,44,41,0,75,31,65,0,60
"386","2011-01-25",71,60,54,89,59,67,66,46,84,20,71,16,26,20,57
"387","2011-01-26",62,56,52,83,52,63,69,42,42,20,56,48,98,20,57
"388","2011-01-27",66,58,62,82,79,64,65,42,30,0,58,24,60,0,59
"389","2011-01-28",70,56,59,87,77,73,70,41,32,0,64,17,42,0,61
"390","2011-01-29",74,65,83,94,69,84,72,65,15,0,73,58,32,0,52
"391","2011-01-30",95,72,79,87,52,100,80,71,57,48,86,19,47,48,49
"392","2011-01-31",64,55,53,82,65,78,68,41,40,78,80,30,81,78,64
"393","2011-02-01",58,59,57,79,49,66,69,52,17,19,64,30,19,19,60
"394","2011-02-02",68,53,57,86,76,68,70,48,58,19,86,0,63,19,56
"395","2011-02-03",65,55,51,72,77,61,72,46,53,20,58,31,26,20,57
"396","2011-02-04",62,63,67,75,54,67,65,52,55,62,64,16,13,62,56
"397","2011-02-05",59,71,75,88,63,93,80,55,15,25,63,38,72,25,46
"398","2011-02-06",71,77,72,90,56,93,81,64,28,0,61,47,39,0,47
"399","2011-02-07",69,59,56,76,76,66,71,52,35,0,61,23,51,0,64
"400","2011-02-08",61,55,59,79,61,65,67,36,18,20,79,15,45,20,72
"401","2011-02-09",57,55,59,73,79,62,65,35,18,0,63,0,13,0,62
"402","2011-02-10",51,55,60,77,56,63,65,40,36,41,75,0,33,41,61
"403","2011-02-11",51,54,61,72,46,69,64,39,31,42,72,41,35,42,59
"404","2011-02-12",68,68,69,68,68,79,68,46,67,0,59,59,32,0,46
"405","2011-02-13",64,74,68,77,62,82,82,71,80,0,72,19,56,0,47
"406","2011-02-14",56,54,75,73,59,71,64,51,36,100,62,23,33,100,56
"407","2011-02-15",58,54,61,79,51,62,64,43,17,19,76,45,19,19,56
"408","2011-02-16",61,51,55,71,66,61,58,43,52,20,70,46,51,20,55
"409","2011-02-17",66,52,56,69,70,65,60,30,36,20,61,39,13,20,56
"410","2011-02-18",84,54,64,70,62,63,64,41,13,0,62,17,34,0,55
"411","2011-02-19",88,63,79,78,73,75,72,54,44,0,56,48,64,0,48
"412","2011-02-20",100,71,75,75,60,73,84,62,58,0,53,19,40,0,46
"413","2011-02-21",88,60,46,75,64,61,71,47,65,20,73,0,58,20,57
"414","2011-02-22",61,52,55,63,56,58,62,99,29,0,63,38,45,0,56
"415","2011-02-23",53,55,55,66,47,67,65,91,71,20,64,15,26,20,55
"416","2011-02-24",59,54,52,68,49,59,59,56,36,0,69,23,26,0,54
"417","2011-02-25",55,53,60,73,53,65,64,68,37,0,67,48,40,0,53
"418","2011-02-26",72,63,60,68,68,79,67,79,36,0,62,0,79,0,46
"419","2011-02-27",72,66,75,77,63,79,81,86,43,24,66,94,55,24,43
"420","2011-02-28",80,63,56,71,45,54,69,66,35,19,72,15,82,19,53
"421","2011-03-01",77,57,49,68,63,52,66,49,35,19,67,0,83,19,54
"422","2011-03-02",71,46,53,70,66,54,63,49,47,60,71,15,58,60,57
"423","2011-03-03",67,57,53,80,71,56,66,40,60,20,70,24,39,20,55
"424","2011-03-04",57,54,62,73,57,62,60,51,38,21,100,16,48,21,54
"425","2011-03-05",72,58,71,65,64,67,75,64,52,25,85,58,65,25,47
"426","2011-03-06",91,67,73,79,63,78,79,63,52,25,59,29,97,25,47
"427","2011-03-07",75,57,53,69,76,74,72,51,36,40,78,39,52,40,58
"428","2011-03-08",66,62,65,79,61,60,64,43,42,0,69,32,53,0,54
"429","2011-03-09",56,50,49,70,60,62,63,39,41,79,65,38,19,79,57
"430","2011-03-10",73,50,54,70,60,53,65,41,35,40,81,23,26,40,57
"431","2011-03-11",58,49,60,59,50,55,56,32,42,60,55,16,26,60,53
"432","2011-03-12",58,54,58,69,44,45,66,47,52,25,52,20,57,25,43
"433","2011-03-13",79,55,55,63,63,67,71,50,29,0,63,58,79,0,40
"434","2011-03-14",73,45,47,61,45,50,56,42,31,21,68,16,47,21,52
"435","2011-03-15",68,49,52,65,55,55,64,40,12,0,67,31,58,0,53
"436","2011-03-16",66,50,52,70,62,56,59,37,29,19,65,15,19,19,55
"437","2011-03-17",58,46,54,68,45,65,60,39,36,40,77,31,39,40,54
"438","2011-03-18",59,51,59,67,48,54,56,36,37,0,59,49,34,0,52
"439","2011-03-19",65,58,71,65,59,68,62,58,44,0,56,19,24,0,44
"440","2011-03-20",82,63,78,76,79,76,75,60,43,0,59,38,24,0,44
"441","2011-03-21",65,54,49,73,70,62,66,50,29,59,65,15,32,59,58
"442","2011-03-22",59,56,50,72,80,53,64,45,76,39,54,46,19,39,55
"443","2011-03-23",63,50,53,69,52,57,60,52,41,0,85,15,32,0,55
"444","2011-03-24",64,40,61,67,76,62,60,46,47,39,57,31,26,39,81
"445","2011-03-25",59,46,64,66,43,55,61,47,100,0,42,16,41,0,100
"446","2011-03-26",75,64,71,73,62,73,67,57,44,25,53,29,40,25,57
"447","2011-03-27",93,62,75,73,88,81,70,73,50,0,80,19,16,0,51
"448","2011-03-28",72,51,51,68,66,58,66,54,35,38,51,0,31,38,62
"449","2011-03-29",71,54,82,75,76,99,69,46,23,20,62,15,69,20,56
"450","2011-03-30",69,55,82,74,84,93,66,37,88,20,84,15,38,20,58
"451","2011-03-31",70,49,69,71,44,80,66,44,59,20,45,0,32,20,55
"452","2012-01-01",93,100,100,89,45,92,100,100,75,60,60,70,100,60,49
"453","2012-01-02",73,83,84,91,34,93,95,90,68,46,68,27,39,46,56
"454","2012-01-03",82,78,70,94,40,82,94,68,81,72,76,100,24,72,59
"455","2012-01-04",65,77,79,89,41,84,90,60,36,43,57,0,30,43,57
"456","2012-01-05",78,72,56,84,40,80,87,57,54,71,53,12,48,71,57
"457","2012-01-06",73,62,70,82,45,92,84,56,47,0,100,0,31,0,55
"458","2012-01-07",73,73,87,82,41,93,89,84,86,85,56,0,36,85,49
"459","2012-01-08",100,84,82,92,30,98,99,86,61,49,65,43,82,49,50
"460","2012-01-09",70,72,68,86,37,86,85,61,17,83,65,36,52,83,60
"461","2012-01-10",61,61,60,88,26,79,79,65,35,82,70,24,35,82,57
"462","2012-01-11",64,65,66,82,33,75,76,59,26,41,63,0,29,41,58
"463","2012-01-12",57,57,56,78,33,84,77,44,35,70,38,24,30,70,59
"464","2012-01-13",79,58,66,80,34,85,64,63,81,57,49,25,30,57,54
"465","2012-01-14",67,77,78,79,34,96,75,67,53,33,68,15,29,33,46
"466","2012-01-15",84,81,82,82,34,100,77,66,52,33,73,29,14,33,48
"467","2012-01-16",68,63,64,82,36,77,50,67,43,41,51,12,29,41,58
"468","2012-01-17",75,54,73,83,31,73,46,48,77,41,53,24,29,41,59
"469","2012-01-18",55,58,63,91,37,74,44,48,26,41,58,23,51,41,57
"470","2012-01-19",50,59,67,82,36,77,46,59,17,55,51,24,40,55,58
"471","2012-01-20",46,64,66,82,44,83,45,57,54,43,53,50,12,43,59
"472","2012-01-21",59,70,83,86,45,94,48,85,72,0,59,14,42,0,49
"473","2012-01-22",79,78,80,93,50,86,58,78,72,48,59,14,27,48,48
"474","2012-01-23",63,63,57,85,36,76,45,60,8,95,70,12,29,95,58
"475","2012-01-24",71,61,62,88,39,71,45,59,52,68,82,12,40,68,57
"476","2012-01-25",62,58,67,86,33,82,44,54,35,96,51,0,34,96,58
"477","2012-01-26",62,53,62,83,39,74,43,52,53,55,57,48,23,55,59
"478","2012-01-27",64,62,70,78,34,83,44,57,63,57,39,13,18,57,58
"479","2012-01-28",69,73,81,84,37,99,49,73,52,33,59,29,21,33,49
"480","2012-01-29",73,83,78,88,30,100,54,64,72,33,65,28,41,33,49
"481","2012-01-30",63,64,63,83,37,78,48,53,59,27,50,35,39,27,61
"482","2012-01-31",54,57,50,78,27,76,44,49,42,40,57,58,45,40,61
"483","2012-02-01",52,59,55,78,43,83,45,49,42,53,74,23,39,53,59
"484","2012-02-02",57,57,53,72,100,73,44,42,17,41,54,35,23,41,57
"485","2012-02-03",49,60,71,70,68,81,43,49,53,71,71,12,24,71,56
"486","2012-02-04",52,71,84,87,56,83,49,65,51,65,66,28,48,65,49
"487","2012-02-05",66,76,76,87,47,97,52,71,40,32,52,0,20,32,48
"488","2012-02-06",45,63,65,79,44,75,45,54,17,54,69,23,40,54,58
"489","2012-02-07",66,56,64,89,48,85,44,53,100,53,70,46,34,53,58
"490","2012-02-08",55,59,52,82,43,69,43,63,51,41,67,0,51,41,57
"491","2012-02-09",49,59,66,87,38,81,42,62,84,27,54,24,11,27,57
"492","2012-02-10",54,57,70,82,38,83,42,56,53,56,52,12,41,56,56
"493","2012-02-11",56,71,73,88,40,100,50,72,10,65,56,0,27,65,47
"494","2012-02-12",59,69,83,93,39,84,50,75,49,0,71,14,32,0,47
"495","2012-02-13",52,59,67,78,38,81,41,54,25,53,39,23,55,53,59
"496","2012-02-14",53,59,66,83,35,79,41,52,92,80,44,47,23,80,56
"497","2012-02-15",45,53,63,77,36,73,41,54,51,54,31,0,34,54,56
"498","2012-02-16",54,56,71,82,44,83,40,53,77,41,64,24,28,41,57
"499","2012-02-17",53,60,66,83,39,76,41,56,53,28,65,49,30,28,56
"500","2012-02-18",50,74,87,80,43,89,45,77,41,65,38,0,55,65,48
"501","2012-02-19",57,73,84,95,36,92,50,85,42,32,51,29,48,32,47
"502","2012-02-20",57,64,57,87,44,72,45,59,96,98,54,24,41,98,59
"503","2012-02-21",56,63,57,91,38,84,41,53,43,68,55,24,23,68,62
"504","2012-02-22",59,60,60,89,41,85,42,51,67,27,52,0,23,27,62
"505","2012-02-23",53,58,60,85,36,68,49,53,34,54,56,24,34,54,59
"506","2012-02-24",60,59,65,83,37,83,48,39,17,55,44,12,23,55,58
"507","2012-02-25",58,66,84,86,47,83,51,74,31,0,69,0,34,0,52
"508","2012-02-26",62,71,95,91,37,79,59,76,50,0,65,42,33,0,48
"509","2012-02-27",48,61,62,81,34,71,73,63,58,66,55,23,17,66,59
"510","2012-02-28",67,61,55,85,40,77,75,59,41,40,51,23,39,40,64
"511","2012-02-29",70,57,55,87,39,74,73,53,67,53,59,12,22,53,62
"512","2012-03-01",64,54,57,86,36,75,66,55,44,70,77,37,18,70,62
"513","2012-03-02",63,58,65,87,38,83,69,59,64,29,83,25,25,29,60
"514","2012-03-03",66,74,80,95,44,89,74,80,95,100,57,29,35,100,49
"515","2012-03-04",62,77,86,100,40,84,88,75,52,33,83,0,48,33,49
"516","2012-03-05",59,59,64,87,42,78,76,63,77,68,88,12,35,68,61
"517","2012-03-06",60,59,63,82,33,72,72,48,50,53,83,12,39,53,58
"518","2012-03-07",51,52,58,85,35,70,70,54,33,26,91,12,6,26,55
"519","2012-03-08",50,49,54,82,34,74,70,58,9,41,58,60,34,41,57
"520","2012-03-09",46,55,73,79,35,80,70,60,18,28,56,73,58,28,56
"521","2012-03-10",44,65,82,85,32,78,71,66,61,48,64,14,47,48,47
"522","2012-03-11",69,67,86,92,33,87,81,72,30,63,43,27,27,63,45
"523","2012-03-12",70,58,59,78,47,77,73,54,76,53,70,12,28,53,59
"524","2012-03-13",53,55,59,83,39,64,72,45,42,53,67,23,28,53,58
"525","2012-03-14",52,53,57,79,36,65,75,54,17,27,40,12,44,27,58
"526","2012-03-15",58,55,52,80,32,78,70,48,51,27,33,36,23,27,56
"527","2012-03-16",55,52,58,74,34,70,70,55,26,84,38,49,24,84,54
"528","2012-03-17",77,67,79,83,38,76,77,75,41,32,65,14,35,32,46
"529","2012-03-18",62,70,86,91,35,84,79,72,50,32,65,28,34,32,48
"530","2012-03-19",62,60,56,84,29,74,71,50,67,81,44,12,45,81,59
"531","2012-03-20",61,50,60,77,33,78,69,54,84,67,57,23,22,67,60
"532","2012-03-21",63,47,62,78,34,75,70,48,33,53,44,12,28,53,59
"533","2012-03-22",59,48,67,72,26,77,67,46,26,27,43,47,34,27,90
"534","2012-03-23",54,58,59,70,29,70,65,49,27,28,37,0,54,28,100
"535","2012-03-24",59,62,68,81,38,86,69,63,31,98,45,15,21,98,58
"536","2012-03-25",73,66,81,86,38,81,74,58,42,67,51,57,34,67,53
"537","2012-03-26",63,57,69,73,34,73,70,67,51,0,68,47,34,0,60
"538","2012-03-27",57,52,74,62,39,79,68,59,42,54,77,35,28,54,56
"539","2012-03-28",75,52,65,60,36,69,69,52,34,54,77,71,46,54,55
"540","2012-03-29",49,58,58,62,36,67,68,42,51,82,68,48,17,82,59
"541","2012-03-30",48,52,79,61,40,63,66,55,45,57,66,12,42,57,53
"542","2012-03-31",55,62,82,64,38,81,77,56,31,32,42,28,41,32,46
"543","2013-01-01",98,97,95,99,88,91,86,96,30,40,81,91,86,40,54
"544","2013-01-02",84,86,86,96,89,76,82,78,41,74,71,89,77,74,58
"545","2013-01-03",85,83,84,93,84,66,77,67,42,62,89,17,64,62,58
"546","2013-01-04",74,85,77,91,83,84,75,70,49,21,79,72,93,21,56
"547","2013-01-05",87,93,91,100,91,88,78,87,39,59,65,100,74,59,49
"548","2013-01-06",99,100,91,100,85,100,82,92,33,23,98,99,100,23,47
"549","2013-01-07",82,81,69,89,83,68,74,63,37,30,93,68,59,30,55
"550","2013-01-08",92,72,73,92,77,83,70,57,22,20,90,84,52,20,59
"551","2013-01-09",84,78,68,85,90,73,65,55,40,100,69,67,52,100,56
"552","2013-01-10",76,69,79,83,79,76,65,60,32,40,77,17,73,40,58
"553","2013-01-11",69,66,81,85,74,74,64,60,29,41,78,52,78,41,57
"554","2013-01-12",84,86,94,80,73,91,72,86,45,24,70,39,54,24,52
"555","2013-01-13",95,89,100,89,69,96,83,80,49,46,79,78,74,46,50
"556","2013-01-14",85,73,67,87,60,72,69,60,18,39,77,17,40,39,59
"557","2013-01-15",80,65,72,88,63,70,68,59,49,49,64,66,34,49,59
"558","2013-01-16",75,65,68,80,87,67,64,54,35,39,86,33,26,39,54
"559","2013-01-17",78,60,80,75,78,71,60,58,38,99,75,33,72,99,57
"560","2013-01-18",81,67,82,76,82,65,64,60,25,71,67,17,87,71,62
"561","2013-01-19",94,84,100,79,91,97,75,82,37,58,71,98,71,58,49
"562","2013-01-20",77,89,89,82,66,94,80,74,23,91,71,96,73,91,51
"563","2013-01-21",69,74,68,76,69,71,67,64,29,19,65,16,56,19,62
"564","2013-01-22",87,67,70,75,76,69,66,53,41,19,83,82,54,19,60
"565","2013-01-23",80,66,66,82,75,68,61,48,29,39,67,65,37,39,57
"566","2013-01-24",74,64,68,79,69,66,61,55,30,59,100,84,51,59,58
"567","2013-01-25",65,67,81,72,70,77,61,57,16,71,67,52,48,71,58
"568","2013-01-26",77,75,84,72,71,84,71,75,28,23,62,20,51,23,49
"569","2013-01-27",95,83,90,84,80,92,80,71,46,46,73,77,67,46,50
"570","2013-01-28",84,64,71,81,84,66,69,49,39,57,74,0,62,57,60
"571","2013-01-29",81,72,65,74,68,70,67,55,31,58,68,16,39,58,59
"572","2013-01-30",75,64,63,78,72,63,65,48,27,29,71,65,51,29,61
"573","2013-01-31",73,65,69,76,80,77,60,50,30,39,71,83,66,39,62
"574","2013-02-01",76,60,73,71,80,72,65,57,47,30,76,51,60,30,57
"575","2013-02-02",85,77,89,75,90,87,68,80,33,46,73,58,88,46,48
"576","2013-02-03",89,88,93,83,97,92,77,78,57,68,66,38,80,68,45
"577","2013-02-04",72,67,69,67,83,67,70,52,29,58,87,16,37,58,57
"578","2013-02-05",69,74,68,74,69,71,66,54,29,67,71,33,62,67,59
"579","2013-02-06",81,63,67,71,69,70,64,48,24,39,72,82,43,39,56
"580","2013-02-07",69,55,71,73,68,76,62,44,42,69,70,33,52,69,58
"581","2013-02-08",68,63,77,69,63,69,60,49,39,41,79,34,33,41,55
"582","2013-02-09",70,81,94,75,70,71,69,76,42,35,76,59,55,35,51
"583","2013-02-10",96,90,90,84,84,95,80,80,33,23,71,40,44,23,49
"584","2013-02-11",72,70,78,72,96,69,67,57,18,49,62,33,49,49,57
"585","2013-02-12",73,65,65,76,73,70,62,54,43,50,85,34,38,50,57
"586","2013-02-13",79,62,74,73,67,60,71,49,30,20,60,16,57,20,57
"587","2013-02-14",77,61,70,62,68,71,66,45,12,60,68,17,41,60,56
"588","2013-02-15",68,64,71,60,73,69,68,53,35,41,56,86,36,41,54
"589","2013-02-16",83,77,92,66,78,89,82,80,21,23,66,20,54,23,49
"590","2013-02-17",87,82,84,75,69,59,86,86,39,46,63,38,60,46,49
"591","2013-02-18",81,70,64,72,81,61,75,57,31,19,70,49,68,19,56
"592","2013-02-19",93,62,62,69,87,76,71,53,39,38,66,64,50,38,56
"593","2013-02-20",71,68,62,71,73,73,72,51,31,38,83,65,25,38,56
"594","2013-02-21",89,60,57,71,75,57,72,54,39,48,74,16,42,48,55
"595","2013-02-22",77,64,71,67,73,65,70,52,30,30,67,34,53,30,57
"596","2013-02-23",93,72,79,66,87,80,83,79,34,45,71,76,56,45,50
"597","2013-02-24",94,94,75,72,80,94,92,73,25,33,68,19,52,33,47
"598","2013-02-25",79,71,58,70,66,64,76,53,21,57,75,16,47,57,59
"599","2013-02-26",78,64,76,74,70,64,74,51,35,28,84,16,39,28,58
"600","2013-02-27",90,66,64,68,76,60,72,51,33,19,76,16,42,19,58
"601","2013-02-28",77,57,71,66,79,69,71,52,47,0,71,33,42,0,61
"602","2013-03-01",77,59,75,70,80,68,72,57,79,20,56,34,56,20,58
"603","2013-03-02",95,78,83,69,95,75,85,81,34,68,63,76,70,68,50
"604","2013-03-03",100,88,81,80,79,80,97,83,39,0,83,19,46,0,50
"605","2013-03-04",84,63,63,71,65,65,76,56,33,38,85,48,61,38,60
"606","2013-03-05",86,59,63,71,92,48,75,51,25,0,67,49,50,0,57
"607","2013-03-06",79,64,77,71,78,64,75,50,39,48,70,32,62,48,60
"608","2013-03-07",63,65,65,73,70,56,75,52,16,58,75,16,59,58,67
"609","2013-03-08",76,58,68,67,88,83,72,63,28,50,64,0,41,50,63
"610","2013-03-09",88,77,75,77,79,73,83,85,34,68,65,19,56,68,56
"611","2013-03-10",95,80,79,81,79,86,97,80,33,44,73,37,65,44,51
"612","2013-03-11",74,67,63,76,55,55,79,56,40,28,64,32,22,28,58
"613","2013-03-12",82,58,68,73,74,58,76,50,41,46,68,31,19,46,57
"614","2013-03-13",76,57,62,68,68,66,70,51,19,37,59,63,43,37,56
"615","2013-03-14",84,55,53,69,68,54,67,51,27,66,55,63,47,66,57
"616","2013-03-15",71,74,60,73,77,69,72,54,22,20,64,84,49,20,56
"617","2013-03-16",89,80,79,78,83,80,84,67,27,67,80,75,45,67,51
"618","2013-03-17",84,79,82,82,82,81,100,73,27,22,86,92,64,22,51
"619","2013-03-18",85,67,58,75,90,60,80,54,34,28,62,16,41,28,58
"620","2013-03-19",68,63,63,75,73,63,76,50,30,37,84,79,50,37,60
"621","2013-03-20",67,63,63,77,75,66,76,55,19,19,56,96,41,19,61
"622","2013-03-21",82,56,57,75,82,62,73,54,37,77,78,0,28,77,93
"623","2013-03-22",68,63,65,75,71,65,76,57,26,39,60,17,44,39,100
"624","2013-03-23",86,74,83,84,73,75,90,77,43,67,63,57,33,67,61
"625","2013-03-24",79,82,89,81,94,74,100,80,47,66,78,0,36,66,54
"626","2013-03-25",67,65,75,80,71,70,82,55,23,66,73,80,27,66,59
"627","2013-03-26",68,64,71,76,71,56,80,52,27,57,72,32,53,57,57
"628","2013-03-27",69,58,69,79,76,57,78,53,27,19,73,33,42,19,58
"629","2013-03-28",65,59,67,71,78,70,76,52,18,50,75,85,41,50,55
"630","2013-03-29",63,67,70,79,75,80,85,58,24,43,65,54,47,43,53
"631","2013-03-30",66,70,69,69,89,71,84,100,100,35,64,20,51,35,51
"632","2013-03-31",78,77,74,77,100,77,90,82,22,24,56,40,45,24,49
"633","2014-01-01",85,97,100,94,80,84,100,64,80,17,100,42,97,17,50
"634","2014-01-02",86,94,75,96,86,100,93,52,83,21,90,68,68,21,54
"635","2014-01-03",85,90,82,95,78,90,92,47,39,100,88,14,61,100,55
"636","2014-01-04",88,100,86,89,81,94,94,55,43,39,81,75,82,39,47
"637","2014-01-05",89,95,86,100,72,92,99,58,50,47,70,15,94,47,45
"638","2014-01-06",83,87,74,91,76,79,89,45,31,48,97,26,97,48,55
"639","2014-01-07",73,71,64,88,73,62,80,40,36,46,76,51,79,46,53
"640","2014-01-08",80,76,73,91,68,60,79,36,66,20,93,32,76,20,50
"641","2014-01-09",79,72,67,92,65,73,75,34,36,47,96,26,80,47,52
"642","2014-01-10",73,72,71,89,60,66,71,36,31,62,72,13,100,62,54
"643","2014-01-11",71,90,88,87,77,96,83,46,36,23,74,45,78,23,45
"644","2014-01-12",100,89,90,89,68,90,93,51,55,76,60,44,61,76,45
"645","2014-01-13",88,79,62,90,72,81,75,35,59,32,80,25,88,32,52
"646","2014-01-14",66,66,75,90,65,70,78,34,18,53,69,45,53,53,53
"647","2014-01-15",82,64,69,92,64,76,74,31,18,13,81,25,59,13,53
"648","2014-01-16",69,67,72,86,66,74,74,31,42,26,67,45,77,26,54
"649","2014-01-17",68,67,71,83,66,71,72,37,63,55,53,33,72,55,53
"650","2014-01-18",84,92,83,81,77,82,83,43,70,31,84,15,62,31,46
"651","2014-01-19",82,94,89,86,91,83,94,48,62,38,71,81,84,38,47
"652","2014-01-20",77,72,70,79,88,72,78,41,48,39,72,51,62,39,56
"653","2014-01-21",77,72,60,84,77,78,72,30,47,45,98,49,51,45,56
"654","2014-01-22",70,70,67,88,80,72,71,37,18,19,80,19,71,19,54
"655","2014-01-23",81,64,64,77,80,78,72,33,30,39,64,44,59,39,56
"656","2014-01-24",72,69,69,76,79,69,68,37,56,40,91,13,44,40,53
"657","2014-01-25",77,78,84,78,83,86,83,49,70,23,61,29,54,23,47
"658","2014-01-26",84,97,86,87,86,85,92,50,27,15,84,22,68,15,46
"659","2014-01-27",64,68,69,80,75,79,77,33,17,25,71,37,52,25,55
"660","2014-01-28",64,66,68,82,70,77,71,31,77,32,77,37,58,32,53
"661","2014-01-29",71,64,72,81,67,65,74,33,29,26,92,19,62,26,55
"662","2014-01-30",75,66,63,74,77,77,72,31,24,33,85,19,53,33,56
"663","2014-01-31",63,64,76,75,71,81,71,37,43,34,65,26,41,34,57
"664","2014-02-01",85,82,88,78,73,73,83,48,56,53,73,37,70,53,48
"665","2014-02-02",87,89,90,75,79,94,93,39,48,15,61,29,86,15,46
"666","2014-02-03",67,66,61,71,78,61,74,29,58,51,68,12,71,51,53
"667","2014-02-04",70,61,63,73,73,62,72,30,100,0,82,25,52,0,52
"668","2014-02-05",75,66,66,74,82,58,74,31,41,39,56,19,64,39,55
"669","2014-02-06",80,68,59,67,33,78,76,30,73,27,67,60,49,27,56
"670","2014-02-07",58,62,59,73,78,88,69,30,60,15,62,21,33,15,57
"671","2014-02-08",75,83,85,78,79,89,80,43,34,30,83,29,72,30,47
"672","2014-02-09",67,80,93,81,77,87,93,46,75,29,69,22,53,29,45
"673","2014-02-10",59,69,58,69,74,69,75,32,52,38,82,12,60,38,52
"674","2014-02-11",54,61,69,70,91,70,72,29,69,32,74,43,35,32,53
"675","2014-02-12",54,66,70,67,86,74,71,29,23,13,73,100,29,13,57
"676","2014-02-13",62,59,63,69,74,66,64,32,42,33,90,63,39,33,55
"677","2014-02-14",59,62,69,64,83,64,64,34,49,40,79,46,52,40,56
"678","2014-02-15",73,79,80,74,87,86,80,42,49,53,66,22,54,53,49
"679","2014-02-16",72,84,84,72,76,78,83,46,69,38,76,44,60,38,46
"680","2014-02-17",78,69,67,70,80,65,75,33,29,26,62,69,39,26,54
"681","2014-02-18",57,61,63,66,78,70,71,31,53,39,81,25,32,39,52
"682","2014-02-19",56,61,59,64,76,70,66,27,41,32,72,19,61,32,52
"683","2014-02-20",55,59,64,63,77,62,67,32,66,13,78,25,66,13,54
"684","2014-02-21",52,64,74,65,78,66,70,51,43,34,79,26,37,34,52
"685","2014-02-22",62,74,76,66,74,69,76,52,42,23,64,29,46,23,43
"686","2014-02-23",72,88,88,70,76,80,88,56,62,30,81,15,57,30,43
"687","2014-02-24",72,62,61,70,94,69,75,39,17,19,68,31,77,19,54
"688","2014-02-25",61,64,68,69,66,66,75,51,34,13,67,56,48,13,56
"689","2014-02-26",59,64,70,64,80,60,73,100,47,45,58,50,58,45,53
"690","2014-02-27",63,63,62,68,93,71,72,65,70,19,77,50,59,19,53
"691","2014-02-28",53,69,73,65,81,69,70,59,37,34,69,39,58,34,52
"692","2014-03-01",63,77,75,68,79,72,78,79,48,38,72,0,58,38,45
"693","2014-03-02",73,90,86,74,80,88,93,79,68,30,56,29,94,30,46
"694","2014-03-03",53,73,68,72,75,68,74,53,35,13,71,56,55,13,55
"695","2014-03-04",64,67,64,63,82,67,72,46,48,39,67,32,56,39,53
"696","2014-03-05",56,66,63,63,83,64,74,40,65,32,79,50,88,32,54
"697","2014-03-06",54,64,61,62,82,64,68,42,65,46,75,50,43,46,54
"698","2014-03-07",50,63,65,61,76,62,69,42,55,41,86,39,41,41,53
"699","2014-03-08",64,80,86,65,85,73,76,62,35,92,69,37,54,92,46
"700","2014-03-09",56,80,81,66,85,80,79,58,62,45,61,29,57,45,45
"701","2014-03-10",63,63,63,64,89,67,74,40,65,33,76,37,72,33,53
"702","2014-03-11",63,64,67,66,70,61,70,39,53,19,61,38,36,19,51
"703","2014-03-12",57,62,64,62,79,68,68,37,35,13,89,19,84,13,51
"704","2014-03-13",51,53,60,66,78,69,70,42,36,46,77,19,62,46,53
"705","2014-03-14",56,59,66,61,82,64,68,51,75,27,77,33,51,27,52
"706","2014-03-15",61,76,82,60,95,63,74,62,35,15,78,22,57,15,45
"707","2014-03-16",72,68,81,69,80,76,83,69,68,30,81,72,38,30,45
"708","2014-03-17",63,59,57,63,73,55,72,46,29,26,74,25,42,26,56
"709","2014-03-18",55,65,59,66,89,74,70,42,64,19,65,68,48,19,54
"710","2014-03-19",59,57,67,65,75,65,68,40,46,26,59,37,71,26,54
"711","2014-03-20",61,59,59,65,87,71,70,38,30,0,56,25,82,0,56
"712","2014-03-21",41,60,66,62,88,77,68,46,31,20,68,65,47,20,55
"713","2014-03-22",52,86,78,68,93,83,79,64,62,76,60,59,65,76,49
"714","2014-03-23",70,78,76,71,72,92,90,67,27,44,80,43,52,44,47
"715","2014-03-24",60,54,61,62,84,61,74,42,40,13,60,25,64,13,55
"716","2014-03-25",58,58,65,63,83,59,75,45,29,19,65,30,41,19,54
"717","2014-03-26",60,55,65,66,91,60,73,37,65,26,71,44,58,26,56
"718","2014-03-27",59,63,70,62,82,65,72,34,53,19,73,62,68,19,84
"719","2014-03-28",60,62,65,61,88,74,67,50,42,20,65,13,51,20,100
"720","2014-03-29",63,72,79,65,91,70,72,61,91,15,78,37,58,15,56
"721","2014-03-30",57,77,75,70,87,75,84,67,75,23,53,44,49,23,50
"722","2014-03-31",59,66,65,64,100,54,74,43,64,51,48,18,64,51,56
"723","2015-01-01",99,97,80,88,67,86,95,96,49,85,71,39,46,85,59
"724","2015-01-02",99,92,96,86,62,85,88,92,34,0,82,75,64,0,61
"725","2015-01-03",95,98,93,100,72,94,96,100,44,25,91,44,59,25,56
"726","2015-01-04",93,100,90,96,58,82,93,95,39,76,75,52,49,76,55
"727","2015-01-05",89,75,73,85,60,75,81,71,68,66,70,37,65,66,60
"728","2015-01-06",98,73,77,93,61,76,78,63,45,0,91,53,71,0,64
"729","2015-01-07",91,67,69,85,56,68,73,54,37,65,79,37,53,65,62
"730","2015-01-08",79,64,76,81,52,62,71,60,37,21,74,44,87,21,62
"731","2015-01-09",77,64,73,80,58,73,69,62,46,22,71,30,18,22,67
"732","2015-01-10",89,89,93,77,63,90,81,82,51,51,69,77,53,51,58
"733","2015-01-11",94,81,100,89,56,76,89,79,68,0,66,67,32,0,55
"734","2015-01-12",82,63,79,84,57,71,74,59,58,0,75,37,73,0,65
"735","2015-01-13",78,65,75,84,64,70,71,48,29,21,69,22,38,21,65
"736","2015-01-14",79,58,69,86,47,73,69,52,55,0,77,36,56,0,63
"737","2015-01-15",81,61,71,80,48,78,72,48,59,21,73,22,52,21,66
"738","2015-01-16",70,68,79,75,53,76,70,57,26,44,61,45,75,44,62
"739","2015-01-17",79,83,85,77,54,88,79,75,34,50,65,34,81,50,54
"740","2015-01-18",92,89,87,82,46,81,84,79,38,25,59,34,77,25,54
"741","2015-01-19",88,62,77,73,50,65,69,52,61,21,62,29,59,21,62
"742","2015-01-20",84,64,65,83,53,71,69,50,32,0,76,0,52,0,63
"743","2015-01-21",68,56,79,85,55,70,68,49,47,0,71,29,48,0,62
"744","2015-01-22",75,63,78,87,68,75,69,50,66,0,69,44,52,0,61
"745","2015-01-23",78,59,91,72,100,80,68,51,42,0,74,15,32,0,61
"746","2015-01-24",75,73,100,87,99,92,76,81,64,75,84,68,61,75,54
"747","2015-01-25",100,82,97,87,89,100,88,84,38,99,75,25,57,99,54
"748","2015-01-26",74,64,73,83,74,70,71,54,36,63,72,72,54,63,60
"749","2015-01-27",71,64,62,76,56,73,69,50,61,21,69,43,27,21,62
"750","2015-01-28",84,66,77,82,49,66,71,48,25,0,77,29,59,0,62
"751","2015-01-29",73,59,77,80,51,76,68,43,47,21,70,14,64,21,63
"752","2015-01-30",51,60,78,74,50,75,67,53,37,43,71,45,77,43,60
"753","2015-01-31",68,83,97,80,53,93,80,73,47,0,70,93,44,0,55
"754","2015-02-01",77,67,97,80,51,85,86,67,45,0,54,74,47,0,52
"755","2015-02-02",77,57,67,70,47,73,72,46,39,62,65,36,44,62,62
"756","2015-02-03",81,58,65,72,51,78,67,48,36,0,75,50,77,0,62
"757","2015-02-04",70,58,76,76,45,80,70,45,32,63,70,79,44,63,61
"758","2015-02-05",83,54,70,71,54,73,65,46,57,21,61,58,100,21,60
"759","2015-02-06",69,60,69,70,48,74,64,50,22,43,67,52,87,43,61
"760","2015-02-07",73,70,93,75,53,85,74,72,47,0,68,51,44,0,52
"761","2015-02-08",85,80,99,75,45,84,81,73,38,49,71,41,47,49,53
"762","2015-02-09",71,61,81,73,52,74,70,48,42,0,70,49,57,0,62
"763","2015-02-10",66,61,76,82,48,72,65,45,32,21,65,50,24,21,61
"764","2015-02-11",67,57,66,80,54,69,66,45,43,42,80,29,55,42,65
"765","2015-02-12",67,57,81,66,53,73,64,44,33,0,86,0,46,0,62
"766","2015-02-13",72,60,85,67,35,74,64,52,45,44,67,23,40,44,60
"767","2015-02-14",67,77,85,73,34,79,72,71,30,25,77,60,57,25,53
"768","2015-02-15",84,90,92,87,36,85,100,96,100,100,86,51,57,100,53
"769","2015-02-16",63,73,78,79,35,69,82,62,41,87,70,30,46,87,63
"770","2015-02-17",65,62,74,77,34,64,66,51,33,43,78,51,32,43,62
"771","2015-02-18",73,64,73,74,33,70,65,47,30,0,77,15,39,0,64
"772","2015-02-19",58,52,67,74,36,69,62,44,36,65,81,51,76,65,62
"773","2015-02-20",58,61,69,74,34,66,65,50,46,45,100,53,48,45,61
"774","2015-02-21",79,76,84,70,32,82,71,72,38,50,81,68,60,50,55
"775","2015-02-22",76,93,83,75,25,76,81,71,42,49,78,58,28,49,56
"776","2015-02-23",66,66,71,74,30,68,67,47,39,41,78,35,40,41,65
"777","2015-02-24",72,55,74,74,29,63,65,50,56,41,76,64,61,41,65
"778","2015-02-25",61,65,78,72,32,71,66,49,44,63,67,21,41,63,63
"779","2015-02-26",81,58,66,72,30,73,65,42,33,42,69,51,72,42,64
"780","2015-02-27",57,54,75,70,30,76,63,46,67,0,71,45,25,0,62
"781","2015-02-28",66,76,98,78,30,80,74,65,29,24,70,33,44,24,57
"782","2015-03-01",77,83,95,78,32,89,82,69,45,48,72,40,27,48,56
"783","2015-03-02",61,63,75,76,29,76,70,48,35,20,73,42,50,20,62
"784","2015-03-03",64,64,69,70,29,66,65,39,42,41,70,42,44,41,62
"785","2015-03-04",63,52,65,72,30,65,63,37,43,61,70,35,58,61,62
"786","2015-03-05",65,59,67,69,29,77,62,43,72,0,61,57,62,0,62
"787","2015-03-06",64,59,73,65,24,74,63,43,34,0,60,53,36,0,61
"788","2015-03-07",61,63,83,77,32,84,71,64,30,0,60,67,40,0,54
"789","2015-03-08",72,69,90,81,31,76,80,62,38,0,69,100,40,0,56
"790","2015-03-09",78,72,69,76,27,75,70,40,39,0,71,21,57,0,63
"791","2015-03-10",61,55,64,68,28,70,62,40,46,0,63,14,34,0,64
"792","2015-03-11",69,53,82,71,31,70,64,40,60,0,58,43,41,0,62
"793","2015-03-12",72,53,70,69,32,70,62,39,14,42,63,21,48,42,61
"794","2015-03-13",61,63,73,64,28,72,59,45,63,21,62,44,25,21,62
"795","2015-03-14",75,63,85,70,31,83,68,61,13,24,60,42,36,24,71
"796","2015-03-15",83,69,80,71,27,79,74,60,21,0,58,33,35,0,61
"797","2015-03-16",69,58,70,67,30,73,66,41,29,42,59,36,41,42,65
"798","2015-03-17",78,50,62,64,27,66,64,41,39,42,58,28,41,42,62
"799","2015-03-18",64,51,62,65,28,64,61,38,25,62,69,35,48,62,61
"800","2015-03-19",53,49,64,67,29,71,61,42,22,0,65,79,45,0,62
"801","2015-03-20",81,47,72,54,30,75,58,43,56,22,56,37,46,22,64
"802","2015-03-21",82,65,82,66,29,87,69,63,13,25,67,33,52,25,56
"803","2015-03-22",75,76,85,70,27,82,71,65,57,24,49,49,43,24,57
"804","2015-03-23",68,60,67,63,32,72,66,44,46,41,61,28,57,41,66
"805","2015-03-24",73,58,69,66,32,73,66,45,43,21,61,57,61,21,64
"806","2015-03-25",78,50,64,65,38,71,54,44,32,30,66,73,55,30,60
"807","2015-03-26",79,58,68,57,30,69,67,41,49,24,54,49,39,24,100
"808","2015-03-27",63,56,80,60,31,72,61,50,41,0,63,60,29,0,98
"809","2015-03-28",61,62,90,62,32,84,71,64,41,0,60,45,56,0,63
"810","2015-03-29",74,74,97,65,31,81,83,64,30,0,63,17,25,0,58
"811","2015-03-30",55,59,73,65,33,65,66,44,32,61,61,57,61,61,62
"812","2015-03-31",54,56,72,65,38,76,66,45,50,42,70,29,61,42,62
"813","2016-01-01",93,100,93,91,25,100,86,100,29,0,89,17,75,0,70
"814","2016-01-02",89,93,92,100,28,89,95,98,32,0,90,25,71,0,66
"815","2016-01-03",100,94,93,93,25,82,100,90,22,31,81,14,100,31,65
"816","2016-01-04",88,76,64,95,25,70,88,60,21,39,78,16,56,39,73
"817","2016-01-05",74,71,67,93,26,70,82,56,31,27,96,8,64,27,72
"818","2016-01-06",83,73,71,89,25,80,82,57,27,14,73,21,77,14,71
"819","2016-01-07",64,67,69,94,24,78,80,55,22,40,77,21,64,40,75
"820","2016-01-08",69,64,88,90,23,81,76,60,32,14,79,4,62,14,82
"821","2016-01-09",74,82,86,93,26,90,83,77,21,61,68,9,73,61,66
"822","2016-01-10",78,80,83,94,23,78,92,80,32,44,63,32,46,44,62
"823","2016-01-11",72,65,74,89,24,74,80,56,18,38,70,16,68,38,72
"824","2016-01-12",80,70,61,95,24,69,73,49,18,26,82,12,72,26,74
"825","2016-01-13",69,61,56,99,23,67,68,51,22,65,81,8,65,65,72
"826","2016-01-14",68,63,64,86,23,65,65,50,27,52,81,20,50,52,72
"827","2016-01-15",76,59,70,91,24,69,61,55,19,40,72,4,47,40,70
"828","2016-01-16",79,80,80,89,27,95,68,81,23,46,74,14,74,46,64
"829","2016-01-17",72,80,87,90,25,73,76,77,21,30,67,14,75,30,65
"830","2016-01-18",79,64,72,92,26,72,64,57,25,39,79,12,45,39,71
"831","2016-01-19",72,59,72,91,28,69,62,47,26,39,81,12,49,39,71
"832","2016-01-20",75,58,64,97,33,69,62,48,21,0,77,8,78,0,70
"833","2016-01-21",67,66,81,100,83,66,62,50,27,0,100,17,59,0,72
"834","2016-01-22",67,60,77,92,100,70,64,56,23,67,77,29,49,67,72
"835","2016-01-23",84,74,100,89,71,72,67,80,18,44,94,23,81,44,66
"836","2016-01-24",77,80,87,83,48,72,75,79,29,29,88,14,71,29,65
"837","2016-01-25",62,60,71,89,38,57,63,50,18,25,80,24,58,25,73
"838","2016-01-26",75,62,65,90,33,69,63,50,25,39,70,24,66,39,72
"839","2016-01-27",68,60,65,99,30,71,63,47,16,26,93,16,62,26,75
"840","2016-01-28",72,53,74,86,30,73,58,47,18,39,78,20,66,39,75
"841","2016-01-29",77,53,73,80,29,74,58,49,17,40,86,25,59,40,74
"842","2016-01-30",75,67,95,77,33,72,66,70,24,0,68,19,71,0,67
"843","2016-01-31",84,74,86,87,30,88,73,78,22,100,76,18,65,100,65
"844","2016-02-01",66,57,61,82,29,73,61,49,23,25,90,15,57,25,74
"845","2016-02-02",60,57,62,86,30,60,59,45,22,12,77,8,64,12,73
"846","2016-02-03",64,54,72,82,29,67,57,43,36,12,79,20,46,12,71
"847","2016-02-04",58,58,66,85,28,65,57,43,18,38,73,16,48,38,74
"848","2016-02-05",59,58,76,75,27,68,57,49,20,53,72,8,44,53,74
"849","2016-02-06",68,69,82,78,29,77,68,69,25,72,70,5,59,72,65
"850","2016-02-07",62,81,69,91,29,68,70,73,25,29,70,19,44,29,63
"851","2016-02-08",64,58,76,74,31,58,62,51,21,13,77,20,43,13,100
"852","2016-02-09",58,61,61,80,32,59,59,46,20,26,94,16,43,26,80
"853","2016-02-10",70,59,70,79,28,63,56,45,21,50,73,12,41,50,75
"854","2016-02-11",62,59,60,76,28,65,54,46,19,25,81,0,51,25,74
"855","2016-02-12",55,57,76,76,27,75,54,45,23,39,73,4,55,39,76
"856","2016-02-13",68,69,71,71,30,73,61,65,19,14,60,18,47,14,69
"857","2016-02-14",79,69,86,72,26,59,61,66,21,43,76,5,50,43,65
"858","2016-02-15",65,58,63,78,29,57,56,57,20,38,68,20,56,38,76
"859","2016-02-16",62,54,66,83,28,62,55,47,15,0,74,20,55,0,72
"860","2016-02-17",64,55,66,75,28,58,57,42,20,25,66,16,67,25,73
"861","2016-02-18",61,54,66,75,35,70,54,44,15,37,97,12,83,37,70
"862","2016-02-19",59,60,61,72,34,69,55,46,20,26,83,8,62,26,71
"863","2016-02-20",57,74,80,78,35,75,60,63,24,29,87,14,58,29,64
"864","2016-02-21",81,68,95,76,31,67,64,73,100,28,62,13,63,28,63
"865","2016-02-22",66,55,59,79,31,62,56,47,26,62,75,19,71,62,72
"866","2016-02-23",69,46,65,75,29,67,55,45,25,73,74,8,64,73,72
"867","2016-02-24",57,58,57,77,27,58,54,45,17,25,80,19,47,25,69
"868","2016-02-25",64,57,68,75,27,62,53,40,22,0,82,23,32,0,69
"869","2016-02-26",65,52,74,75,27,62,55,45,25,13,85,24,55,13,71
"870","2016-02-27",66,69,83,71,31,72,62,64,24,28,75,13,50,28,64
"871","2016-02-28",70,75,70,75,28,67,67,62,20,70,63,13,84,70,61
"872","2016-02-29",62,57,54,72,28,61,58,44,16,24,65,11,53,24,73
"873","2016-03-01",59,52,63,76,30,54,57,43,22,24,74,19,62,24,71
"874","2016-03-02",59,51,67,72,30,54,56,39,17,73,76,84,49,73,73
"875","2016-03-03",69,51,67,76,31,60,53,39,18,73,72,100,60,73,82
"876","2016-03-04",47,55,58,75,30,64,54,43,16,13,76,72,37,13,77
"877","2016-03-05",71,67,77,71,32,67,59,59,23,0,84,53,60,0,67
"878","2016-03-06",62,70,80,76,32,59,62,66,26,70,87,56,52,70,64
"879","2016-03-07",70,55,58,79,32,53,56,42,18,24,72,19,50,24,77
"880","2016-03-08",52,52,58,78,32,58,55,43,23,24,84,15,59,24,72
"881","2016-03-09",58,50,55,73,38,64,53,42,17,36,68,23,50,36,77
"882","2016-03-10",66,51,61,82,35,62,52,43,29,73,70,27,56,73,78
"883","2016-03-11",61,47,58,70,35,68,50,48,20,13,70,20,40,13,78
"884","2016-03-12",66,59,82,76,43,64,58,63,29,0,70,9,52,0,69
"885","2016-03-13",74,64,70,79,43,62,62,63,23,42,72,18,51,42,70
"886","2016-03-14",67,49,58,76,40,56,54,45,22,24,71,12,60,24,77
"887","2016-03-15",67,54,61,71,40,54,53,41,19,61,67,12,71,61,77
"888","2016-03-16",61,55,54,73,45,58,52,44,23,24,75,19,68,24,72
"889","2016-03-17",60,47,61,71,40,55,50,40,17,12,61,12,50,12,75
"890","2016-03-18",54,54,72,71,41,68,52,47,21,51,66,28,38,51,76
"891","2016-03-19",63,70,79,71,45,69,59,62,22,0,61,9,44,0,67
"892","2016-03-20",80,68,81,81,43,63,62,61,23,0,63,18,62,0,67
"893","2016-03-21",71,58,54,77,42,60,57,46,23,25,84,8,61,25,74
"894","2016-03-22",67,54,57,73,42,57,51,44,19,0,65,27,52,0,72
"895","2016-03-23",54,54,67,73,44,57,52,45,19,25,71,8,50,25,74
"896","2016-03-24",64,55,66,76,39,64,56,44,22,26,78,8,47,26,74
"897","2016-03-25",64,59,66,74,45,61,54,58,20,14,81,22,49,14,69
"898","2016-03-26",63,62,78,73,47,62,61,58,18,0,71,0,56,0,71
"899","2016-03-27",97,65,69,75,50,59,59,62,22,30,70,9,56,30,65
"900","2016-03-28",77,56,76,78,51,56,59,51,20,39,58,12,44,39,69
"901","2016-03-29",73,54,65,76,50,58,57,46,27,12,74,8,39,12,72
"902","2016-03-30",62,55,54,75,50,53,54,45,17,61,77,15,64,61,72
"903","2016-03-31",61,56,46,72,42,56,54,44,18,25,70,16,39,25,73
"904","2017-01-01",96,94,100,82,52,85,100,98,37,39,38,39,64,39,100
"905","2017-01-02",87,100,84,100,52,83,100,90,33,32,57,33,100,32,95
"906","2017-01-03",83,71,74,88,51,78,94,72,47,15,57,36,60,15,92
"907","2017-01-04",80,64,80,90,49,75,89,68,39,38,46,22,54,38,95
"908","2017-01-05",88,75,72,89,49,76,87,66,41,84,60,48,69,84,92
"909","2017-01-06",76,67,78,89,48,76,85,79,40,79,49,54,58,79,90
"910","2017-01-07",85,82,86,81,52,80,96,95,39,51,50,34,79,51,86
"911","2017-01-08",93,98,90,90,51,73,99,100,42,17,42,64,59,17,83
"912","2017-01-09",78,74,68,96,48,67,85,70,37,59,49,42,62,59,88
"913","2017-01-10",76,64,62,90,49,69,85,61,30,15,48,61,71,15,83
"914","2017-01-11",81,66,77,86,51,68,81,60,28,29,49,42,37,29,83
"915","2017-01-12",75,64,81,80,55,70,82,71,32,30,51,100,50,30,85
"916","2017-01-13",73,70,80,83,45,70,82,79,31,30,100,97,52,30,84
"917","2017-01-14",82,79,81,80,51,78,90,93,35,34,52,90,58,34,77
"918","2017-01-15",100,88,92,87,55,72,96,95,29,59,53,58,55,59,75
"919","2017-01-16",79,67,77,79,51,60,84,74,45,15,46,64,68,15,81
"920","2017-01-17",80,59,66,90,49,66,79,64,20,51,49,55,53,51,80
"921","2017-01-18",68,60,65,85,51,63,78,59,27,37,51,54,54,37,81
"922","2017-01-19",66,53,64,87,53,64,75,61,23,29,47,71,59,29,79
"923","2017-01-20",70,62,78,75,95,68,80,67,36,15,49,25,58,15,76
"924","2017-01-21",73,71,99,80,100,67,87,86,29,42,46,40,40,42,73
"925","2017-01-22",83,80,98,91,87,60,97,96,21,59,45,55,57,59,71
"926","2017-01-23",92,55,64,81,66,58,80,64,47,15,47,33,44,15,79
"927","2017-01-24",81,66,66,81,53,58,78,60,20,15,47,48,65,15,77
"928","2017-01-25",66,65,66,86,52,61,81,58,35,37,48,52,54,37,78
"929","2017-01-26",64,54,72,78,53,65,82,62,27,37,40,34,54,37,79
"930","2017-01-27",73,56,69,76,50,73,78,68,35,45,44,34,45,45,78
"931","2017-01-28",77,74,73,82,56,67,89,90,35,43,43,42,63,43,74
"932","2017-01-29",86,82,83,79,52,68,98,90,50,67,49,40,43,67,73
"933","2017-01-30",84,68,62,78,47,64,80,60,20,37,46,28,36,37,79
"934","2017-01-31",73,58,72,73,49,61,81,60,36,44,52,23,48,44,79
"935","2017-02-01",76,59,67,74,46,63,80,57,34,14,44,52,54,14,76
"936","2017-02-02",73,58,67,72,50,69,82,57,20,59,42,21,73,59,83
"937","2017-02-03",74,55,70,75,51,70,77,64,38,61,43,31,35,61,78
"938","2017-02-04",74,80,89,77,53,73,86,80,25,92,48,29,66,92,70
"939","2017-02-05",76,80,81,78,51,59,92,81,39,33,47,43,44,33,69
"940","2017-02-06",66,66,68,69,49,55,79,56,16,36,44,22,49,36,77
"941","2017-02-07",69,62,65,79,48,59,81,52,33,65,45,39,45,65,75
"942","2017-02-08",61,60,72,67,48,63,80,55,38,29,43,12,48,29,76
"943","2017-02-09",69,64,77,75,48,57,74,54,43,44,44,45,39,44,75
"944","2017-02-10",63,60,75,77,49,64,74,58,22,30,48,30,37,30,75
"945","2017-02-11",76,75,87,75,54,69,85,74,25,34,43,39,56,34,70
"946","2017-02-12",72,84,89,77,53,66,93,78,43,83,43,63,47,83,68
"947","2017-02-13",61,60,55,70,48,60,78,52,24,36,48,34,44,36,77
"948","2017-02-14",74,60,70,68,51,62,70,54,30,36,51,12,47,36,75
"949","2017-02-15",68,64,72,70,46,58,76,55,27,37,46,29,46,37,74
"950","2017-02-16",66,52,71,68,47,65,74,53,25,22,42,38,44,22,72
"951","2017-02-17",64,61,76,68,49,70,71,62,26,38,39,39,37,38,73
"952","2017-02-18",78,70,88,65,57,66,85,77,19,34,45,39,42,34,68
"953","2017-02-19",89,72,80,75,55,62,90,83,25,100,44,43,44,100,66
"954","2017-02-20",84,61,66,70,51,58,78,66,22,29,43,43,51,29,75
"955","2017-02-21",75,58,67,76,55,58,76,57,39,36,41,37,42,36,75
"956","2017-02-22",71,65,65,78,52,63,76,53,18,22,50,43,45,22,78
"957","2017-02-23",69,54,68,74,49,65,74,54,32,44,43,40,43,44,80
"958","2017-02-24",72,70,74,75,54,70,74,64,26,31,40,29,45,31,75
"959","2017-02-25",86,70,85,75,60,64,89,77,27,43,42,36,50,43,68
"960","2017-02-26",81,78,82,80,59,65,97,87,25,34,43,35,51,34,70
"961","2017-02-27",71,66,63,66,52,59,82,57,22,73,44,51,46,73,77
"962","2017-02-28",80,54,71,71,56,100,81,70,100,37,53,45,47,37,77
"963","2017-03-01",73,56,69,68,55,57,79,58,46,14,49,59,42,14,75
"964","2017-03-02",66,53,73,70,53,59,79,53,28,36,47,58,46,36,77
"965","2017-03-03",73,58,77,74,54,67,78,61,46,30,52,57,29,30,77
"966","2017-03-04",85,76,93,82,62,66,84,74,24,49,44,56,50,49,69
"967","2017-03-05",88,84,89,75,62,64,94,82,15,25,48,42,51,25,71
"968","2017-03-06",80,60,65,69,57,59,79,58,26,21,46,25,49,21,78
"969","2017-03-07",83,64,70,73,57,61,75,56,29,14,42,50,47,14,78
"970","2017-03-08",61,53,65,72,54,57,76,49,28,29,45,36,51,29,80
"971","2017-03-09",63,59,66,72,56,67,72,51,31,65,44,71,39,65,76
"972","2017-03-10",63,59,71,65,57,64,73,55,31,52,45,29,46,52,77
"973","2017-03-11",72,71,88,70,60,67,80,75,38,33,47,56,48,33,72
"974","2017-03-12",85,75,95,77,53,59,88,78,11,16,39,48,47,16,70
"975","2017-03-13",77,61,61,70,50,55,75,56,23,36,40,34,43,36,75
"976","2017-03-14",74,54,69,69,54,57,74,59,31,36,44,55,43,36,75
"977","2017-03-15",71,55,62,71,56,56,71,53,26,50,46,17,44,50,74
"978","2017-03-16",75,51,64,70,60,53,72,51,25,43,40,34,27,43,74
"979","2017-03-17",63,61,67,65,57,58,73,56,29,46,40,39,59,46,72
"980","2017-03-18",85,70,97,64,64,65,82,72,32,58,41,48,35,58,68
"981","2017-03-19",87,73,87,64,62,56,92,80,30,33,38,33,62,33,70
"982","2017-03-20",78,62,71,66,61,54,79,56,28,29,39,32,50,29,76
"983","2017-03-21",71,60,75,70,60,57,76,50,25,58,41,26,49,58,76
"984","2017-03-22",82,58,64,71,61,49,74,53,43,50,39,46,30,50,74
"985","2017-03-23",71,47,72,65,77,57,70,53,18,51,44,31,46,51,77
"986","2017-03-24",63,60,71,64,63,62,69,58,21,46,46,36,41,46,72
"987","2017-03-25",73,66,77,67,73,60,73,74,31,43,39,39,49,43,71
"988","2017-03-26",87,70,78,72,66,54,80,73,17,42,42,36,56,42,72
"989","2017-03-27",84,50,66,70,59,57,73,56,39,29,42,39,58,29,75
"990","2017-03-28",77,51,58,68,61,56,76,52,39,36,48,34,37,36,74
"991","2017-03-29",74,57,74,67,63,58,76,54,35,44,43,30,50,44,74
"992","2017-03-30",75,55,61,74,68,55,77,51,30,52,44,37,48,52,76
"993","2017-03-31",58,57,76,65,56,64,72,57,33,15,50,45,40,15,72
