"","Date","Value"
"1","10/2/06",0
"2","10/3/06",46
"3","10/4/06",0
"4","10/5/06",0
"5","10/6/06",50
"6","10/7/06",0
"7","10/8/06",67
"8","10/9/06",0
"9","10/10/06",0
"10","10/11/06",45
"11","10/12/06",47
"12","10/13/06",50
"13","10/14/06",0
"14","10/15/06",0
"15","10/16/06",44
"16","10/17/06",66
"17","10/18/06",0
"18","10/19/06",45
"19","10/20/06",49
"20","10/21/06",0
"21","10/22/06",0
"22","10/23/06",0
"23","10/24/06",0
"24","10/25/06",0
"25","10/26/06",0
"26","10/27/06",0
"27","10/28/06",0
"28","10/29/06",62
"29","10/30/06",0
"30","10/31/06",0
"31","11/1/06",0
"32","11/2/06",0
"33","11/3/06",48
"34","11/4/06",0
"35","11/5/06",61
"36","11/6/06",0
"37","11/7/06",85
"38","11/8/06",42
"39","11/9/06",0
"40","11/10/06",0
"41","11/11/06",61
"42","11/12/06",0
"43","11/13/06",0
"44","11/14/06",42
"45","11/15/06",0
"46","11/16/06",0
"47","11/17/06",0
"48","11/18/06",62
"49","11/19/06",0
"50","11/20/06",0
"51","11/21/06",42
"52","11/22/06",43
"53","11/23/06",48
"54","11/24/06",100
"55","11/25/06",0
"56","11/26/06",60
"57","11/27/06",0
"58","11/28/06",41
"59","11/29/06",0
"60","11/30/06",42
"61","12/1/06",0
"62","12/2/06",61
"63","12/3/06",59
"64","12/4/06",0
"65","12/5/06",0
"66","12/6/06",0
"67","12/7/06",0
"68","12/8/06",0
"69","12/9/06",0
"70","12/10/06",59
"71","12/11/06",0
"72","12/12/06",41
"73","12/13/06",0
"74","12/14/06",65
"75","12/15/06",47
"76","12/16/06",0
"77","12/17/06",62
"78","12/18/06",42
"79","12/19/06",65
"80","12/20/06",91
"81","12/21/06",0
"82","12/22/06",52
"83","12/23/06",67
"84","12/24/06",75
"85","12/25/06",0
"86","12/26/06",58
"87","12/27/06",0
"88","12/28/06",0
"89","12/29/06",0
"90","12/30/06",0
"91","12/31/06",0
"92","1/2/07",41
"93","1/3/07",39
"94","1/4/07",0
"95","1/5/07",0
"96","1/6/07",0
"97","1/7/07",0
"98","1/8/07",0
"99","1/9/07",71
"100","1/10/07",35
"101","1/11/07",71
"102","1/12/07",76
"103","1/13/07",0
"104","1/14/07",0
"105","1/15/07",0
"106","1/16/07",35
"107","1/17/07",0
"108","1/18/07",0
"109","1/19/07",75
"110","1/20/07",49
"111","1/21/07",0
"112","1/22/07",0
"113","1/23/07",0
"114","1/24/07",34
"115","1/25/07",0
"116","1/26/07",0
"117","1/27/07",0
"118","1/28/07",0
"119","1/29/07",0
"120","1/30/07",34
"121","1/31/07",0
"122","2/1/07",35
"123","2/2/07",36
"124","2/3/07",0
"125","2/4/07",0
"126","2/5/07",34
"127","2/6/07",34
"128","2/7/07",0
"129","2/8/07",34
"130","2/9/07",0
"131","2/10/07",48
"132","2/11/07",46
"133","2/12/07",0
"134","2/13/07",0
"135","2/14/07",34
"136","2/15/07",0
"137","2/16/07",37
"138","2/17/07",50
"139","2/18/07",0
"140","2/19/07",0
"141","2/20/07",0
"142","2/21/07",0
"143","2/22/07",35
"144","2/23/07",37
"145","2/24/07",47
"146","2/25/07",0
"147","2/26/07",33
"148","2/27/07",33
"149","2/28/07",0
"150","3/1/07",0
"151","3/2/07",0
"152","3/3/07",46
"153","3/4/07",0
"154","3/5/07",33
"155","3/6/07",0
"156","3/7/07",33
"157","3/8/07",0
"158","3/9/07",0
"159","3/10/07",0
"160","3/11/07",46
"161","3/12/07",65
"162","3/13/07",0
"163","3/14/07",0
"164","3/15/07",0
"165","3/16/07",0
"166","3/17/07",46
"167","3/18/07",0
"168","3/19/07",32
"169","3/20/07",34
"170","3/21/07",0
"171","3/22/07",33
"172","3/23/07",0
"173","3/24/07",0
"174","3/25/07",0
"175","3/26/07",0
"176","3/27/07",48
"177","3/28/07",32
"178","3/29/07",100
"179","3/30/07",0
"180","3/31/07",0
"181","4/2/07",0
"182","4/3/07",0
"183","4/4/07",39
"184","4/5/07",42
"185","4/6/07",0
"186","4/7/07",0
"187","4/8/07",0
"188","4/9/07",0
"189","4/10/07",0
"190","4/11/07",0
"191","4/12/07",74
"192","4/13/07",0
"193","4/14/07",0
"194","4/15/07",0
"195","4/16/07",36
"196","4/17/07",36
"197","4/18/07",37
"198","4/19/07",37
"199","4/20/07",79
"200","4/21/07",0
"201","4/22/07",0
"202","4/23/07",0
"203","4/24/07",36
"204","4/25/07",37
"205","4/26/07",0
"206","4/27/07",80
"207","4/28/07",55
"208","4/29/07",0
"209","4/30/07",0
"210","5/1/07",0
"211","5/2/07",37
"212","5/3/07",38
"213","5/4/07",0
"214","5/5/07",0
"215","5/6/07",0
"216","5/7/07",0
"217","5/8/07",34
"218","5/9/07",33
"219","5/10/07",69
"220","5/11/07",0
"221","5/12/07",100
"222","5/13/07",49
"223","5/14/07",33
"224","5/15/07",33
"225","5/16/07",34
"226","5/17/07",36
"227","5/18/07",37
"228","5/19/07",51
"229","5/20/07",48
"230","5/21/07",33
"231","5/22/07",0
"232","5/23/07",0
"233","5/24/07",0
"234","5/25/07",0
"235","5/26/07",50
"236","5/27/07",0
"237","5/28/07",0
"238","5/29/07",0
"239","5/30/07",66
"240","5/31/07",0
"241","6/1/07",73
"242","6/2/07",0
"243","6/3/07",0
"244","6/4/07",49
"245","6/5/07",33
"246","6/6/07",0
"247","6/7/07",0
"248","6/8/07",0
"249","6/9/07",50
"250","6/10/07",0
"251","6/11/07",0
"252","6/12/07",0
"253","6/13/07",67
"254","6/14/07",34
"255","6/15/07",0
"256","6/16/07",0
"257","6/17/07",51
"258","6/18/07",34
"259","6/19/07",69
"260","6/20/07",35
"261","6/21/07",0
"262","6/22/07",36
"263","6/23/07",0
"264","6/24/07",0
"265","6/25/07",0
"266","6/26/07",32
"267","6/27/07",0
"268","6/28/07",0
"269","6/29/07",74
"270","6/30/07",0
"271","7/2/07",33
"272","7/3/07",0
"273","7/4/07",0
"274","7/5/07",34
"275","7/6/07",0
"276","7/7/07",0
"277","7/8/07",0
"278","7/9/07",32
"279","7/10/07",0
"280","7/11/07",0
"281","7/12/07",0
"282","7/13/07",0
"283","7/14/07",0
"284","7/15/07",50
"285","7/16/07",0
"286","7/17/07",33
"287","7/18/07",33
"288","7/19/07",34
"289","7/20/07",36
"290","7/21/07",50
"291","7/22/07",98
"292","7/23/07",0
"293","7/24/07",0
"294","7/25/07",0
"295","7/26/07",0
"296","7/27/07",0
"297","7/28/07",0
"298","7/29/07",48
"299","7/30/07",0
"300","7/31/07",0
"301","8/1/07",34
"302","8/2/07",0
"303","8/3/07",0
"304","8/4/07",0
"305","8/5/07",100
"306","8/6/07",0
"307","8/7/07",0
"308","8/8/07",0
"309","8/9/07",0
"310","8/10/07",35
"311","8/11/07",0
"312","8/12/07",0
"313","8/13/07",0
"314","8/14/07",0
"315","8/15/07",0
"316","8/16/07",0
"317","8/17/07",0
"318","8/18/07",0
"319","8/19/07",0
"320","8/20/07",0
"321","8/21/07",31
"322","8/22/07",0
"323","8/23/07",0
"324","8/24/07",0
"325","8/25/07",0
"326","8/26/07",91
"327","8/27/07",0
"328","8/28/07",0
"329","8/29/07",0
"330","8/30/07",32
"331","8/31/07",0
"332","9/1/07",0
"333","9/2/07",0
"334","9/3/07",0
"335","9/4/07",30
"336","9/5/07",30
"337","9/6/07",30
"338","9/7/07",0
"339","9/8/07",0
"340","9/9/07",83
"341","9/10/07",58
"342","9/11/07",0
"343","9/12/07",29
"344","9/13/07",0
"345","9/14/07",64
"346","9/15/07",0
"347","9/16/07",42
"348","9/17/07",0
"349","9/18/07",0
"350","9/19/07",0
"351","9/20/07",0
"352","9/21/07",96
"353","9/22/07",0
"354","9/23/07",0
"355","9/24/07",0
"356","9/25/07",0
"357","9/26/07",28
"358","9/27/07",59
"359","9/28/07",0
"360","9/29/07",0
"361","9/30/07",80
"362","10/2/07",27
"363","10/3/07",0
"364","10/4/07",27
"365","10/5/07",29
"366","10/6/07",77
"367","10/7/07",0
"368","10/8/07",54
"369","10/9/07",53
"370","10/10/07",0
"371","10/11/07",0
"372","10/12/07",59
"373","10/13/07",0
"374","10/14/07",0
"375","10/15/07",0
"376","10/16/07",0
"377","10/17/07",0
"378","10/18/07",27
"379","10/19/07",28
"380","10/20/07",0
"381","10/21/07",0
"382","10/22/07",25
"383","10/23/07",26
"384","10/24/07",26
"385","10/25/07",0
"386","10/26/07",28
"387","10/27/07",37
"388","10/28/07",0
"389","10/29/07",25
"390","10/30/07",26
"391","10/31/07",0
"392","11/1/07",28
"393","11/2/07",29
"394","11/3/07",36
"395","11/4/07",35
"396","11/5/07",37
"397","11/6/07",0
"398","11/7/07",25
"399","11/8/07",26
"400","11/9/07",0
"401","11/10/07",70
"402","11/11/07",34
"403","11/12/07",25
"404","11/13/07",37
"405","11/14/07",15
"406","11/15/07",26
"407","11/16/07",0
"408","11/17/07",0
"409","11/18/07",0
"410","11/19/07",75
"411","11/20/07",49
"412","11/21/07",26
"413","11/22/07",28
"414","11/23/07",29
"415","11/24/07",0
"416","11/25/07",51
"417","11/26/07",25
"418","11/27/07",24
"419","11/28/07",51
"420","11/29/07",51
"421","11/30/07",41
"422","12/1/07",35
"423","12/2/07",34
"424","12/3/07",24
"425","12/4/07",0
"426","12/5/07",52
"427","12/6/07",39
"428","12/7/07",27
"429","12/8/07",0
"430","12/9/07",0
"431","12/10/07",24
"432","12/11/07",50
"433","12/12/07",100
"434","12/13/07",26
"435","12/14/07",0
"436","12/15/07",71
"437","12/16/07",0
"438","12/17/07",0
"439","12/18/07",26
"440","12/19/07",26
"441","12/20/07",0
"442","12/21/07",0
"443","12/22/07",0
"444","12/23/07",0
"445","12/24/07",0
"446","12/25/07",0
"447","12/26/07",66
"448","12/27/07",30
"449","12/28/07",31
"450","12/29/07",0
"451","12/30/07",38
"452","12/31/07",0
"453","1/2/08",0
"454","1/3/08",0
"455","1/4/08",36
"456","1/5/08",92
"457","1/6/08",0
"458","1/7/08",0
"459","1/8/08",0
"460","1/9/08",33
"461","1/10/08",50
"462","1/11/08",35
"463","1/12/08",45
"464","1/13/08",45
"465","1/14/08",32
"466","1/15/08",0
"467","1/16/08",0
"468","1/17/08",33
"469","1/18/08",34
"470","1/19/08",0
"471","1/20/08",43
"472","1/21/08",32
"473","1/22/08",32
"474","1/23/08",32
"475","1/24/08",33
"476","1/25/08",0
"477","1/26/08",45
"478","1/27/08",0
"479","1/28/08",48
"480","1/29/08",0
"481","1/30/08",32
"482","1/31/08",32
"483","2/1/08",0
"484","2/2/08",45
"485","2/3/08",44
"486","2/4/08",100
"487","2/5/08",33
"488","2/6/08",33
"489","2/7/08",33
"490","2/8/08",0
"491","2/9/08",0
"492","2/10/08",0
"493","2/11/08",65
"494","2/12/08",0
"495","2/13/08",0
"496","2/14/08",33
"497","2/15/08",0
"498","2/16/08",0
"499","2/17/08",43
"500","2/18/08",0
"501","2/19/08",0
"502","2/20/08",31
"503","2/21/08",48
"504","2/22/08",0
"505","2/23/08",85
"506","2/24/08",41
"507","2/25/08",0
"508","2/26/08",30
"509","2/27/08",62
"510","2/28/08",63
"511","2/29/08",0
"512","3/1/08",84
"513","3/2/08",0
"514","3/3/08",46
"515","3/4/08",0
"516","3/5/08",31
"517","3/6/08",63
"518","3/7/08",34
"519","3/8/08",42
"520","3/9/08",0
"521","3/10/08",0
"522","3/11/08",0
"523","3/12/08",0
"524","3/13/08",0
"525","3/14/08",0
"526","3/15/08",0
"527","3/16/08",82
"528","3/17/08",0
"529","3/18/08",31
"530","3/19/08",0
"531","3/20/08",52
"532","3/21/08",39
"533","3/22/08",45
"534","3/23/08",0
"535","3/24/08",35
"536","3/25/08",0
"537","3/26/08",30
"538","3/27/08",0
"539","3/28/08",33
"540","3/29/08",0
"541","3/30/08",41
"542","3/31/08",30
"543","4/2/08",35
"544","4/3/08",0
"545","4/4/08",74
"546","4/5/08",47
"547","4/6/08",91
"548","4/7/08",0
"549","4/8/08",0
"550","4/9/08",0
"551","4/10/08",0
"552","4/11/08",37
"553","4/12/08",0
"554","4/13/08",0
"555","4/14/08",0
"556","4/15/08",33
"557","4/16/08",34
"558","4/17/08",0
"559","4/18/08",0
"560","4/19/08",48
"561","4/20/08",0
"562","4/21/08",34
"563","4/22/08",34
"564","4/23/08",0
"565","4/24/08",35
"566","4/25/08",37
"567","4/26/08",74
"568","4/27/08",0
"569","4/28/08",33
"570","4/29/08",34
"571","4/30/08",0
"572","5/1/08",0
"573","5/2/08",0
"574","5/3/08",49
"575","5/4/08",0
"576","5/5/08",35
"577","5/6/08",34
"578","5/7/08",0
"579","5/8/08",35
"580","5/9/08",0
"581","5/10/08",49
"582","5/11/08",50
"583","5/12/08",35
"584","5/13/08",0
"585","5/14/08",66
"586","5/15/08",51
"587","5/16/08",0
"588","5/17/08",47
"589","5/18/08",0
"590","5/19/08",0
"591","5/20/08",99
"592","5/21/08",34
"593","5/22/08",70
"594","5/23/08",55
"595","5/24/08",48
"596","5/25/08",0
"597","5/26/08",0
"598","5/27/08",32
"599","5/28/08",33
"600","5/29/08",33
"601","5/30/08",54
"602","5/31/08",47
"603","6/1/08",47
"604","6/2/08",33
"605","6/3/08",32
"606","6/4/08",0
"607","6/5/08",68
"608","6/6/08",36
"609","6/7/08",95
"610","6/8/08",47
"611","6/9/08",0
"612","6/10/08",0
"613","6/11/08",0
"614","6/12/08",35
"615","6/13/08",0
"616","6/14/08",0
"617","6/15/08",48
"618","6/16/08",67
"619","6/17/08",34
"620","6/18/08",34
"621","6/19/08",35
"622","6/20/08",0
"623","6/21/08",100
"624","6/22/08",48
"625","6/23/08",34
"626","6/24/08",69
"627","6/25/08",35
"628","6/26/08",0
"629","6/27/08",0
"630","6/28/08",0
"631","6/29/08",50
"632","6/30/08",34
"633","7/2/08",0
"634","7/3/08",0
"635","7/4/08",36
"636","7/5/08",46
"637","7/6/08",0
"638","7/7/08",30
"639","7/8/08",0
"640","7/9/08",31
"641","7/10/08",32
"642","7/11/08",0
"643","7/12/08",0
"644","7/13/08",45
"645","7/14/08",31
"646","7/15/08",62
"647","7/16/08",0
"648","7/17/08",0
"649","7/18/08",33
"650","7/19/08",94
"651","7/20/08",45
"652","7/21/08",31
"653","7/22/08",0
"654","7/23/08",31
"655","7/24/08",32
"656","7/25/08",34
"657","7/26/08",69
"658","7/27/08",68
"659","7/28/08",0
"660","7/29/08",0
"661","7/30/08",0
"662","7/31/08",31
"663","8/1/08",100
"664","8/2/08",44
"665","8/3/08",44
"666","8/4/08",0
"667","8/5/08",31
"668","8/6/08",32
"669","8/7/08",32
"670","8/8/08",34
"671","8/9/08",0
"672","8/10/08",0
"673","8/11/08",31
"674","8/12/08",61
"675","8/13/08",0
"676","8/14/08",33
"677","8/15/08",35
"678","8/16/08",0
"679","8/17/08",88
"680","8/18/08",30
"681","8/19/08",30
"682","8/20/08",0
"683","8/21/08",31
"684","8/22/08",33
"685","8/23/08",42
"686","8/24/08",42
"687","8/25/08",30
"688","8/26/08",29
"689","8/27/08",0
"690","8/28/08",30
"691","8/29/08",0
"692","8/30/08",0
"693","8/31/08",41
"694","9/1/08",62
"695","9/2/08",86
"696","9/3/08",28
"697","9/4/08",29
"698","9/5/08",61
"699","9/6/08",39
"700","9/7/08",0
"701","9/8/08",28
"702","9/9/08",0
"703","9/10/08",28
"704","9/11/08",0
"705","9/12/08",0
"706","9/13/08",0
"707","9/14/08",0
"708","9/15/08",0
"709","9/16/08",0
"710","9/17/08",28
"711","9/18/08",28
"712","9/19/08",0
"713","9/20/08",38
"714","9/21/08",56
"715","9/22/08",27
"716","9/23/08",27
"717","9/24/08",28
"718","9/25/08",57
"719","9/26/08",45
"720","9/27/08",0
"721","9/28/08",56
"722","9/29/08",42
"723","9/30/08",0
"724","10/2/08",32
"725","10/3/08",16
"726","10/4/08",21
"727","10/5/08",0
"728","10/6/08",29
"729","10/7/08",15
"730","10/8/08",15
"731","10/9/08",15
"732","10/10/08",24
"733","10/11/08",21
"734","10/12/08",20
"735","10/13/08",15
"736","10/14/08",29
"737","10/15/08",0
"738","10/16/08",45
"739","10/17/08",31
"740","10/18/08",0
"741","10/19/08",20
"742","10/20/08",14
"743","10/21/08",29
"744","10/22/08",15
"745","10/23/08",0
"746","10/24/08",0
"747","10/25/08",100
"748","10/26/08",0
"749","10/27/08",36
"750","10/28/08",9
"751","10/29/08",25
"752","10/30/08",15
"753","10/31/08",16
"754","11/1/08",51
"755","11/2/08",19
"756","11/3/08",0
"757","11/4/08",21
"758","11/5/08",14
"759","11/6/08",14
"760","11/7/08",15
"761","11/8/08",0
"762","11/9/08",19
"763","11/10/08",28
"764","11/11/08",28
"765","11/12/08",0
"766","11/13/08",14
"767","11/14/08",15
"768","11/15/08",19
"769","11/16/08",0
"770","11/17/08",14
"771","11/18/08",0
"772","11/19/08",14
"773","11/20/08",29
"774","11/21/08",0
"775","11/22/08",19
"776","11/23/08",18
"777","11/24/08",28
"778","11/25/08",14
"779","11/26/08",0
"780","11/27/08",16
"781","11/28/08",32
"782","11/29/08",19
"783","11/30/08",18
"784","12/1/08",34
"785","12/2/08",28
"786","12/3/08",21
"787","12/4/08",29
"788","12/5/08",15
"789","12/6/08",19
"790","12/7/08",0
"791","12/8/08",29
"792","12/9/08",14
"793","12/10/08",21
"794","12/11/08",22
"795","12/12/08",15
"796","12/13/08",57
"797","12/14/08",19
"798","12/15/08",14
"799","12/16/08",21
"800","12/17/08",0
"801","12/18/08",15
"802","12/19/08",32
"803","12/20/08",40
"804","12/21/08",0
"805","12/22/08",0
"806","12/23/08",49
"807","12/24/08",0
"808","12/25/08",24
"809","12/26/08",30
"810","12/27/08",61
"811","12/28/08",20
"812","12/29/08",32
"813","12/30/08",49
"814","12/31/08",20
"815","1/2/09",25
"816","1/3/09",0
"817","1/4/09",53
"818","1/5/09",21
"819","1/6/09",0
"820","1/7/09",20
"821","1/8/09",0
"822","1/9/09",21
"823","1/10/09",0
"824","1/11/09",26
"825","1/12/09",39
"826","1/13/09",0
"827","1/14/09",20
"828","1/15/09",0
"829","1/16/09",0
"830","1/17/09",0
"831","1/18/09",0
"832","1/19/09",20
"833","1/20/09",19
"834","1/21/09",0
"835","1/22/09",0
"836","1/23/09",0
"837","1/24/09",0
"838","1/25/09",0
"839","1/26/09",0
"840","1/27/09",39
"841","1/28/09",0
"842","1/29/09",39
"843","1/30/09",20
"844","1/31/09",25
"845","2/1/09",0
"846","2/2/09",19
"847","2/3/09",19
"848","2/4/09",0
"849","2/5/09",19
"850","2/6/09",40
"851","2/7/09",25
"852","2/8/09",0
"853","2/9/09",0
"854","2/10/09",18
"855","2/11/09",0
"856","2/12/09",19
"857","2/13/09",0
"858","2/14/09",26
"859","2/15/09",0
"860","2/16/09",38
"861","2/17/09",0
"862","2/18/09",19
"863","2/19/09",0
"864","2/20/09",20
"865","2/21/09",25
"866","2/22/09",25
"867","2/23/09",19
"868","2/24/09",0
"869","2/25/09",38
"870","2/26/09",19
"871","2/27/09",100
"872","2/28/09",0
"873","3/1/09",0
"874","3/2/09",18
"875","3/3/09",0
"876","3/4/09",37
"877","3/5/09",19
"878","3/6/09",0
"879","3/7/09",0
"880","3/8/09",24
"881","3/9/09",0
"882","3/10/09",0
"883","3/11/09",19
"884","3/12/09",37
"885","3/13/09",40
"886","3/14/09",25
"887","3/15/09",24
"888","3/16/09",0
"889","3/17/09",18
"890","3/18/09",19
"891","3/19/09",0
"892","3/20/09",20
"893","3/21/09",25
"894","3/22/09",0
"895","3/23/09",0
"896","3/24/09",54
"897","3/25/09",18
"898","3/26/09",37
"899","3/27/09",19
"900","3/28/09",24
"901","3/29/09",0
"902","3/30/09",0
"903","3/31/09",0
"904","4/2/09",35
"905","4/3/09",37
"906","4/4/09",46
"907","4/5/09",0
"908","4/6/09",51
"909","4/7/09",34
"910","4/8/09",35
"911","4/9/09",37
"912","4/10/09",84
"913","4/11/09",49
"914","4/12/09",50
"915","4/13/09",37
"916","4/14/09",33
"917","4/15/09",0
"918","4/16/09",34
"919","4/17/09",0
"920","4/18/09",46
"921","4/19/09",45
"922","4/20/09",50
"923","4/21/09",100
"924","4/22/09",0
"925","4/23/09",51
"926","4/24/09",36
"927","4/25/09",0
"928","4/26/09",0
"929","4/27/09",65
"930","4/28/09",32
"931","4/29/09",0
"932","4/30/09",0
"933","5/1/09",0
"934","5/2/09",47
"935","5/3/09",90
"936","5/4/09",50
"937","5/5/09",33
"938","5/6/09",0
"939","5/7/09",99
"940","5/8/09",0
"941","5/9/09",45
"942","5/10/09",46
"943","5/11/09",65
"944","5/12/09",32
"945","5/13/09",0
"946","5/14/09",32
"947","5/15/09",34
"948","5/16/09",87
"949","5/17/09",64
"950","5/18/09",62
"951","5/19/09",79
"952","5/20/09",0
"953","5/21/09",34
"954","5/22/09",0
"955","5/23/09",46
"956","5/24/09",45
"957","5/25/09",0
"958","5/26/09",31
"959","5/27/09",31
"960","5/28/09",32
"961","5/29/09",52
"962","5/30/09",0
"963","5/31/09",44
"964","6/1/09",33
"965","6/2/09",48
"966","6/3/09",63
"967","6/4/09",97
"968","6/5/09",34
"969","6/6/09",43
"970","6/7/09",85
"971","6/8/09",31
"972","6/9/09",78
"973","6/10/09",32
"974","6/11/09",0
"975","6/12/09",52
"976","6/13/09",45
"977","6/14/09",44
"978","6/15/09",32
"979","6/16/09",47
"980","6/17/09",31
"981","6/18/09",32
"982","6/19/09",34
"983","6/20/09",44
"984","6/21/09",44
"985","6/22/09",0
"986","6/23/09",32
"987","6/24/09",0
"988","6/25/09",49
"989","6/26/09",0
"990","6/27/09",45
"991","6/28/09",45
"992","6/29/09",64
"993","6/30/09",32
"994","7/2/09",0
"995","7/3/09",0
"996","7/4/09",0
"997","7/5/09",0
"998","7/6/09",35
"999","7/7/09",23
"1000","7/8/09",24
"1001","7/9/09",24
"1002","7/10/09",0
"1003","7/11/09",34
"1004","7/12/09",34
"1005","7/13/09",24
"1006","7/14/09",60
"1007","7/15/09",49
"1008","7/16/09",0
"1009","7/17/09",26
"1010","7/18/09",67
"1011","7/19/09",33
"1012","7/20/09",48
"1013","7/21/09",24
"1014","7/22/09",0
"1015","7/23/09",0
"1016","7/24/09",78
"1017","7/25/09",68
"1018","7/26/09",34
"1019","7/27/09",47
"1020","7/28/09",72
"1021","7/29/09",24
"1022","7/30/09",24
"1023","7/31/09",52
"1024","8/1/09",0
"1025","8/2/09",0
"1026","8/3/09",49
"1027","8/4/09",24
"1028","8/5/09",0
"1029","8/6/09",62
"1030","8/7/09",27
"1031","8/8/09",34
"1032","8/9/09",33
"1033","8/10/09",24
"1034","8/11/09",48
"1035","8/12/09",85
"1036","8/13/09",100
"1037","8/14/09",80
"1038","8/15/09",52
"1039","8/16/09",34
"1040","8/17/09",48
"1041","8/18/09",24
"1042","8/19/09",24
"1043","8/20/09",73
"1044","8/21/09",25
"1045","8/22/09",0
"1046","8/23/09",65
"1047","8/24/09",46
"1048","8/25/09",0
"1049","8/26/09",47
"1050","8/27/09",35
"1051","8/28/09",25
"1052","8/29/09",31
"1053","8/30/09",46
"1054","8/31/09",45
"1055","9/1/09",45
"1056","9/2/09",68
"1057","9/3/09",68
"1058","9/4/09",48
"1059","9/5/09",31
"1060","9/6/09",31
"1061","9/7/09",48
"1062","9/8/09",78
"1063","9/9/09",22
"1064","9/10/09",45
"1065","9/11/09",47
"1066","9/12/09",0
"1067","9/13/09",44
"1068","9/14/09",22
"1069","9/15/09",43
"1070","9/16/09",33
"1071","9/17/09",22
"1072","9/18/09",24
"1073","9/19/09",60
"1074","9/20/09",30
"1075","9/21/09",22
"1076","9/22/09",0
"1077","9/23/09",44
"1078","9/24/09",22
"1079","9/25/09",0
"1080","9/26/09",30
"1081","9/27/09",57
"1082","9/28/09",32
"1083","9/29/09",54
"1084","9/30/09",66
"1085","10/2/09",45
"1086","10/3/09",82
"1087","10/4/09",54
"1088","10/5/09",20
"1089","10/6/09",20
"1090","10/7/09",41
"1091","10/8/09",42
"1092","10/9/09",33
"1093","10/10/09",54
"1094","10/11/09",27
"1095","10/12/09",32
"1096","10/13/09",20
"1097","10/14/09",41
"1098","10/15/09",31
"1099","10/16/09",33
"1100","10/17/09",41
"1101","10/18/09",39
"1102","10/19/09",50
"1103","10/20/09",30
"1104","10/21/09",20
"1105","10/22/09",0
"1106","10/23/09",21
"1107","10/24/09",26
"1108","10/25/09",0
"1109","10/26/09",19
"1110","10/27/09",19
"1111","10/28/09",30
"1112","10/29/09",20
"1113","10/30/09",42
"1114","10/31/09",81
"1115","11/1/09",26
"1116","11/2/09",40
"1117","11/3/09",20
"1118","11/4/09",29
"1119","11/5/09",40
"1120","11/6/09",31
"1121","11/7/09",65
"1122","11/8/09",37
"1123","11/9/09",48
"1124","11/10/09",19
"1125","11/11/09",40
"1126","11/12/09",59
"1127","11/13/09",41
"1128","11/14/09",51
"1129","11/15/09",0
"1130","11/16/09",29
"1131","11/17/09",29
"1132","11/18/09",29
"1133","11/19/09",70
"1134","11/20/09",31
"1135","11/21/09",51
"1136","11/22/09",25
"1137","11/23/09",57
"1138","11/24/09",38
"1139","11/25/09",50
"1140","11/26/09",22
"1141","11/27/09",45
"1142","11/28/09",78
"1143","11/29/09",100
"1144","11/30/09",77
"1145","12/1/09",38
"1146","12/2/09",29
"1147","12/3/09",20
"1148","12/4/09",51
"1149","12/5/09",38
"1150","12/6/09",50
"1151","12/7/09",48
"1152","12/8/09",39
"1153","12/9/09",19
"1154","12/10/09",69
"1155","12/11/09",41
"1156","12/12/09",64
"1157","12/13/09",50
"1158","12/14/09",48
"1159","12/15/09",97
"1160","12/16/09",30
"1161","12/17/09",40
"1162","12/18/09",22
"1163","12/19/09",40
"1164","12/20/09",26
"1165","12/21/09",41
"1166","12/22/09",42
"1167","12/23/09",22
"1168","12/24/09",53
"1169","12/25/09",63
"1170","12/26/09",56
"1171","12/27/09",27
"1172","12/28/09",44
"1173","12/29/09",54
"1174","12/30/09",67
"1175","12/31/09",53
"1176","1/2/10",29
"1177","1/3/10",56
"1178","1/4/10",85
"1179","1/5/10",63
"1180","1/6/10",65
"1181","1/7/10",0
"1182","1/8/10",22
"1183","1/9/10",53
"1184","1/10/10",0
"1185","1/11/10",21
"1186","1/12/10",20
"1187","1/13/10",61
"1188","1/14/10",42
"1189","1/15/10",0
"1190","1/16/10",27
"1191","1/17/10",26
"1192","1/18/10",20
"1193","1/19/10",0
"1194","1/20/10",60
"1195","1/21/10",20
"1196","1/22/10",64
"1197","1/23/10",26
"1198","1/24/10",0
"1199","1/25/10",59
"1200","1/26/10",0
"1201","1/27/10",40
"1202","1/28/10",20
"1203","1/29/10",21
"1204","1/30/10",0
"1205","1/31/10",51
"1206","2/1/10",40
"1207","2/2/10",20
"1208","2/3/10",100
"1209","2/4/10",40
"1210","2/5/10",21
"1211","2/6/10",0
"1212","2/7/10",25
"1213","2/8/10",60
"1214","2/9/10",0
"1215","2/10/10",39
"1216","2/11/10",21
"1217","2/12/10",43
"1218","2/13/10",27
"1219","2/14/10",27
"1220","2/15/10",21
"1221","2/16/10",0
"1222","2/17/10",20
"1223","2/18/10",20
"1224","2/19/10",22
"1225","2/20/10",26
"1226","2/21/10",25
"1227","2/22/10",19
"1228","2/23/10",19
"1229","2/24/10",40
"1230","2/25/10",20
"1231","2/26/10",0
"1232","2/27/10",26
"1233","2/28/10",25
"1234","3/1/10",20
"1235","3/2/10",20
"1236","3/3/10",79
"1237","3/4/10",61
"1238","3/5/10",0
"1239","3/6/10",0
"1240","3/7/10",0
"1241","3/8/10",39
"1242","3/9/10",59
"1243","3/10/10",78
"1244","3/11/10",0
"1245","3/12/10",21
"1246","3/13/10",25
"1247","3/14/10",25
"1248","3/15/10",39
"1249","3/16/10",20
"1250","3/17/10",20
"1251","3/18/10",61
"1252","3/19/10",21
"1253","3/20/10",26
"1254","3/21/10",25
"1255","3/22/10",20
"1256","3/23/10",20
"1257","3/24/10",0
"1258","3/25/10",0
"1259","3/26/10",0
"1260","3/27/10",26
"1261","3/28/10",0
"1262","3/29/10",0
"1263","3/30/10",60
"1264","3/31/10",21
"1265","4/2/10",34
"1266","4/3/10",0
"1267","4/4/10",26
"1268","4/5/10",20
"1269","4/6/10",45
"1270","4/7/10",54
"1271","4/8/10",28
"1272","4/9/10",29
"1273","4/10/10",47
"1274","4/11/10",46
"1275","4/12/10",53
"1276","4/13/10",18
"1277","4/14/10",0
"1278","4/15/10",36
"1279","4/16/10",38
"1280","4/17/10",48
"1281","4/18/10",23
"1282","4/19/10",52
"1283","4/20/10",61
"1284","4/21/10",35
"1285","4/22/10",54
"1286","4/23/10",77
"1287","4/24/10",24
"1288","4/25/10",46
"1289","4/26/10",34
"1290","4/27/10",26
"1291","4/28/10",64
"1292","4/29/10",57
"1293","4/30/10",59
"1294","5/1/10",25
"1295","5/2/10",24
"1296","5/3/10",28
"1297","5/4/10",36
"1298","5/5/10",36
"1299","5/6/10",45
"1300","5/7/10",38
"1301","5/8/10",73
"1302","5/9/10",0
"1303","5/10/10",45
"1304","5/11/10",36
"1305","5/12/10",54
"1306","5/13/10",47
"1307","5/14/10",59
"1308","5/15/10",37
"1309","5/16/10",24
"1310","5/17/10",35
"1311","5/18/10",63
"1312","5/19/10",54
"1313","5/20/10",37
"1314","5/21/10",79
"1315","5/22/10",25
"1316","5/23/10",38
"1317","5/24/10",38
"1318","5/25/10",54
"1319","5/26/10",36
"1320","5/27/10",65
"1321","5/28/10",39
"1322","5/29/10",25
"1323","5/30/10",48
"1324","5/31/10",48
"1325","6/1/10",36
"1326","6/2/10",28
"1327","6/3/10",48
"1328","6/4/10",40
"1329","6/5/10",51
"1330","6/6/10",24
"1331","6/7/10",36
"1332","6/8/10",26
"1333","6/9/10",27
"1334","6/10/10",19
"1335","6/11/10",39
"1336","6/12/10",50
"1337","6/13/10",73
"1338","6/14/10",28
"1339","6/15/10",100
"1340","6/16/10",28
"1341","6/17/10",47
"1342","6/18/10",20
"1343","6/19/10",50
"1344","6/20/10",25
"1345","6/21/10",46
"1346","6/22/10",44
"1347","6/23/10",27
"1348","6/24/10",46
"1349","6/25/10",40
"1350","6/26/10",25
"1351","6/27/10",0
"1352","6/28/10",36
"1353","6/29/10",36
"1354","6/30/10",0
"1355","7/2/10",35
"1356","7/3/10",100
"1357","7/4/10",0
"1358","7/5/10",11
"1359","7/6/10",21
"1360","7/7/10",10
"1361","7/8/10",21
"1362","7/9/10",11
"1363","7/10/10",28
"1364","7/11/10",42
"1365","7/12/10",21
"1366","7/13/10",10
"1367","7/14/10",21
"1368","7/15/10",0
"1369","7/16/10",11
"1370","7/17/10",14
"1371","7/18/10",28
"1372","7/19/10",41
"1373","7/20/10",10
"1374","7/21/10",10
"1375","7/22/10",53
"1376","7/23/10",11
"1377","7/24/10",27
"1378","7/25/10",14
"1379","7/26/10",10
"1380","7/27/10",10
"1381","7/28/10",21
"1382","7/29/10",31
"1383","7/30/10",11
"1384","7/31/10",28
"1385","8/1/10",41
"1386","8/2/10",51
"1387","8/3/10",31
"1388","8/4/10",21
"1389","8/5/10",0
"1390","8/6/10",0
"1391","8/7/10",0
"1392","8/8/10",27
"1393","8/9/10",20
"1394","8/10/10",31
"1395","8/11/10",10
"1396","8/12/10",11
"1397","8/13/10",0
"1398","8/14/10",13
"1399","8/15/10",13
"1400","8/16/10",0
"1401","8/17/10",30
"1402","8/18/10",0
"1403","8/19/10",0
"1404","8/20/10",11
"1405","8/21/10",27
"1406","8/22/10",0
"1407","8/23/10",19
"1408","8/24/10",49
"1409","8/25/10",20
"1410","8/26/10",30
"1411","8/27/10",0
"1412","8/28/10",52
"1413","8/29/10",76
"1414","8/30/10",0
"1415","8/31/10",0
"1416","9/1/10",0
"1417","9/2/10",20
"1418","9/3/10",0
"1419","9/4/10",26
"1420","9/5/10",13
"1421","9/6/10",10
"1422","9/7/10",29
"1423","9/8/10",19
"1424","9/9/10",30
"1425","9/10/10",21
"1426","9/11/10",0
"1427","9/12/10",0
"1428","9/13/10",47
"1429","9/14/10",0
"1430","9/15/10",29
"1431","9/16/10",0
"1432","9/17/10",0
"1433","9/18/10",0
"1434","9/19/10",0
"1435","9/20/10",19
"1436","9/21/10",19
"1437","9/22/10",9
"1438","9/23/10",38
"1439","9/24/10",30
"1440","9/25/10",0
"1441","9/26/10",23
"1442","9/27/10",18
"1443","9/28/10",45
"1444","9/29/10",9
"1445","9/30/10",0
"1446","10/2/10",20
"1447","10/3/10",19
"1448","10/4/10",15
"1449","10/5/10",31
"1450","10/6/10",27
"1451","10/7/10",17
"1452","10/8/10",21
"1453","10/9/10",30
"1454","10/10/10",20
"1455","10/11/10",16
"1456","10/12/10",8
"1457","10/13/10",19
"1458","10/14/10",23
"1459","10/15/10",8
"1460","10/16/10",29
"1461","10/17/10",29
"1462","10/18/10",11
"1463","10/19/10",30
"1464","10/20/10",30
"1465","10/21/10",8
"1466","10/22/10",24
"1467","10/23/10",29
"1468","10/24/10",23
"1469","10/25/10",19
"1470","10/26/10",19
"1471","10/27/10",27
"1472","10/28/10",15
"1473","10/29/10",37
"1474","10/30/10",29
"1475","10/31/10",25
"1476","11/1/10",31
"1477","11/2/10",15
"1478","11/3/10",18
"1479","11/4/10",26
"1480","11/5/10",12
"1481","11/6/10",14
"1482","11/7/10",28
"1483","11/8/10",11
"1484","11/9/10",11
"1485","11/10/10",11
"1486","11/11/10",19
"1487","11/12/10",24
"1488","11/13/10",19
"1489","11/14/10",32
"1490","11/15/10",30
"1491","11/16/10",15
"1492","11/17/10",8
"1493","11/18/10",15
"1494","11/19/10",24
"1495","11/20/10",47
"1496","11/21/10",23
"1497","11/22/10",40
"1498","11/23/10",37
"1499","11/24/10",30
"1500","11/25/10",32
"1501","11/26/10",12
"1502","11/27/10",38
"1503","11/28/10",46
"1504","11/29/10",28
"1505","11/30/10",43
"1506","12/1/10",18
"1507","12/2/10",11
"1508","12/3/10",19
"1509","12/4/10",42
"1510","12/5/10",50
"1511","12/6/10",40
"1512","12/7/10",41
"1513","12/8/10",30
"1514","12/9/10",26
"1515","12/10/10",32
"1516","12/11/10",14
"1517","12/12/10",18
"1518","12/13/10",36
"1519","12/14/10",29
"1520","12/15/10",30
"1521","12/16/10",31
"1522","12/17/10",20
"1523","12/18/10",24
"1524","12/19/10",24
"1525","12/20/10",27
"1526","12/21/10",12
"1527","12/22/10",24
"1528","12/23/10",13
"1529","12/24/10",35
"1530","12/25/10",100
"1531","12/26/10",78
"1532","12/27/10",29
"1533","12/28/10",21
"1534","12/29/10",41
"1535","12/30/10",34
"1536","12/31/10",25
"1537","1/2/11",100
"1538","1/3/11",100
"1539","1/4/11",62
"1540","1/5/11",42
"1541","1/6/11",36
"1542","1/7/11",43
"1543","1/8/11",68
"1544","1/9/11",67
"1545","1/10/11",40
"1546","1/11/11",40
"1547","1/12/11",81
"1548","1/13/11",61
"1549","1/14/11",35
"1550","1/15/11",58
"1551","1/16/11",99
"1552","1/17/11",40
"1553","1/18/11",20
"1554","1/19/11",93
"1555","1/20/11",67
"1556","1/21/11",55
"1557","1/22/11",41
"1558","1/23/11",33
"1559","1/24/11",65
"1560","1/25/11",26
"1561","1/26/11",98
"1562","1/27/11",60
"1563","1/28/11",42
"1564","1/29/11",32
"1565","1/30/11",47
"1566","1/31/11",81
"1567","2/1/11",19
"1568","2/2/11",63
"1569","2/3/11",26
"1570","2/4/11",13
"1571","2/5/11",72
"1572","2/6/11",39
"1573","2/7/11",51
"1574","2/8/11",45
"1575","2/9/11",13
"1576","2/10/11",33
"1577","2/11/11",35
"1578","2/12/11",32
"1579","2/13/11",56
"1580","2/14/11",33
"1581","2/15/11",19
"1582","2/16/11",51
"1583","2/17/11",13
"1584","2/18/11",34
"1585","2/19/11",64
"1586","2/20/11",40
"1587","2/21/11",58
"1588","2/22/11",45
"1589","2/23/11",26
"1590","2/24/11",26
"1591","2/25/11",40
"1592","2/26/11",79
"1593","2/27/11",55
"1594","2/28/11",82
"1595","3/1/11",83
"1596","3/2/11",58
"1597","3/3/11",39
"1598","3/4/11",48
"1599","3/5/11",65
"1600","3/6/11",97
"1601","3/7/11",52
"1602","3/8/11",53
"1603","3/9/11",19
"1604","3/10/11",26
"1605","3/11/11",26
"1606","3/12/11",57
"1607","3/13/11",79
"1608","3/14/11",47
"1609","3/15/11",58
"1610","3/16/11",19
"1611","3/17/11",39
"1612","3/18/11",34
"1613","3/19/11",24
"1614","3/20/11",24
"1615","3/21/11",32
"1616","3/22/11",19
"1617","3/23/11",32
"1618","3/24/11",26
"1619","3/25/11",41
"1620","3/26/11",40
"1621","3/27/11",16
"1622","3/28/11",31
"1623","3/29/11",69
"1624","3/30/11",38
"1625","3/31/11",32
"1626","4/2/11",13
"1627","4/3/11",50
"1628","4/4/11",10
"1629","4/5/11",30
"1630","4/6/11",20
"1631","4/7/11",52
"1632","4/8/11",87
"1633","4/9/11",39
"1634","4/10/11",26
"1635","4/11/11",20
"1636","4/12/11",40
"1637","4/13/11",20
"1638","4/14/11",31
"1639","4/15/11",11
"1640","4/16/11",13
"1641","4/17/11",52
"1642","4/18/11",41
"1643","4/19/11",42
"1644","4/20/11",0
"1645","4/21/11",45
"1646","4/22/11",62
"1647","4/23/11",41
"1648","4/24/11",70
"1649","4/25/11",22
"1650","4/26/11",20
"1651","4/27/11",50
"1652","4/28/11",51
"1653","4/29/11",43
"1654","4/30/11",26
"1655","5/1/11",13
"1656","5/2/11",20
"1657","5/3/11",40
"1658","5/4/11",60
"1659","5/5/11",61
"1660","5/6/11",22
"1661","5/7/11",77
"1662","5/8/11",39
"1663","5/9/11",50
"1664","5/10/11",100
"1665","5/11/11",40
"1666","5/12/11",41
"1667","5/13/11",53
"1668","5/14/11",63
"1669","5/15/11",37
"1670","5/16/11",49
"1671","5/17/11",50
"1672","5/18/11",20
"1673","5/19/11",30
"1674","5/20/11",42
"1675","5/21/11",13
"1676","5/22/11",12
"1677","5/23/11",39
"1678","5/24/11",10
"1679","5/25/11",40
"1680","5/26/11",30
"1681","5/27/11",53
"1682","5/28/11",52
"1683","5/29/11",13
"1684","5/30/11",43
"1685","5/31/11",20
"1686","6/1/11",40
"1687","6/2/11",32
"1688","6/3/11",22
"1689","6/4/11",13
"1690","6/5/11",13
"1691","6/6/11",79
"1692","6/7/11",29
"1693","6/8/11",40
"1694","6/9/11",20
"1695","6/10/11",11
"1696","6/11/11",51
"1697","6/12/11",39
"1698","6/13/11",40
"1699","6/14/11",39
"1700","6/15/11",20
"1701","6/16/11",29
"1702","6/17/11",21
"1703","6/18/11",38
"1704","6/19/11",13
"1705","6/20/11",39
"1706","6/21/11",20
"1707","6/22/11",20
"1708","6/23/11",83
"1709","6/24/11",43
"1710","6/25/11",64
"1711","6/26/11",53
"1712","6/27/11",10
"1713","6/28/11",20
"1714","6/29/11",10
"1715","6/30/11",20
"1716","7/2/11",58
"1717","7/3/11",43
"1718","7/4/11",47
"1719","7/5/11",34
"1720","7/6/11",22
"1721","7/7/11",69
"1722","7/8/11",0
"1723","7/9/11",15
"1724","7/10/11",44
"1725","7/11/11",67
"1726","7/12/11",34
"1727","7/13/11",45
"1728","7/14/11",69
"1729","7/15/11",36
"1730","7/16/11",29
"1731","7/17/11",58
"1732","7/18/11",11
"1733","7/19/11",45
"1734","7/20/11",11
"1735","7/21/11",11
"1736","7/22/11",71
"1737","7/23/11",42
"1738","7/24/11",57
"1739","7/25/11",22
"1740","7/26/11",45
"1741","7/27/11",44
"1742","7/28/11",34
"1743","7/29/11",60
"1744","7/30/11",43
"1745","7/31/11",14
"1746","8/1/11",23
"1747","8/2/11",11
"1748","8/3/11",56
"1749","8/4/11",77
"1750","8/5/11",36
"1751","8/6/11",28
"1752","8/7/11",28
"1753","8/8/11",11
"1754","8/9/11",65
"1755","8/10/11",55
"1756","8/11/11",11
"1757","8/12/11",36
"1758","8/13/11",56
"1759","8/14/11",56
"1760","8/15/11",23
"1761","8/16/11",78
"1762","8/17/11",11
"1763","8/18/11",11
"1764","8/19/11",46
"1765","8/20/11",14
"1766","8/21/11",55
"1767","8/22/11",21
"1768","8/23/11",53
"1769","8/24/11",32
"1770","8/25/11",43
"1771","8/26/11",11
"1772","8/27/11",27
"1773","8/28/11",40
"1774","8/29/11",11
"1775","8/30/11",21
"1776","8/31/11",43
"1777","9/1/11",32
"1778","9/2/11",79
"1779","9/3/11",53
"1780","9/4/11",26
"1781","9/5/11",42
"1782","9/6/11",21
"1783","9/7/11",52
"1784","9/8/11",52
"1785","9/9/11",76
"1786","9/10/11",64
"1787","9/11/11",25
"1788","9/12/11",62
"1789","9/13/11",92
"1790","9/14/11",20
"1791","9/15/11",62
"1792","9/16/11",55
"1793","9/17/11",64
"1794","9/18/11",100
"1795","9/19/11",30
"1796","9/20/11",30
"1797","9/21/11",50
"1798","9/22/11",51
"1799","9/23/11",33
"1800","9/24/11",51
"1801","9/25/11",37
"1802","9/26/11",50
"1803","9/27/11",81
"1804","9/28/11",41
"1805","9/29/11",62
"1806","9/30/11",43
"1807","10/2/11",6
"1808","10/3/11",6
"1809","10/4/11",6
"1810","10/5/11",10
"1811","10/6/11",11
"1812","10/7/11",8
"1813","10/8/11",6
"1814","10/9/11",7
"1815","10/10/11",12
"1816","10/11/11",4
"1817","10/12/11",9
"1818","10/13/11",6
"1819","10/14/11",5
"1820","10/15/11",4
"1821","10/16/11",18
"1822","10/17/11",9
"1823","10/18/11",6
"1824","10/19/11",7
"1825","10/20/11",6
"1826","10/21/11",12
"1827","10/22/11",11
"1828","10/23/11",7
"1829","10/24/11",4
"1830","10/25/11",4
"1831","10/26/11",4
"1832","10/27/11",6
"1833","10/28/11",2
"1834","10/29/11",7
"1835","10/30/11",2
"1836","10/31/11",8
"1837","11/1/11",3
"1838","11/2/11",10
"1839","11/3/11",4
"1840","11/4/11",6
"1841","11/5/11",7
"1842","11/6/11",3
"1843","11/7/11",4
"1844","11/8/11",13
"1845","11/9/11",1
"1846","11/10/11",7
"1847","11/11/11",8
"1848","11/12/11",4
"1849","11/13/11",5
"1850","11/14/11",9
"1851","11/15/11",6
"1852","11/16/11",6
"1853","11/17/11",6
"1854","11/18/11",11
"1855","11/19/11",7
"1856","11/20/11",10
"1857","11/21/11",11
"1858","11/22/11",13
"1859","11/23/11",6
"1860","11/24/11",11
"1861","11/25/11",17
"1862","11/26/11",11
"1863","11/27/11",10
"1864","11/28/11",7
"1865","11/29/11",4
"1866","11/30/11",4
"1867","12/1/11",12
"1868","12/2/11",8
"1869","12/3/11",12
"1870","12/4/11",7
"1871","12/5/11",13
"1872","12/6/11",7
"1873","12/7/11",14
"1874","12/8/11",9
"1875","12/9/11",11
"1876","12/10/11",2
"1877","12/11/11",7
"1878","12/12/11",13
"1879","12/13/11",11
"1880","12/14/11",11
"1881","12/15/11",6
"1882","12/16/11",8
"1883","12/17/11",12
"1884","12/18/11",14
"1885","12/19/11",10
"1886","12/20/11",14
"1887","12/21/11",9
"1888","12/22/11",11
"1889","12/23/11",13
"1890","12/24/11",18
"1891","12/25/11",100
"1892","12/26/11",47
"1893","12/27/11",18
"1894","12/28/11",29
"1895","12/29/11",9
"1896","12/30/11",16
"1897","12/31/11",15
"1898","1/2/12",39
"1899","1/3/12",24
"1900","1/4/12",30
"1901","1/5/12",48
"1902","1/6/12",31
"1903","1/7/12",36
"1904","1/8/12",82
"1905","1/9/12",52
"1906","1/10/12",35
"1907","1/11/12",29
"1908","1/12/12",30
"1909","1/13/12",30
"1910","1/14/12",29
"1911","1/15/12",14
"1912","1/16/12",29
"1913","1/17/12",29
"1914","1/18/12",51
"1915","1/19/12",40
"1916","1/20/12",12
"1917","1/21/12",42
"1918","1/22/12",27
"1919","1/23/12",29
"1920","1/24/12",40
"1921","1/25/12",34
"1922","1/26/12",23
"1923","1/27/12",18
"1924","1/28/12",21
"1925","1/29/12",41
"1926","1/30/12",39
"1927","1/31/12",45
"1928","2/1/12",39
"1929","2/2/12",23
"1930","2/3/12",24
"1931","2/4/12",48
"1932","2/5/12",20
"1933","2/6/12",40
"1934","2/7/12",34
"1935","2/8/12",51
"1936","2/9/12",11
"1937","2/10/12",41
"1938","2/11/12",27
"1939","2/12/12",32
"1940","2/13/12",55
"1941","2/14/12",23
"1942","2/15/12",34
"1943","2/16/12",28
"1944","2/17/12",30
"1945","2/18/12",55
"1946","2/19/12",48
"1947","2/20/12",41
"1948","2/21/12",23
"1949","2/22/12",23
"1950","2/23/12",34
"1951","2/24/12",23
"1952","2/25/12",34
"1953","2/26/12",33
"1954","2/27/12",17
"1955","2/28/12",39
"1956","2/29/12",22
"1957","3/1/12",18
"1958","3/2/12",25
"1959","3/3/12",35
"1960","3/4/12",48
"1961","3/5/12",35
"1962","3/6/12",39
"1963","3/7/12",6
"1964","3/8/12",34
"1965","3/9/12",58
"1966","3/10/12",47
"1967","3/11/12",27
"1968","3/12/12",28
"1969","3/13/12",28
"1970","3/14/12",44
"1971","3/15/12",23
"1972","3/16/12",24
"1973","3/17/12",35
"1974","3/18/12",34
"1975","3/19/12",45
"1976","3/20/12",22
"1977","3/21/12",28
"1978","3/22/12",34
"1979","3/23/12",54
"1980","3/24/12",21
"1981","3/25/12",34
"1982","3/26/12",34
"1983","3/27/12",28
"1984","3/28/12",46
"1985","3/29/12",17
"1986","3/30/12",42
"1987","3/31/12",41
"1988","4/2/12",44
"1989","4/3/12",52
"1990","4/4/12",85
"1991","4/5/12",69
"1992","4/6/12",77
"1993","4/7/12",78
"1994","4/8/12",61
"1995","4/9/12",41
"1996","4/10/12",45
"1997","4/11/12",60
"1998","4/12/12",66
"1999","4/13/12",73
"2000","4/14/12",73
"2001","4/15/12",42
"2002","4/16/12",43
"2003","4/17/12",47
"2004","4/18/12",43
"2005","4/19/12",100
"2006","4/20/12",36
"2007","4/21/12",57
"2008","4/22/12",72
"2009","4/23/12",56
"2010","4/24/12",34
"2011","4/25/12",35
"2012","4/26/12",39
"2013","4/27/12",28
"2014","4/28/12",58
"2015","4/29/12",80
"2016","4/30/12",55
"2017","5/1/12",85
"2018","5/2/12",73
"2019","5/3/12",30
"2020","5/4/12",49
"2021","5/5/12",63
"2022","5/6/12",41
"2023","5/7/12",30
"2024","5/8/12",47
"2025","5/9/12",73
"2026","5/10/12",65
"2027","5/11/12",50
"2028","5/12/12",48
"2029","5/13/12",53
"2030","5/14/12",73
"2031","5/15/12",46
"2032","5/16/12",52
"2033","5/17/12",58
"2034","5/18/12",55
"2035","5/19/12",65
"2036","5/20/12",52
"2037","5/21/12",46
"2038","5/22/12",50
"2039","5/23/12",52
"2040","5/24/12",57
"2041","5/25/12",78
"2042","5/26/12",54
"2043","5/27/12",61
"2044","5/28/12",81
"2045","5/29/12",50
"2046","5/30/12",51
"2047","5/31/12",38
"2048","6/1/12",58
"2049","6/2/12",70
"2050","6/3/12",36
"2051","6/4/12",63
"2052","6/5/12",67
"2053","6/6/12",47
"2054","6/7/12",35
"2055","6/8/12",49
"2056","6/9/12",58
"2057","6/10/12",31
"2058","6/11/12",63
"2059","6/12/12",54
"2060","6/13/12",25
"2061","6/14/12",30
"2062","6/15/12",68
"2063","6/16/12",80
"2064","6/17/12",63
"2065","6/18/12",46
"2066","6/19/12",72
"2067","6/20/12",68
"2068","6/21/12",52
"2069","6/22/12",41
"2070","6/23/12",65
"2071","6/24/12",53
"2072","6/25/12",59
"2073","6/26/12",21
"2074","6/27/12",51
"2075","6/28/12",31
"2076","6/29/12",59
"2077","6/30/12",60
"2078","7/2/12",60
"2079","7/3/12",50
"2080","7/4/12",28
"2081","7/5/12",59
"2082","7/6/12",53
"2083","7/7/12",46
"2084","7/8/12",54
"2085","7/9/12",43
"2086","7/10/12",43
"2087","7/11/12",61
"2088","7/12/12",30
"2089","7/13/12",46
"2090","7/14/12",33
"2091","7/15/12",54
"2092","7/16/12",46
"2093","7/17/12",23
"2094","7/18/12",34
"2095","7/19/12",44
"2096","7/20/12",28
"2097","7/21/12",64
"2098","7/22/12",34
"2099","7/23/12",37
"2100","7/24/12",44
"2101","7/25/12",61
"2102","7/26/12",24
"2103","7/27/12",43
"2104","7/28/12",29
"2105","7/29/12",79
"2106","7/30/12",37
"2107","7/31/12",53
"2108","8/1/12",38
"2109","8/2/12",65
"2110","8/3/12",43
"2111","8/4/12",46
"2112","8/5/12",55
"2113","8/6/12",51
"2114","8/7/12",54
"2115","8/8/12",44
"2116","8/9/12",72
"2117","8/10/12",47
"2118","8/11/12",37
"2119","8/12/12",50
"2120","8/13/12",47
"2121","8/14/12",30
"2122","8/15/12",46
"2123","8/16/12",38
"2124","8/17/12",36
"2125","8/18/12",30
"2126","8/19/12",52
"2127","8/20/12",31
"2128","8/21/12",10
"2129","8/22/12",50
"2130","8/23/12",44
"2131","8/24/12",39
"2132","8/25/12",53
"2133","8/26/12",36
"2134","8/27/12",52
"2135","8/28/12",42
"2136","8/29/12",36
"2137","8/30/12",33
"2138","8/31/12",59
"2139","9/1/12",41
"2140","9/2/12",100
"2141","9/3/12",57
"2142","9/4/12",35
"2143","9/5/12",49
"2144","9/6/12",62
"2145","9/7/12",49
"2146","9/8/12",48
"2147","9/9/12",71
"2148","9/10/12",35
"2149","9/11/12",51
"2150","9/12/12",67
"2151","9/13/12",67
"2152","9/14/12",47
"2153","9/15/12",47
"2154","9/16/12",74
"2155","9/17/12",48
"2156","9/18/12",63
"2157","9/19/12",39
"2158","9/20/12",33
"2159","9/21/12",51
"2160","9/22/12",47
"2161","9/23/12",57
"2162","9/24/12",41
"2163","9/25/12",41
"2164","9/26/12",51
"2165","9/27/12",61
"2166","9/28/12",44
"2167","9/29/12",43
"2168","9/30/12",73
"2169","10/2/12",23
"2170","10/3/12",19
"2171","10/4/12",16
"2172","10/5/12",16
"2173","10/6/12",18
"2174","10/7/12",11
"2175","10/8/12",15
"2176","10/9/12",12
"2177","10/10/12",17
"2178","10/11/12",13
"2179","10/12/12",16
"2180","10/13/12",13
"2181","10/14/12",16
"2182","10/15/12",21
"2183","10/16/12",20
"2184","10/17/12",11
"2185","10/18/12",15
"2186","10/19/12",13
"2187","10/20/12",9
"2188","10/21/12",11
"2189","10/22/12",18
"2190","10/23/12",11
"2191","10/24/12",14
"2192","10/25/12",13
"2193","10/26/12",17
"2194","10/27/12",11
"2195","10/28/12",20
"2196","10/29/12",16
"2197","10/30/12",17
"2198","10/31/12",13
"2199","11/1/12",16
"2200","11/2/12",15
"2201","11/3/12",26
"2202","11/4/12",14
"2203","11/5/12",22
"2204","11/6/12",16
"2205","11/7/12",15
"2206","11/8/12",15
"2207","11/9/12",19
"2208","11/10/12",14
"2209","11/11/12",14
"2210","11/12/12",11
"2211","11/13/12",8
"2212","11/14/12",22
"2213","11/15/12",16
"2214","11/16/12",13
"2215","11/17/12",15
"2216","11/18/12",21
"2217","11/19/12",18
"2218","11/20/12",18
"2219","11/21/12",15
"2220","11/22/12",19
"2221","11/23/12",26
"2222","11/24/12",27
"2223","11/25/12",24
"2224","11/26/12",25
"2225","11/27/12",24
"2226","11/28/12",16
"2227","11/29/12",15
"2228","11/30/12",21
"2229","12/1/12",18
"2230","12/2/12",16
"2231","12/3/12",13
"2232","12/4/12",19
"2233","12/5/12",22
"2234","12/6/12",19
"2235","12/7/12",17
"2236","12/8/12",16
"2237","12/9/12",33
"2238","12/10/12",21
"2239","12/11/12",27
"2240","12/12/12",18
"2241","12/13/12",15
"2242","12/14/12",15
"2243","12/15/12",24
"2244","12/16/12",31
"2245","12/17/12",24
"2246","12/18/12",16
"2247","12/19/12",14
"2248","12/20/12",20
"2249","12/21/12",34
"2250","12/22/12",30
"2251","12/23/12",21
"2252","12/24/12",24
"2253","12/25/12",100
"2254","12/26/12",64
"2255","12/27/12",42
"2256","12/28/12",32
"2257","12/29/12",25
"2258","12/30/12",25
"2259","12/31/12",37
"2260","1/2/13",77
"2261","1/3/13",64
"2262","1/4/13",93
"2263","1/5/13",74
"2264","1/6/13",100
"2265","1/7/13",59
"2266","1/8/13",52
"2267","1/9/13",52
"2268","1/10/13",73
"2269","1/11/13",78
"2270","1/12/13",54
"2271","1/13/13",74
"2272","1/14/13",40
"2273","1/15/13",34
"2274","1/16/13",26
"2275","1/17/13",72
"2276","1/18/13",87
"2277","1/19/13",71
"2278","1/20/13",73
"2279","1/21/13",56
"2280","1/22/13",54
"2281","1/23/13",37
"2282","1/24/13",51
"2283","1/25/13",48
"2284","1/26/13",51
"2285","1/27/13",67
"2286","1/28/13",62
"2287","1/29/13",39
"2288","1/30/13",51
"2289","1/31/13",66
"2290","2/1/13",60
"2291","2/2/13",88
"2292","2/3/13",80
"2293","2/4/13",37
"2294","2/5/13",62
"2295","2/6/13",43
"2296","2/7/13",52
"2297","2/8/13",33
"2298","2/9/13",55
"2299","2/10/13",44
"2300","2/11/13",49
"2301","2/12/13",38
"2302","2/13/13",57
"2303","2/14/13",41
"2304","2/15/13",36
"2305","2/16/13",54
"2306","2/17/13",60
"2307","2/18/13",68
"2308","2/19/13",50
"2309","2/20/13",25
"2310","2/21/13",42
"2311","2/22/13",53
"2312","2/23/13",56
"2313","2/24/13",52
"2314","2/25/13",47
"2315","2/26/13",39
"2316","2/27/13",42
"2317","2/28/13",42
"2318","3/1/13",56
"2319","3/2/13",70
"2320","3/3/13",46
"2321","3/4/13",61
"2322","3/5/13",50
"2323","3/6/13",62
"2324","3/7/13",59
"2325","3/8/13",41
"2326","3/9/13",56
"2327","3/10/13",65
"2328","3/11/13",22
"2329","3/12/13",19
"2330","3/13/13",43
"2331","3/14/13",47
"2332","3/15/13",49
"2333","3/16/13",45
"2334","3/17/13",64
"2335","3/18/13",41
"2336","3/19/13",50
"2337","3/20/13",41
"2338","3/21/13",28
"2339","3/22/13",44
"2340","3/23/13",33
"2341","3/24/13",36
"2342","3/25/13",27
"2343","3/26/13",53
"2344","3/27/13",42
"2345","3/28/13",41
"2346","3/29/13",47
"2347","3/30/13",51
"2348","3/31/13",45
"2349","4/2/13",59
"2350","4/3/13",49
"2351","4/4/13",54
"2352","4/5/13",69
"2353","4/6/13",54
"2354","4/7/13",66
"2355","4/8/13",49
"2356","4/9/13",42
"2357","4/10/13",74
"2358","4/11/13",32
"2359","4/12/13",41
"2360","4/13/13",55
"2361","4/14/13",68
"2362","4/15/13",60
"2363","4/16/13",56
"2364","4/17/13",42
"2365","4/18/13",54
"2366","4/19/13",48
"2367","4/20/13",51
"2368","4/21/13",72
"2369","4/22/13",38
"2370","4/23/13",53
"2371","4/24/13",60
"2372","4/25/13",55
"2373","4/26/13",37
"2374","4/27/13",51
"2375","4/28/13",38
"2376","4/29/13",59
"2377","4/30/13",43
"2378","5/1/13",57
"2379","5/2/13",36
"2380","5/3/13",78
"2381","5/4/13",65
"2382","5/5/13",56
"2383","5/6/13",46
"2384","5/7/13",57
"2385","5/8/13",43
"2386","5/9/13",44
"2387","5/10/13",34
"2388","5/11/13",55
"2389","5/12/13",76
"2390","5/13/13",45
"2391","5/14/13",24
"2392","5/15/13",49
"2393","5/16/13",60
"2394","5/17/13",48
"2395","5/18/13",85
"2396","5/19/13",42
"2397","5/20/13",77
"2398","5/21/13",65
"2399","5/22/13",45
"2400","5/23/13",35
"2401","5/24/13",41
"2402","5/25/13",34
"2403","5/26/13",59
"2404","5/27/13",65
"2405","5/28/13",65
"2406","5/29/13",69
"2407","5/30/13",28
"2408","5/31/13",22
"2409","6/1/13",25
"2410","6/2/13",67
"2411","6/3/13",69
"2412","6/4/13",52
"2413","6/5/13",32
"2414","6/6/13",93
"2415","6/7/13",55
"2416","6/8/13",51
"2417","6/9/13",59
"2418","6/10/13",27
"2419","6/11/13",45
"2420","6/12/13",38
"2421","6/13/13",42
"2422","6/14/13",63
"2423","6/15/13",77
"2424","6/16/13",85
"2425","6/17/13",76
"2426","6/18/13",42
"2427","6/19/13",66
"2428","6/20/13",47
"2429","6/21/13",41
"2430","6/22/13",82
"2431","6/23/13",68
"2432","6/24/13",56
"2433","6/25/13",35
"2434","6/26/13",56
"2435","6/27/13",57
"2436","6/28/13",63
"2437","6/29/13",91
"2438","6/30/13",100
"2439","7/2/13",62
"2440","7/3/13",38
"2441","7/4/13",33
"2442","7/5/13",27
"2443","7/6/13",31
"2444","7/7/13",77
"2445","7/8/13",37
"2446","7/9/13",83
"2447","7/10/13",50
"2448","7/11/13",38
"2449","7/12/13",80
"2450","7/13/13",76
"2451","7/14/13",53
"2452","7/15/13",100
"2453","7/16/13",57
"2454","7/17/13",13
"2455","7/18/13",38
"2456","7/19/13",53
"2457","7/20/13",23
"2458","7/21/13",84
"2459","7/22/13",68
"2460","7/23/13",31
"2461","7/24/13",69
"2462","7/25/13",50
"2463","7/26/13",46
"2464","7/27/13",93
"2465","7/28/13",69
"2466","7/29/13",49
"2467","7/30/13",62
"2468","7/31/13",56
"2469","8/1/13",38
"2470","8/2/13",72
"2471","8/3/13",31
"2472","8/4/13",38
"2473","8/5/13",38
"2474","8/6/13",44
"2475","8/7/13",63
"2476","8/8/13",45
"2477","8/9/13",80
"2478","8/10/13",61
"2479","8/11/13",68
"2480","8/12/13",68
"2481","8/13/13",68
"2482","8/14/13",50
"2483","8/15/13",46
"2484","8/16/13",59
"2485","8/17/13",30
"2486","8/18/13",52
"2487","8/19/13",31
"2488","8/20/13",43
"2489","8/21/13",56
"2490","8/22/13",25
"2491","8/23/13",26
"2492","8/24/13",97
"2493","8/25/13",66
"2494","8/26/13",66
"2495","8/27/13",42
"2496","8/28/13",18
"2497","8/29/13",73
"2498","8/30/13",64
"2499","8/31/13",36
"2500","9/1/13",57
"2501","9/2/13",86
"2502","9/3/13",36
"2503","9/4/13",89
"2504","9/5/13",30
"2505","9/6/13",69
"2506","9/7/13",43
"2507","9/8/13",42
"2508","9/9/13",100
"2509","9/10/13",40
"2510","9/11/13",59
"2511","9/12/13",66
"2512","9/13/13",37
"2513","9/14/13",90
"2514","9/15/13",62
"2515","9/16/13",29
"2516","9/17/13",64
"2517","9/18/13",35
"2518","9/19/13",47
"2519","9/20/13",31
"2520","9/21/13",42
"2521","9/22/13",48
"2522","9/23/13",29
"2523","9/24/13",36
"2524","9/25/13",41
"2525","9/26/13",53
"2526","9/27/13",25
"2527","9/28/13",63
"2528","9/29/13",41
"2529","9/30/13",46
"2530","10/2/13",39
"2531","10/3/13",13
"2532","10/4/13",27
"2533","10/5/13",23
"2534","10/6/13",34
"2535","10/7/13",22
"2536","10/8/13",25
"2537","10/9/13",29
"2538","10/10/13",13
"2539","10/11/13",17
"2540","10/12/13",27
"2541","10/13/13",27
"2542","10/14/13",13
"2543","10/15/13",26
"2544","10/16/13",38
"2545","10/17/13",19
"2546","10/18/13",13
"2547","10/19/13",34
"2548","10/20/13",37
"2549","10/21/13",19
"2550","10/22/13",25
"2551","10/23/13",25
"2552","10/24/13",22
"2553","10/25/13",23
"2554","10/26/13",15
"2555","10/27/13",33
"2556","10/28/13",22
"2557","10/29/13",28
"2558","10/30/13",25
"2559","10/31/13",10
"2560","11/1/13",24
"2561","11/2/13",8
"2562","11/3/13",33
"2563","11/4/13",41
"2564","11/5/13",31
"2565","11/6/13",22
"2566","11/7/13",34
"2567","11/8/13",20
"2568","11/9/13",30
"2569","11/10/13",40
"2570","11/11/13",15
"2571","11/12/13",21
"2572","11/13/13",16
"2573","11/14/13",35
"2574","11/15/13",20
"2575","11/16/13",26
"2576","11/17/13",36
"2577","11/18/13",25
"2578","11/19/13",25
"2579","11/20/13",34
"2580","11/21/13",34
"2581","11/22/13",23
"2582","11/23/13",55
"2583","11/24/13",54
"2584","11/25/13",30
"2585","11/26/13",58
"2586","11/27/13",53
"2587","11/28/13",42
"2588","11/29/13",13
"2589","11/30/13",26
"2590","12/1/13",52
"2591","12/2/13",51
"2592","12/3/13",58
"2593","12/4/13",40
"2594","12/5/13",31
"2595","12/6/13",33
"2596","12/7/13",37
"2597","12/8/13",28
"2598","12/9/13",28
"2599","12/10/13",24
"2600","12/11/13",31
"2601","12/12/13",38
"2602","12/13/13",30
"2603","12/14/13",37
"2604","12/15/13",33
"2605","12/16/13",41
"2606","12/17/13",22
"2607","12/18/13",54
"2608","12/19/13",26
"2609","12/20/13",28
"2610","12/21/13",35
"2611","12/22/13",34
"2612","12/23/13",31
"2613","12/24/13",34
"2614","12/25/13",100
"2615","12/26/13",93
"2616","12/27/13",72
"2617","12/28/13",68
"2618","12/29/13",45
"2619","12/30/13",44
"2620","12/31/13",34
"2621","1/2/14",68
"2622","1/3/14",61
"2623","1/4/14",82
"2624","1/5/14",94
"2625","1/6/14",97
"2626","1/7/14",79
"2627","1/8/14",76
"2628","1/9/14",80
"2629","1/10/14",100
"2630","1/11/14",78
"2631","1/12/14",61
"2632","1/13/14",88
"2633","1/14/14",53
"2634","1/15/14",59
"2635","1/16/14",77
"2636","1/17/14",72
"2637","1/18/14",62
"2638","1/19/14",84
"2639","1/20/14",62
"2640","1/21/14",51
"2641","1/22/14",71
"2642","1/23/14",59
"2643","1/24/14",44
"2644","1/25/14",54
"2645","1/26/14",68
"2646","1/27/14",52
"2647","1/28/14",58
"2648","1/29/14",62
"2649","1/30/14",53
"2650","1/31/14",41
"2651","2/1/14",70
"2652","2/2/14",86
"2653","2/3/14",71
"2654","2/4/14",52
"2655","2/5/14",64
"2656","2/6/14",49
"2657","2/7/14",33
"2658","2/8/14",72
"2659","2/9/14",53
"2660","2/10/14",60
"2661","2/11/14",35
"2662","2/12/14",29
"2663","2/13/14",39
"2664","2/14/14",52
"2665","2/15/14",54
"2666","2/16/14",60
"2667","2/17/14",39
"2668","2/18/14",32
"2669","2/19/14",61
"2670","2/20/14",66
"2671","2/21/14",37
"2672","2/22/14",46
"2673","2/23/14",57
"2674","2/24/14",77
"2675","2/25/14",48
"2676","2/26/14",58
"2677","2/27/14",59
"2678","2/28/14",58
"2679","3/1/14",58
"2680","3/2/14",94
"2681","3/3/14",55
"2682","3/4/14",56
"2683","3/5/14",88
"2684","3/6/14",43
"2685","3/7/14",41
"2686","3/8/14",54
"2687","3/9/14",57
"2688","3/10/14",72
"2689","3/11/14",36
"2690","3/12/14",84
"2691","3/13/14",62
"2692","3/14/14",51
"2693","3/15/14",57
"2694","3/16/14",38
"2695","3/17/14",42
"2696","3/18/14",48
"2697","3/19/14",71
"2698","3/20/14",82
"2699","3/21/14",47
"2700","3/22/14",65
"2701","3/23/14",52
"2702","3/24/14",64
"2703","3/25/14",41
"2704","3/26/14",58
"2705","3/27/14",68
"2706","3/28/14",51
"2707","3/29/14",58
"2708","3/30/14",49
"2709","3/31/14",64
"2710","4/2/14",58
"2711","4/3/14",41
"2712","4/4/14",49
"2713","4/5/14",79
"2714","4/6/14",75
"2715","4/7/14",73
"2716","4/8/14",63
"2717","4/9/14",51
"2718","4/10/14",48
"2719","4/11/14",71
"2720","4/12/14",74
"2721","4/13/14",52
"2722","4/14/14",54
"2723","4/15/14",34
"2724","4/16/14",42
"2725","4/17/14",80
"2726","4/18/14",54
"2727","4/19/14",51
"2728","4/20/14",64
"2729","4/21/14",55
"2730","4/22/14",70
"2731","4/23/14",71
"2732","4/24/14",58
"2733","4/25/14",50
"2734","4/26/14",96
"2735","4/27/14",59
"2736","4/28/14",59
"2737","4/29/14",62
"2738","4/30/14",58
"2739","5/1/14",44
"2740","5/2/14",51
"2741","5/3/14",44
"2742","5/4/14",63
"2743","5/5/14",72
"2744","5/6/14",57
"2745","5/7/14",30
"2746","5/8/14",78
"2747","5/9/14",46
"2748","5/10/14",52
"2749","5/11/14",59
"2750","5/12/14",43
"2751","5/13/14",43
"2752","5/14/14",57
"2753","5/15/14",41
"2754","5/16/14",70
"2755","5/17/14",90
"2756","5/18/14",65
"2757","5/19/14",66
"2758","5/20/14",54
"2759","5/21/14",48
"2760","5/22/14",100
"2761","5/23/14",58
"2762","5/24/14",50
"2763","5/25/14",85
"2764","5/26/14",49
"2765","5/27/14",58
"2766","5/28/14",87
"2767","5/29/14",34
"2768","5/30/14",55
"2769","5/31/14",50
"2770","6/1/14",67
"2771","6/2/14",45
"2772","6/3/14",62
"2773","6/4/14",66
"2774","6/5/14",72
"2775","6/6/14",79
"2776","6/7/14",65
"2777","6/8/14",42
"2778","6/9/14",38
"2779","6/10/14",75
"2780","6/11/14",56
"2781","6/12/14",42
"2782","6/13/14",66
"2783","6/14/14",86
"2784","6/15/14",41
"2785","6/16/14",81
"2786","6/17/14",81
"2787","6/18/14",71
"2788","6/19/14",62
"2789","6/20/14",40
"2790","6/21/14",69
"2791","6/22/14",69
"2792","6/23/14",41
"2793","6/24/14",30
"2794","6/25/14",60
"2795","6/26/14",49
"2796","6/27/14",72
"2797","6/28/14",60
"2798","6/29/14",87
"2799","6/30/14",57
"2800","7/2/14",11
"2801","7/3/14",11
"2802","7/4/14",7
"2803","7/5/14",11
"2804","7/6/14",24
"2805","7/7/14",20
"2806","7/8/14",15
"2807","7/9/14",12
"2808","7/10/14",6
"2809","7/11/14",13
"2810","7/12/14",6
"2811","7/13/14",13
"2812","7/14/14",14
"2813","7/15/14",17
"2814","7/16/14",13
"2815","7/17/14",11
"2816","7/18/14",8
"2817","7/19/14",13
"2818","7/20/14",13
"2819","7/21/14",18
"2820","7/22/14",14
"2821","7/23/14",13
"2822","7/24/14",14
"2823","7/25/14",13
"2824","7/26/14",8
"2825","7/27/14",17
"2826","7/28/14",16
"2827","7/29/14",6
"2828","7/30/14",13
"2829","7/31/14",3
"2830","8/1/14",16
"2831","8/2/14",17
"2832","8/3/14",13
"2833","8/4/14",14
"2834","8/5/14",17
"2835","8/6/14",6
"2836","8/7/14",4
"2837","8/8/14",17
"2838","8/9/14",11
"2839","8/10/14",7
"2840","8/11/14",18
"2841","8/12/14",18
"2842","8/13/14",100
"2843","8/14/14",69
"2844","8/15/14",35
"2845","8/16/14",30
"2846","8/17/14",35
"2847","8/18/14",46
"2848","8/19/14",30
"2849","8/20/14",32
"2850","8/21/14",20
"2851","8/22/14",21
"2852","8/23/14",11
"2853","8/24/14",23
"2854","8/25/14",23
"2855","8/26/14",34
"2856","8/27/14",18
"2857","8/28/14",14
"2858","8/29/14",20
"2859","8/30/14",25
"2860","8/31/14",16
"2861","9/1/14",24
"2862","9/2/14",10
"2863","9/3/14",28
"2864","9/4/14",19
"2865","9/5/14",15
"2866","9/6/14",12
"2867","9/7/14",25
"2868","9/8/14",24
"2869","9/9/14",20
"2870","9/10/14",22
"2871","9/11/14",15
"2872","9/12/14",18
"2873","9/13/14",14
"2874","9/14/14",10
"2875","9/15/14",17
"2876","9/16/14",20
"2877","9/17/14",25
"2878","9/18/14",28
"2879","9/19/14",26
"2880","9/20/14",12
"2881","9/21/14",15
"2882","9/22/14",16
"2883","9/23/14",26
"2884","9/24/14",21
"2885","9/25/14",29
"2886","9/26/14",21
"2887","9/27/14",10
"2888","9/28/14",17
"2889","9/29/14",19
"2890","9/30/14",23
"2891","10/2/14",36
"2892","10/3/14",56
"2893","10/4/14",51
"2894","10/5/14",46
"2895","10/6/14",45
"2896","10/7/14",29
"2897","10/8/14",45
"2898","10/9/14",42
"2899","10/10/14",40
"2900","10/11/14",19
"2901","10/12/14",46
"2902","10/13/14",63
"2903","10/14/14",50
"2904","10/15/14",35
"2905","10/16/14",48
"2906","10/17/14",63
"2907","10/18/14",50
"2908","10/19/14",53
"2909","10/20/14",44
"2910","10/21/14",32
"2911","10/22/14",50
"2912","10/23/14",44
"2913","10/24/14",40
"2914","10/25/14",42
"2915","10/26/14",19
"2916","10/27/14",44
"2917","10/28/14",50
"2918","10/29/14",29
"2919","10/30/14",35
"2920","10/31/14",47
"2921","11/1/14",30
"2922","11/2/14",26
"2923","11/3/14",45
"2924","11/4/14",19
"2925","11/5/14",37
"2926","11/6/14",48
"2927","11/7/14",73
"2928","11/8/14",56
"2929","11/9/14",44
"2930","11/10/14",41
"2931","11/11/14",56
"2932","11/12/14",59
"2933","11/13/14",47
"2934","11/14/14",42
"2935","11/15/14",40
"2936","11/16/14",43
"2937","11/17/14",27
"2938","11/18/14",43
"2939","11/19/14",38
"2940","11/20/14",13
"2941","11/21/14",29
"2942","11/22/14",29
"2943","11/23/14",18
"2944","11/24/14",43
"2945","11/25/14",49
"2946","11/26/14",47
"2947","11/27/14",29
"2948","11/28/14",62
"2949","11/29/14",77
"2950","11/30/14",67
"2951","12/1/14",75
"2952","12/2/14",43
"2953","12/3/14",46
"2954","12/4/14",50
"2955","12/5/14",61
"2956","12/6/14",62
"2957","12/7/14",51
"2958","12/8/14",35
"2959","12/9/14",52
"2960","12/10/14",28
"2961","12/11/14",62
"2962","12/12/14",40
"2963","12/13/14",30
"2964","12/14/14",33
"2965","12/15/14",47
"2966","12/16/14",50
"2967","12/17/14",51
"2968","12/18/14",52
"2969","12/19/14",68
"2970","12/20/14",38
"2971","12/21/14",35
"2972","12/22/14",40
"2973","12/23/14",52
"2974","12/24/14",27
"2975","12/25/14",100
"2976","12/26/14",92
"2977","12/27/14",71
"2978","12/28/14",82
"2979","12/29/14",43
"2980","12/30/14",53
"2981","12/31/14",45
"2982","1/2/15",64
"2983","1/3/15",59
"2984","1/4/15",49
"2985","1/5/15",65
"2986","1/6/15",71
"2987","1/7/15",53
"2988","1/8/15",87
"2989","1/9/15",18
"2990","1/10/15",53
"2991","1/11/15",32
"2992","1/12/15",73
"2993","1/13/15",38
"2994","1/14/15",56
"2995","1/15/15",52
"2996","1/16/15",75
"2997","1/17/15",81
"2998","1/18/15",77
"2999","1/19/15",59
"3000","1/20/15",52
"3001","1/21/15",48
"3002","1/22/15",52
"3003","1/23/15",32
"3004","1/24/15",61
"3005","1/25/15",57
"3006","1/26/15",54
"3007","1/27/15",27
"3008","1/28/15",59
"3009","1/29/15",64
"3010","1/30/15",77
"3011","1/31/15",44
"3012","2/1/15",47
"3013","2/2/15",44
"3014","2/3/15",77
"3015","2/4/15",44
"3016","2/5/15",100
"3017","2/6/15",87
"3018","2/7/15",44
"3019","2/8/15",47
"3020","2/9/15",57
"3021","2/10/15",24
"3022","2/11/15",55
"3023","2/12/15",46
"3024","2/13/15",40
"3025","2/14/15",57
"3026","2/15/15",57
"3027","2/16/15",46
"3028","2/17/15",32
"3029","2/18/15",39
"3030","2/19/15",76
"3031","2/20/15",48
"3032","2/21/15",60
"3033","2/22/15",28
"3034","2/23/15",40
"3035","2/24/15",61
"3036","2/25/15",41
"3037","2/26/15",72
"3038","2/27/15",25
"3039","2/28/15",44
"3040","3/1/15",27
"3041","3/2/15",50
"3042","3/3/15",44
"3043","3/4/15",58
"3044","3/5/15",62
"3045","3/6/15",36
"3046","3/7/15",40
"3047","3/8/15",40
"3048","3/9/15",57
"3049","3/10/15",34
"3050","3/11/15",41
"3051","3/12/15",48
"3052","3/13/15",25
"3053","3/14/15",36
"3054","3/15/15",35
"3055","3/16/15",41
"3056","3/17/15",41
"3057","3/18/15",48
"3058","3/19/15",45
"3059","3/20/15",46
"3060","3/21/15",52
"3061","3/22/15",43
"3062","3/23/15",57
"3063","3/24/15",61
"3064","3/25/15",55
"3065","3/26/15",39
"3066","3/27/15",29
"3067","3/28/15",56
"3068","3/29/15",25
"3069","3/30/15",61
"3070","3/31/15",61
"3071","4/2/15",40
"3072","4/3/15",54
"3073","4/4/15",51
"3074","4/5/15",71
"3075","4/6/15",80
"3076","4/7/15",100
"3077","4/8/15",57
"3078","4/9/15",68
"3079","4/10/15",60
"3080","4/11/15",45
"3081","4/12/15",62
"3082","4/13/15",43
"3083","4/14/15",66
"3084","4/15/15",52
"3085","4/16/15",86
"3086","4/17/15",45
"3087","4/18/15",73
"3088","4/19/15",50
"3089","4/20/15",81
"3090","4/21/15",72
"3091","4/22/15",47
"3092","4/23/15",62
"3093","4/24/15",55
"3094","4/25/15",56
"3095","4/26/15",56
"3096","4/27/15",23
"3097","4/28/15",84
"3098","4/29/15",67
"3099","4/30/15",79
"3100","5/1/15",75
"3101","5/2/15",40
"3102","5/3/15",22
"3103","5/4/15",53
"3104","5/5/15",75
"3105","5/6/15",61
"3106","5/7/15",63
"3107","5/8/15",75
"3108","5/9/15",41
"3109","5/10/15",74
"3110","5/11/15",24
"3111","5/12/15",75
"3112","5/13/15",52
"3113","5/14/15",54
"3114","5/15/15",75
"3115","5/16/15",57
"3116","5/17/15",72
"3117","5/18/15",37
"3118","5/19/15",61
"3119","5/20/15",61
"3120","5/21/15",66
"3121","5/22/15",55
"3122","5/23/15",80
"3123","5/24/15",74
"3124","5/25/15",65
"3125","5/26/15",65
"3126","5/27/15",37
"3127","5/28/15",66
"3128","5/29/15",59
"3129","5/30/15",39
"3130","5/31/15",46
"3131","6/1/15",38
"3132","6/2/15",47
"3133","6/3/15",81
"3134","6/4/15",44
"3135","6/5/15",55
"3136","6/6/15",52
"3137","6/7/15",68
"3138","6/8/15",42
"3139","6/9/15",83
"3140","6/10/15",52
"3141","6/11/15",71
"3142","6/12/15",61
"3143","6/13/15",46
"3144","6/14/15",33
"3145","6/15/15",88
"3146","6/16/15",84
"3147","6/17/15",47
"3148","6/18/15",63
"3149","6/19/15",70
"3150","6/20/15",23
"3151","6/21/15",46
"3152","6/22/15",57
"3153","6/23/15",56
"3154","6/24/15",43
"3155","6/25/15",68
"3156","6/26/15",60
"3157","6/27/15",52
"3158","6/28/15",57
"3159","6/29/15",58
"3160","6/30/15",33
"3161","7/2/15",50
"3162","7/3/15",48
"3163","7/4/15",44
"3164","7/5/15",73
"3165","7/6/15",66
"3166","7/7/15",87
"3167","7/8/15",51
"3168","7/9/15",79
"3169","7/10/15",51
"3170","7/11/15",75
"3171","7/12/15",45
"3172","7/13/15",72
"3173","7/14/15",68
"3174","7/15/15",91
"3175","7/16/15",66
"3176","7/17/15",50
"3177","7/18/15",65
"3178","7/19/15",68
"3179","7/20/15",74
"3180","7/21/15",51
"3181","7/22/15",100
"3182","7/23/15",56
"3183","7/24/15",62
"3184","7/25/15",68
"3185","7/26/15",55
"3186","7/27/15",57
"3187","7/28/15",55
"3188","7/29/15",68
"3189","7/30/15",78
"3190","7/31/15",65
"3191","8/1/15",71
"3192","8/2/15",85
"3193","8/3/15",91
"3194","8/4/15",79
"3195","8/5/15",53
"3196","8/6/15",63
"3197","8/7/15",67
"3198","8/8/15",71
"3199","8/9/15",50
"3200","8/10/15",52
"3201","8/11/15",94
"3202","8/12/15",70
"3203","8/13/15",73
"3204","8/14/15",83
"3205","8/15/15",63
"3206","8/16/15",70
"3207","8/17/15",46
"3208","8/18/15",61
"3209","8/19/15",54
"3210","8/20/15",89
"3211","8/21/15",78
"3212","8/22/15",68
"3213","8/23/15",79
"3214","8/24/15",51
"3215","8/25/15",40
"3216","8/26/15",73
"3217","8/27/15",72
"3218","8/28/15",54
"3219","8/29/15",70
"3220","8/30/15",76
"3221","8/31/15",55
"3222","9/1/15",63
"3223","9/2/15",51
"3224","9/3/15",60
"3225","9/4/15",53
"3226","9/5/15",43
"3227","9/6/15",56
"3228","9/7/15",53
"3229","9/8/15",63
"3230","9/9/15",76
"3231","9/10/15",87
"3232","9/11/15",39
"3233","9/12/15",32
"3234","9/13/15",53
"3235","9/14/15",71
"3236","9/15/15",46
"3237","9/16/15",75
"3238","9/17/15",63
"3239","9/18/15",67
"3240","9/19/15",55
"3241","9/20/15",83
"3242","9/21/15",64
"3243","9/22/15",77
"3244","9/23/15",77
"3245","9/24/15",65
"3246","9/25/15",93
"3247","9/26/15",80
"3248","9/27/15",66
"3249","9/28/15",43
"3250","9/29/15",62
"3251","9/30/15",56
"3252","10/2/15",34
"3253","10/3/15",34
"3254","10/4/15",38
"3255","10/5/15",33
"3256","10/6/15",39
"3257","10/7/15",30
"3258","10/8/15",36
"3259","10/9/15",25
"3260","10/10/15",38
"3261","10/11/15",25
"3262","10/12/15",38
"3263","10/13/15",40
"3264","10/14/15",32
"3265","10/15/15",34
"3266","10/16/15",33
"3267","10/17/15",31
"3268","10/18/15",37
"3269","10/19/15",43
"3270","10/20/15",31
"3271","10/21/15",40
"3272","10/22/15",36
"3273","10/23/15",31
"3274","10/24/15",31
"3275","10/25/15",37
"3276","10/26/15",38
"3277","10/27/15",34
"3278","10/28/15",42
"3279","10/29/15",49
"3280","10/30/15",31
"3281","10/31/15",45
"3282","11/1/15",45
"3283","11/2/15",46
"3284","11/3/15",42
"3285","11/4/15",36
"3286","11/5/15",31
"3287","11/6/15",32
"3288","11/7/15",43
"3289","11/8/15",26
"3290","11/9/15",35
"3291","11/10/15",26
"3292","11/11/15",33
"3293","11/12/15",38
"3294","11/13/15",35
"3295","11/14/15",40
"3296","11/15/15",59
"3297","11/16/15",38
"3298","11/17/15",36
"3299","11/18/15",27
"3300","11/19/15",47
"3301","11/20/15",38
"3302","11/21/15",41
"3303","11/22/15",46
"3304","11/23/15",47
"3305","11/24/15",29
"3306","11/25/15",37
"3307","11/26/15",51
"3308","11/27/15",62
"3309","11/28/15",43
"3310","11/29/15",36
"3311","11/30/15",53
"3312","12/1/15",45
"3313","12/2/15",32
"3314","12/3/15",39
"3315","12/4/15",43
"3316","12/5/15",45
"3317","12/6/15",37
"3318","12/7/15",50
"3319","12/8/15",38
"3320","12/9/15",28
"3321","12/10/15",38
"3322","12/11/15",50
"3323","12/12/15",32
"3324","12/13/15",42
"3325","12/14/15",29
"3326","12/15/15",46
"3327","12/16/15",37
"3328","12/17/15",35
"3329","12/18/15",45
"3330","12/19/15",34
"3331","12/20/15",29
"3332","12/21/15",46
"3333","12/22/15",57
"3334","12/23/15",48
"3335","12/24/15",33
"3336","12/25/15",100
"3337","12/26/15",96
"3338","12/27/15",87
"3339","12/28/15",60
"3340","12/29/15",51
"3341","12/30/15",37
"3342","12/31/15",57
"3343","1/2/16",71
"3344","1/3/16",100
"3345","1/4/16",56
"3346","1/5/16",64
"3347","1/6/16",77
"3348","1/7/16",64
"3349","1/8/16",62
"3350","1/9/16",73
"3351","1/10/16",46
"3352","1/11/16",68
"3353","1/12/16",72
"3354","1/13/16",65
"3355","1/14/16",50
"3356","1/15/16",47
"3357","1/16/16",74
"3358","1/17/16",75
"3359","1/18/16",45
"3360","1/19/16",49
"3361","1/20/16",78
"3362","1/21/16",59
"3363","1/22/16",49
"3364","1/23/16",81
"3365","1/24/16",71
"3366","1/25/16",58
"3367","1/26/16",66
"3368","1/27/16",62
"3369","1/28/16",66
"3370","1/29/16",59
"3371","1/30/16",71
"3372","1/31/16",65
"3373","2/1/16",57
"3374","2/2/16",64
"3375","2/3/16",46
"3376","2/4/16",48
"3377","2/5/16",44
"3378","2/6/16",59
"3379","2/7/16",44
"3380","2/8/16",43
"3381","2/9/16",43
"3382","2/10/16",41
"3383","2/11/16",51
"3384","2/12/16",55
"3385","2/13/16",47
"3386","2/14/16",50
"3387","2/15/16",56
"3388","2/16/16",55
"3389","2/17/16",67
"3390","2/18/16",83
"3391","2/19/16",62
"3392","2/20/16",58
"3393","2/21/16",63
"3394","2/22/16",71
"3395","2/23/16",64
"3396","2/24/16",47
"3397","2/25/16",32
"3398","2/26/16",55
"3399","2/27/16",50
"3400","2/28/16",84
"3401","2/29/16",53
"3402","3/1/16",62
"3403","3/2/16",49
"3404","3/3/16",60
"3405","3/4/16",37
"3406","3/5/16",60
"3407","3/6/16",52
"3408","3/7/16",50
"3409","3/8/16",59
"3410","3/9/16",50
"3411","3/10/16",56
"3412","3/11/16",40
"3413","3/12/16",52
"3414","3/13/16",51
"3415","3/14/16",60
"3416","3/15/16",71
"3417","3/16/16",68
"3418","3/17/16",50
"3419","3/18/16",38
"3420","3/19/16",44
"3421","3/20/16",62
"3422","3/21/16",61
"3423","3/22/16",52
"3424","3/23/16",50
"3425","3/24/16",47
"3426","3/25/16",49
"3427","3/26/16",56
"3428","3/27/16",56
"3429","3/28/16",44
"3430","3/29/16",39
"3431","3/30/16",64
"3432","3/31/16",39
"3433","4/2/16",45
"3434","4/3/16",39
"3435","4/4/16",41
"3436","4/5/16",41
"3437","4/6/16",36
"3438","4/7/16",46
"3439","4/8/16",44
"3440","4/9/16",34
"3441","4/10/16",62
"3442","4/11/16",47
"3443","4/12/16",46
"3444","4/13/16",50
"3445","4/14/16",37
"3446","4/15/16",42
"3447","4/16/16",27
"3448","4/17/16",36
"3449","4/18/16",35
"3450","4/19/16",57
"3451","4/20/16",50
"3452","4/21/16",38
"3453","4/22/16",48
"3454","4/23/16",51
"3455","4/24/16",48
"3456","4/25/16",47
"3457","4/26/16",50
"3458","4/27/16",46
"3459","4/28/16",55
"3460","4/29/16",54
"3461","4/30/16",54
"3462","5/1/16",45
"3463","5/2/16",58
"3464","5/3/16",41
"3465","5/4/16",36
"3466","5/5/16",43
"3467","5/6/16",40
"3468","5/7/16",32
"3469","5/8/16",27
"3470","5/9/16",31
"3471","5/10/16",32
"3472","5/11/16",39
"3473","5/12/16",42
"3474","5/13/16",32
"3475","5/14/16",39
"3476","5/15/16",49
"3477","5/16/16",49
"3478","5/17/16",45
"3479","5/18/16",36
"3480","5/19/16",27
"3481","5/20/16",41
"3482","5/21/16",52
"3483","5/22/16",27
"3484","5/23/16",55
"3485","5/24/16",43
"3486","5/25/16",55
"3487","5/26/16",42
"3488","5/27/16",40
"3489","5/28/16",55
"3490","5/29/16",41
"3491","5/30/16",35
"3492","5/31/16",49
"3493","6/1/16",53
"3494","6/2/16",36
"3495","6/3/16",52
"3496","6/4/16",53
"3497","6/5/16",53
"3498","6/6/16",65
"3499","6/7/16",100
"3500","6/8/16",45
"3501","6/9/16",45
"3502","6/10/16",36
"3503","6/11/16",48
"3504","6/12/16",33
"3505","6/13/16",44
"3506","6/14/16",54
"3507","6/15/16",45
"3508","6/16/16",35
"3509","6/17/16",38
"3510","6/18/16",50
"3511","6/19/16",39
"3512","6/20/16",38
"3513","6/21/16",48
"3514","6/22/16",33
"3515","6/23/16",44
"3516","6/24/16",32
"3517","6/25/16",42
"3518","6/26/16",46
"3519","6/27/16",30
"3520","6/28/16",43
"3521","6/29/16",37
"3522","6/30/16",37
"3523","7/2/16",48
"3524","7/3/16",61
"3525","7/4/16",42
"3526","7/5/16",43
"3527","7/6/16",40
"3528","7/7/16",61
"3529","7/8/16",64
"3530","7/9/16",46
"3531","7/10/16",61
"3532","7/11/16",58
"3533","7/12/16",100
"3534","7/13/16",79
"3535","7/14/16",66
"3536","7/15/16",53
"3537","7/16/16",70
"3538","7/17/16",46
"3539","7/18/16",74
"3540","7/19/16",67
"3541","7/20/16",62
"3542","7/21/16",60
"3543","7/22/16",49
"3544","7/23/16",79
"3545","7/24/16",48
"3546","7/25/16",59
"3547","7/26/16",75
"3548","7/27/16",65
"3549","7/28/16",64
"3550","7/29/16",60
"3551","7/30/16",64
"3552","7/31/16",77
"3553","8/1/16",77
"3554","8/2/16",50
"3555","8/3/16",52
"3556","8/4/16",44
"3557","8/5/16",58
"3558","8/6/16",55
"3559","8/7/16",83
"3560","8/8/16",86
"3561","8/9/16",64
"3562","8/10/16",46
"3563","8/11/16",48
"3564","8/12/16",48
"3565","8/13/16",50
"3566","8/14/16",61
"3567","8/15/16",40
"3568","8/16/16",46
"3569","8/17/16",70
"3570","8/18/16",43
"3571","8/19/16",50
"3572","8/20/16",66
"3573","8/21/16",63
"3574","8/22/16",64
"3575","8/23/16",57
"3576","8/24/16",55
"3577","8/25/16",59
"3578","8/26/16",52
"3579","8/27/16",62
"3580","8/28/16",61
"3581","8/29/16",81
"3582","8/30/16",76
"3583","8/31/16",72
"3584","9/1/16",66
"3585","9/2/16",52
"3586","9/3/16",65
"3587","9/4/16",56
"3588","9/5/16",49
"3589","9/6/16",62
"3590","9/7/16",61
"3591","9/8/16",56
"3592","9/9/16",49
"3593","9/10/16",44
"3594","9/11/16",39
"3595","9/12/16",62
"3596","9/13/16",67
"3597","9/14/16",79
"3598","9/15/16",54
"3599","9/16/16",44
"3600","9/17/16",76
"3601","9/18/16",52
"3602","9/19/16",50
"3603","9/20/16",55
"3604","9/21/16",51
"3605","9/22/16",62
"3606","9/23/16",70
"3607","9/24/16",50
"3608","9/25/16",59
"3609","9/26/16",82
"3610","9/27/16",76
"3611","9/28/16",99
"3612","9/29/16",89
"3613","9/30/16",51
"3614","10/2/16",32
"3615","10/3/16",27
"3616","10/4/16",34
"3617","10/5/16",30
"3618","10/6/16",29
"3619","10/7/16",29
"3620","10/8/16",35
"3621","10/9/16",36
"3622","10/10/16",50
"3623","10/11/16",65
"3624","10/12/16",30
"3625","10/13/16",25
"3626","10/14/16",32
"3627","10/15/16",35
"3628","10/16/16",31
"3629","10/17/16",33
"3630","10/18/16",31
"3631","10/19/16",29
"3632","10/20/16",23
"3633","10/21/16",25
"3634","10/22/16",25
"3635","10/23/16",39
"3636","10/24/16",40
"3637","10/25/16",24
"3638","10/26/16",20
"3639","10/27/16",30
"3640","10/28/16",33
"3641","10/29/16",32
"3642","10/30/16",33
"3643","10/31/16",37
"3644","11/1/16",28
"3645","11/2/16",37
"3646","11/3/16",27
"3647","11/4/16",21
"3648","11/5/16",34
"3649","11/6/16",24
"3650","11/7/16",37
"3651","11/8/16",39
"3652","11/9/16",24
"3653","11/10/16",19
"3654","11/11/16",31
"3655","11/12/16",24
"3656","11/13/16",30
"3657","11/14/16",28
"3658","11/15/16",21
"3659","11/16/16",30
"3660","11/17/16",35
"3661","11/18/16",30
"3662","11/19/16",32
"3663","11/20/16",36
"3664","11/21/16",22
"3665","11/22/16",37
"3666","11/23/16",30
"3667","11/24/16",33
"3668","11/25/16",37
"3669","11/26/16",40
"3670","11/27/16",36
"3671","11/28/16",52
"3672","11/29/16",40
"3673","11/30/16",29
"3674","12/1/16",34
"3675","12/2/16",31
"3676","12/3/16",33
"3677","12/4/16",31
"3678","12/5/16",43
"3679","12/6/16",30
"3680","12/7/16",38
"3681","12/8/16",40
"3682","12/9/16",26
"3683","12/10/16",29
"3684","12/11/16",39
"3685","12/12/16",39
"3686","12/13/16",34
"3687","12/14/16",28
"3688","12/15/16",36
"3689","12/16/16",30
"3690","12/17/16",52
"3691","12/18/16",48
"3692","12/19/16",38
"3693","12/20/16",31
"3694","12/21/16",32
"3695","12/22/16",37
"3696","12/23/16",36
"3697","12/24/16",51
"3698","12/25/16",100
"3699","12/26/16",92
"3700","12/27/16",66
"3701","12/28/16",50
"3702","12/29/16",43
"3703","12/30/16",60
"3704","12/31/16",42
"3705","1/2/17",100
"3706","1/3/17",60
"3707","1/4/17",54
"3708","1/5/17",69
"3709","1/6/17",58
"3710","1/7/17",79
"3711","1/8/17",59
"3712","1/9/17",62
"3713","1/10/17",71
"3714","1/11/17",37
"3715","1/12/17",50
"3716","1/13/17",52
"3717","1/14/17",58
"3718","1/15/17",55
"3719","1/16/17",68
"3720","1/17/17",53
"3721","1/18/17",54
"3722","1/19/17",59
"3723","1/20/17",58
"3724","1/21/17",40
"3725","1/22/17",57
"3726","1/23/17",44
"3727","1/24/17",65
"3728","1/25/17",54
"3729","1/26/17",54
"3730","1/27/17",45
"3731","1/28/17",63
"3732","1/29/17",43
"3733","1/30/17",36
"3734","1/31/17",48
"3735","2/1/17",54
"3736","2/2/17",73
"3737","2/3/17",35
"3738","2/4/17",66
"3739","2/5/17",44
"3740","2/6/17",49
"3741","2/7/17",45
"3742","2/8/17",48
"3743","2/9/17",39
"3744","2/10/17",37
"3745","2/11/17",56
"3746","2/12/17",47
"3747","2/13/17",44
"3748","2/14/17",47
"3749","2/15/17",46
"3750","2/16/17",44
"3751","2/17/17",37
"3752","2/18/17",42
"3753","2/19/17",44
"3754","2/20/17",51
"3755","2/21/17",42
"3756","2/22/17",45
"3757","2/23/17",43
"3758","2/24/17",45
"3759","2/25/17",50
"3760","2/26/17",51
"3761","2/27/17",46
"3762","2/28/17",47
"3763","3/1/17",42
"3764","3/2/17",46
"3765","3/3/17",29
"3766","3/4/17",50
"3767","3/5/17",51
"3768","3/6/17",49
"3769","3/7/17",47
"3770","3/8/17",51
"3771","3/9/17",39
"3772","3/10/17",46
"3773","3/11/17",48
"3774","3/12/17",47
"3775","3/13/17",43
"3776","3/14/17",43
"3777","3/15/17",44
"3778","3/16/17",27
"3779","3/17/17",59
"3780","3/18/17",35
"3781","3/19/17",62
"3782","3/20/17",50
"3783","3/21/17",49
"3784","3/22/17",30
"3785","3/23/17",46
"3786","3/24/17",41
"3787","3/25/17",49
"3788","3/26/17",56
"3789","3/27/17",58
"3790","3/28/17",37
"3791","3/29/17",50
"3792","3/30/17",48
"3793","3/31/17",40
