"","date","Echo"
"1","2006-10-01",65
"2","2006-10-02",81
"3","2006-10-03",81
"4","2006-10-04",89
"5","2006-10-05",89
"6","2006-10-06",75
"7","2006-10-07",78
"8","2006-10-08",77
"9","2006-10-09",76
"10","2006-10-10",87
"11","2006-10-11",80
"12","2006-10-12",92
"13","2006-10-13",75
"14","2006-10-14",69
"15","2006-10-15",71
"16","2006-10-16",86
"17","2006-10-17",91
"18","2006-10-18",82
"19","2006-10-19",85
"20","2006-10-20",80
"21","2006-10-21",61
"22","2006-10-22",73
"23","2006-10-23",86
"24","2006-10-24",86
"25","2006-10-25",92
"26","2006-10-26",82
"27","2006-10-27",84
"28","2006-10-28",69
"29","2006-10-29",70
"30","2006-10-30",81
"31","2006-10-31",89
"32","2006-11-01",87
"33","2006-11-02",96
"34","2006-11-03",82
"35","2006-11-04",75
"36","2006-11-05",74
"37","2006-11-06",80
"38","2006-11-07",88
"39","2006-11-08",84
"40","2006-11-09",85
"41","2006-11-10",76
"42","2006-11-11",71
"43","2006-11-12",65
"44","2006-11-13",100
"45","2006-11-14",89
"46","2006-11-15",92
"47","2006-11-16",83
"48","2006-11-17",91
"49","2006-11-18",62
"50","2006-11-19",63
"51","2006-11-20",80
"52","2006-11-21",81
"53","2006-11-22",83
"54","2006-11-23",81
"55","2006-11-24",74
"56","2006-11-25",65
"57","2006-11-26",67
"58","2006-11-27",87
"59","2006-11-28",90
"60","2006-11-29",80
"61","2006-11-30",78
"62","2006-12-01",76
"63","2006-12-02",61
"64","2006-12-03",62
"65","2006-12-04",80
"66","2006-12-05",69
"67","2006-12-06",81
"68","2006-12-07",81
"69","2006-12-08",75
"70","2006-12-09",72
"71","2006-12-10",55
"72","2006-12-11",79
"73","2006-12-12",80
"74","2006-12-13",78
"75","2006-12-14",81
"76","2006-12-15",81
"77","2006-12-16",63
"78","2006-12-17",59
"79","2006-12-18",80
"80","2006-12-19",84
"81","2006-12-20",76
"82","2006-12-21",73
"83","2006-12-22",71
"84","2006-12-23",59
"85","2006-12-24",51
"86","2006-12-25",45
"87","2006-12-26",62
"88","2006-12-27",73
"89","2006-12-28",68
"90","2006-12-29",67
"91","2006-12-30",64
"92","2006-12-31",63
"93","2007-01-01",36
"94","2007-01-02",47
"95","2007-01-03",54
"96","2007-01-04",53
"97","2007-01-05",52
"98","2007-01-06",43
"99","2007-01-07",37
"100","2007-01-08",53
"101","2007-01-09",51
"102","2007-01-10",53
"103","2007-01-11",56
"104","2007-01-12",51
"105","2007-01-13",46
"106","2007-01-14",42
"107","2007-01-15",55
"108","2007-01-16",53
"109","2007-01-17",52
"110","2007-01-18",55
"111","2007-01-19",56
"112","2007-01-20",41
"113","2007-01-21",44
"114","2007-01-22",53
"115","2007-01-23",56
"116","2007-01-24",53
"117","2007-01-25",49
"118","2007-01-26",51
"119","2007-01-27",42
"120","2007-01-28",41
"121","2007-01-29",53
"122","2007-01-30",52
"123","2007-01-31",55
"124","2007-02-01",51
"125","2007-02-02",48
"126","2007-02-03",46
"127","2007-02-04",45
"128","2007-02-05",53
"129","2007-02-06",53
"130","2007-02-07",52
"131","2007-02-08",51
"132","2007-02-09",48
"133","2007-02-10",43
"134","2007-02-11",43
"135","2007-02-12",52
"136","2007-02-13",52
"137","2007-02-14",51
"138","2007-02-15",53
"139","2007-02-16",50
"140","2007-02-17",44
"141","2007-02-18",48
"142","2007-02-19",54
"143","2007-02-20",54
"144","2007-02-21",52
"145","2007-02-22",51
"146","2007-02-23",51
"147","2007-02-24",47
"148","2007-02-25",41
"149","2007-02-26",51
"150","2007-02-27",50
"151","2007-02-28",54
"152","2007-03-01",53
"153","2007-03-02",52
"154","2007-03-03",47
"155","2007-03-04",43
"156","2007-03-05",53
"157","2007-03-06",54
"158","2007-03-07",54
"159","2007-03-08",52
"160","2007-03-09",50
"161","2007-03-10",43
"162","2007-03-11",43
"163","2007-03-12",53
"164","2007-03-13",54
"165","2007-03-14",53
"166","2007-03-15",53
"167","2007-03-16",47
"168","2007-03-17",44
"169","2007-03-18",45
"170","2007-03-19",60
"171","2007-03-20",53
"172","2007-03-21",53
"173","2007-03-22",57
"174","2007-03-23",56
"175","2007-03-24",49
"176","2007-03-25",90
"177","2007-03-26",100
"178","2007-03-27",69
"179","2007-03-28",56
"180","2007-03-29",55
"181","2007-03-30",55
"182","2007-03-31",42
"183","2007-04-01",74
"184","2007-04-02",85
"185","2007-04-03",88
"186","2007-04-04",85
"187","2007-04-05",78
"188","2007-04-06",73
"189","2007-04-07",71
"190","2007-04-08",61
"191","2007-04-09",67
"192","2007-04-10",86
"193","2007-04-11",82
"194","2007-04-12",83
"195","2007-04-13",80
"196","2007-04-14",68
"197","2007-04-15",65
"198","2007-04-16",85
"199","2007-04-17",82
"200","2007-04-18",84
"201","2007-04-19",83
"202","2007-04-20",81
"203","2007-04-21",72
"204","2007-04-22",69
"205","2007-04-23",88
"206","2007-04-24",82
"207","2007-04-25",88
"208","2007-04-26",87
"209","2007-04-27",82
"210","2007-04-28",71
"211","2007-04-29",67
"212","2007-04-30",84
"213","2007-05-01",86
"214","2007-05-02",87
"215","2007-05-03",87
"216","2007-05-04",89
"217","2007-05-05",73
"218","2007-05-06",70
"219","2007-05-07",76
"220","2007-05-08",93
"221","2007-05-09",84
"222","2007-05-10",86
"223","2007-05-11",84
"224","2007-05-12",72
"225","2007-05-13",73
"226","2007-05-14",84
"227","2007-05-15",86
"228","2007-05-16",86
"229","2007-05-17",86
"230","2007-05-18",86
"231","2007-05-19",73
"232","2007-05-20",68
"233","2007-05-21",86
"234","2007-05-22",93
"235","2007-05-23",89
"236","2007-05-24",90
"237","2007-05-25",85
"238","2007-05-26",74
"239","2007-05-27",68
"240","2007-05-28",75
"241","2007-05-29",84
"242","2007-05-30",97
"243","2007-05-31",85
"244","2007-06-01",83
"245","2007-06-02",69
"246","2007-06-03",71
"247","2007-06-04",89
"248","2007-06-05",88
"249","2007-06-06",91
"250","2007-06-07",84
"251","2007-06-08",88
"252","2007-06-09",71
"253","2007-06-10",69
"254","2007-06-11",97
"255","2007-06-12",92
"256","2007-06-13",89
"257","2007-06-14",88
"258","2007-06-15",87
"259","2007-06-16",73
"260","2007-06-17",72
"261","2007-06-18",86
"262","2007-06-19",88
"263","2007-06-20",87
"264","2007-06-21",88
"265","2007-06-22",87
"266","2007-06-23",76
"267","2007-06-24",72
"268","2007-06-25",100
"269","2007-06-26",92
"270","2007-06-27",87
"271","2007-06-28",87
"272","2007-06-29",85
"273","2007-06-30",77
"274","2007-07-01",78
"275","2007-07-02",94
"276","2007-07-03",96
"277","2007-07-04",89
"278","2007-07-05",93
"279","2007-07-06",84
"280","2007-07-07",76
"281","2007-07-08",72
"282","2007-07-09",96
"283","2007-07-10",93
"284","2007-07-11",91
"285","2007-07-12",93
"286","2007-07-13",98
"287","2007-07-14",76
"288","2007-07-15",69
"289","2007-07-16",100
"290","2007-07-17",94
"291","2007-07-18",94
"292","2007-07-19",93
"293","2007-07-20",85
"294","2007-07-21",77
"295","2007-07-22",75
"296","2007-07-23",97
"297","2007-07-24",92
"298","2007-07-25",88
"299","2007-07-26",89
"300","2007-07-27",89
"301","2007-07-28",82
"302","2007-07-29",71
"303","2007-07-30",93
"304","2007-07-31",88
"305","2007-08-01",90
"306","2007-08-02",94
"307","2007-08-03",89
"308","2007-08-04",75
"309","2007-08-05",67
"310","2007-08-06",93
"311","2007-08-07",87
"312","2007-08-08",91
"313","2007-08-09",88
"314","2007-08-10",81
"315","2007-08-11",70
"316","2007-08-12",73
"317","2007-08-13",87
"318","2007-08-14",95
"319","2007-08-15",91
"320","2007-08-16",81
"321","2007-08-17",88
"322","2007-08-18",67
"323","2007-08-19",71
"324","2007-08-20",92
"325","2007-08-21",90
"326","2007-08-22",87
"327","2007-08-23",99
"328","2007-08-24",88
"329","2007-08-25",68
"330","2007-08-26",68
"331","2007-08-27",78
"332","2007-08-28",87
"333","2007-08-29",90
"334","2007-08-30",90
"335","2007-08-31",90
"336","2007-09-01",63
"337","2007-09-02",71
"338","2007-09-03",89
"339","2007-09-04",85
"340","2007-09-05",82
"341","2007-09-06",84
"342","2007-09-07",81
"343","2007-09-08",67
"344","2007-09-09",66
"345","2007-09-10",87
"346","2007-09-11",83
"347","2007-09-12",85
"348","2007-09-13",92
"349","2007-09-14",82
"350","2007-09-15",67
"351","2007-09-16",66
"352","2007-09-17",90
"353","2007-09-18",85
"354","2007-09-19",88
"355","2007-09-20",87
"356","2007-09-21",77
"357","2007-09-22",75
"358","2007-09-23",67
"359","2007-09-24",84
"360","2007-09-25",88
"361","2007-09-26",91
"362","2007-09-27",85
"363","2007-09-28",84
"364","2007-09-29",68
"365","2007-09-30",72
"366","2007-10-01",96
"367","2007-10-02",97
"368","2007-10-03",100
"369","2007-10-04",92
"370","2007-10-05",97
"371","2007-10-06",70
"372","2007-10-07",68
"373","2007-10-08",95
"374","2007-10-09",96
"375","2007-10-10",90
"376","2007-10-11",92
"377","2007-10-12",94
"378","2007-10-13",80
"379","2007-10-14",73
"380","2007-10-15",90
"381","2007-10-16",94
"382","2007-10-17",91
"383","2007-10-18",96
"384","2007-10-19",80
"385","2007-10-20",75
"386","2007-10-21",71
"387","2007-10-22",98
"388","2007-10-23",88
"389","2007-10-24",88
"390","2007-10-25",88
"391","2007-10-26",84
"392","2007-10-27",73
"393","2007-10-28",62
"394","2007-10-29",82
"395","2007-10-30",85
"396","2007-10-31",84
"397","2007-11-01",87
"398","2007-11-02",85
"399","2007-11-03",73
"400","2007-11-04",74
"401","2007-11-05",94
"402","2007-11-06",92
"403","2007-11-07",92
"404","2007-11-08",92
"405","2007-11-09",90
"406","2007-11-10",68
"407","2007-11-11",71
"408","2007-11-12",87
"409","2007-11-13",91
"410","2007-11-14",95
"411","2007-11-15",93
"412","2007-11-16",88
"413","2007-11-17",69
"414","2007-11-18",76
"415","2007-11-19",99
"416","2007-11-20",81
"417","2007-11-21",85
"418","2007-11-22",85
"419","2007-11-23",84
"420","2007-11-24",76
"421","2007-11-25",77
"422","2007-11-26",89
"423","2007-11-27",93
"424","2007-11-28",88
"425","2007-11-29",91
"426","2007-11-30",83
"427","2007-12-01",74
"428","2007-12-02",78
"429","2007-12-03",88
"430","2007-12-04",90
"431","2007-12-05",83
"432","2007-12-06",89
"433","2007-12-07",91
"434","2007-12-08",67
"435","2007-12-09",67
"436","2007-12-10",87
"437","2007-12-11",82
"438","2007-12-12",86
"439","2007-12-13",88
"440","2007-12-14",84
"441","2007-12-15",67
"442","2007-12-16",67
"443","2007-12-17",82
"444","2007-12-18",89
"445","2007-12-19",81
"446","2007-12-20",80
"447","2007-12-21",72
"448","2007-12-22",64
"449","2007-12-23",59
"450","2007-12-24",69
"451","2007-12-25",54
"452","2007-12-26",59
"453","2007-12-27",83
"454","2007-12-28",78
"455","2007-12-29",76
"456","2007-12-30",70
"457","2007-12-31",82
"458","2008-01-01",48
"459","2008-01-02",63
"460","2008-01-03",61
"461","2008-01-04",60
"462","2008-01-05",51
"463","2008-01-06",51
"464","2008-01-07",66
"465","2008-01-08",63
"466","2008-01-09",65
"467","2008-01-10",75
"468","2008-01-11",79
"469","2008-01-12",62
"470","2008-01-13",58
"471","2008-01-14",71
"472","2008-01-15",68
"473","2008-01-16",66
"474","2008-01-17",73
"475","2008-01-18",71
"476","2008-01-19",60
"477","2008-01-20",54
"478","2008-01-21",69
"479","2008-01-22",69
"480","2008-01-23",63
"481","2008-01-24",66
"482","2008-01-25",64
"483","2008-01-26",58
"484","2008-01-27",57
"485","2008-01-28",67
"486","2008-01-29",65
"487","2008-01-30",66
"488","2008-01-31",68
"489","2008-02-01",68
"490","2008-02-02",54
"491","2008-02-03",57
"492","2008-02-04",69
"493","2008-02-05",69
"494","2008-02-06",65
"495","2008-02-07",70
"496","2008-02-08",67
"497","2008-02-09",55
"498","2008-02-10",53
"499","2008-02-11",63
"500","2008-02-12",65
"501","2008-02-13",63
"502","2008-02-14",66
"503","2008-02-15",95
"504","2008-02-16",100
"505","2008-02-17",67
"506","2008-02-18",74
"507","2008-02-19",66
"508","2008-02-20",63
"509","2008-02-21",62
"510","2008-02-22",66
"511","2008-02-23",55
"512","2008-02-24",53
"513","2008-02-25",67
"514","2008-02-26",64
"515","2008-02-27",63
"516","2008-02-28",65
"517","2008-02-29",66
"518","2008-03-01",55
"519","2008-03-02",53
"520","2008-03-03",63
"521","2008-03-04",64
"522","2008-03-05",65
"523","2008-03-06",64
"524","2008-03-07",65
"525","2008-03-08",58
"526","2008-03-09",55
"527","2008-03-10",70
"528","2008-03-11",67
"529","2008-03-12",65
"530","2008-03-13",68
"531","2008-03-14",69
"532","2008-03-15",57
"533","2008-03-16",54
"534","2008-03-17",69
"535","2008-03-18",64
"536","2008-03-19",65
"537","2008-03-20",63
"538","2008-03-21",58
"539","2008-03-22",51
"540","2008-03-23",49
"541","2008-03-24",52
"542","2008-03-25",62
"543","2008-03-26",62
"544","2008-03-27",65
"545","2008-03-28",61
"546","2008-03-29",52
"547","2008-03-30",51
"548","2008-03-31",62
"549","2008-04-01",84
"550","2008-04-02",86
"551","2008-04-03",90
"552","2008-04-04",84
"553","2008-04-05",74
"554","2008-04-06",71
"555","2008-04-07",94
"556","2008-04-08",89
"557","2008-04-09",90
"558","2008-04-10",96
"559","2008-04-11",87
"560","2008-04-12",70
"561","2008-04-13",69
"562","2008-04-14",88
"563","2008-04-15",87
"564","2008-04-16",87
"565","2008-04-17",87
"566","2008-04-18",85
"567","2008-04-19",78
"568","2008-04-20",74
"569","2008-04-21",90
"570","2008-04-22",89
"571","2008-04-23",95
"572","2008-04-24",90
"573","2008-04-25",91
"574","2008-04-26",77
"575","2008-04-27",77
"576","2008-04-28",93
"577","2008-04-29",91
"578","2008-04-30",87
"579","2008-05-01",97
"580","2008-05-02",95
"581","2008-05-03",70
"582","2008-05-04",70
"583","2008-05-05",82
"584","2008-05-06",89
"585","2008-05-07",87
"586","2008-05-08",91
"587","2008-05-09",93
"588","2008-05-10",72
"589","2008-05-11",73
"590","2008-05-12",94
"591","2008-05-13",93
"592","2008-05-14",93
"593","2008-05-15",90
"594","2008-05-16",92
"595","2008-05-17",79
"596","2008-05-18",69
"597","2008-05-19",92
"598","2008-05-20",91
"599","2008-05-21",90
"600","2008-05-22",94
"601","2008-05-23",88
"602","2008-05-24",77
"603","2008-05-25",69
"604","2008-05-26",81
"605","2008-05-27",94
"606","2008-05-28",94
"607","2008-05-29",92
"608","2008-05-30",96
"609","2008-05-31",77
"610","2008-06-01",85
"611","2008-06-02",100
"612","2008-06-03",95
"613","2008-06-04",92
"614","2008-06-05",93
"615","2008-06-06",95
"616","2008-06-07",73
"617","2008-06-08",64
"618","2008-06-09",89
"619","2008-06-10",95
"620","2008-06-11",92
"621","2008-06-12",92
"622","2008-06-13",96
"623","2008-06-14",74
"624","2008-06-15",76
"625","2008-06-16",91
"626","2008-06-17",94
"627","2008-06-18",90
"628","2008-06-19",92
"629","2008-06-20",90
"630","2008-06-21",76
"631","2008-06-22",75
"632","2008-06-23",95
"633","2008-06-24",90
"634","2008-06-25",96
"635","2008-06-26",92
"636","2008-06-27",83
"637","2008-06-28",77
"638","2008-06-29",78
"639","2008-06-30",95
"640","2008-07-01",90
"641","2008-07-02",88
"642","2008-07-03",89
"643","2008-07-04",87
"644","2008-07-05",74
"645","2008-07-06",74
"646","2008-07-07",90
"647","2008-07-08",88
"648","2008-07-09",89
"649","2008-07-10",89
"650","2008-07-11",85
"651","2008-07-12",71
"652","2008-07-13",71
"653","2008-07-14",94
"654","2008-07-15",92
"655","2008-07-16",95
"656","2008-07-17",92
"657","2008-07-18",92
"658","2008-07-19",78
"659","2008-07-20",76
"660","2008-07-21",86
"661","2008-07-22",86
"662","2008-07-23",87
"663","2008-07-24",88
"664","2008-07-25",85
"665","2008-07-26",73
"666","2008-07-27",66
"667","2008-07-28",89
"668","2008-07-29",93
"669","2008-07-30",87
"670","2008-07-31",88
"671","2008-08-01",86
"672","2008-08-02",74
"673","2008-08-03",68
"674","2008-08-04",84
"675","2008-08-05",89
"676","2008-08-06",87
"677","2008-08-07",89
"678","2008-08-08",81
"679","2008-08-09",69
"680","2008-08-10",74
"681","2008-08-11",83
"682","2008-08-12",84
"683","2008-08-13",90
"684","2008-08-14",85
"685","2008-08-15",89
"686","2008-08-16",67
"687","2008-08-17",70
"688","2008-08-18",86
"689","2008-08-19",90
"690","2008-08-20",100
"691","2008-08-21",84
"692","2008-08-22",82
"693","2008-08-23",68
"694","2008-08-24",72
"695","2008-08-25",80
"696","2008-08-26",87
"697","2008-08-27",86
"698","2008-08-28",85
"699","2008-08-29",84
"700","2008-08-30",74
"701","2008-08-31",69
"702","2008-09-01",87
"703","2008-09-02",87
"704","2008-09-03",86
"705","2008-09-04",84
"706","2008-09-05",80
"707","2008-09-06",68
"708","2008-09-07",63
"709","2008-09-08",87
"710","2008-09-09",84
"711","2008-09-10",75
"712","2008-09-11",84
"713","2008-09-12",79
"714","2008-09-13",64
"715","2008-09-14",65
"716","2008-09-15",85
"717","2008-09-16",81
"718","2008-09-17",82
"719","2008-09-18",77
"720","2008-09-19",77
"721","2008-09-20",61
"722","2008-09-21",64
"723","2008-09-22",85
"724","2008-09-23",76
"725","2008-09-24",82
"726","2008-09-25",82
"727","2008-09-26",79
"728","2008-09-27",63
"729","2008-09-28",65
"730","2008-09-29",91
"731","2008-09-30",85
"732","2008-10-01",92
"733","2008-10-02",90
"734","2008-10-03",90
"735","2008-10-04",75
"736","2008-10-05",74
"737","2008-10-06",95
"738","2008-10-07",94
"739","2008-10-08",97
"740","2008-10-09",94
"741","2008-10-10",93
"742","2008-10-11",75
"743","2008-10-12",72
"744","2008-10-13",96
"745","2008-10-14",95
"746","2008-10-15",94
"747","2008-10-16",94
"748","2008-10-17",92
"749","2008-10-18",72
"750","2008-10-19",76
"751","2008-10-20",100
"752","2008-10-21",93
"753","2008-10-22",89
"754","2008-10-23",95
"755","2008-10-24",92
"756","2008-10-25",75
"757","2008-10-26",72
"758","2008-10-27",96
"759","2008-10-28",91
"760","2008-10-29",87
"761","2008-10-30",88
"762","2008-10-31",84
"763","2008-11-01",70
"764","2008-11-02",70
"765","2008-11-03",90
"766","2008-11-04",92
"767","2008-11-05",90
"768","2008-11-06",87
"769","2008-11-07",90
"770","2008-11-08",70
"771","2008-11-09",67
"772","2008-11-10",84
"773","2008-11-11",88
"774","2008-11-12",94
"775","2008-11-13",96
"776","2008-11-14",95
"777","2008-11-15",75
"778","2008-11-16",71
"779","2008-11-17",93
"780","2008-11-18",87
"781","2008-11-19",91
"782","2008-11-20",86
"783","2008-11-21",86
"784","2008-11-22",71
"785","2008-11-23",71
"786","2008-11-24",88
"787","2008-11-25",87
"788","2008-11-26",89
"789","2008-11-27",88
"790","2008-11-28",82
"791","2008-11-29",71
"792","2008-11-30",69
"793","2008-12-01",86
"794","2008-12-02",84
"795","2008-12-03",89
"796","2008-12-04",90
"797","2008-12-05",88
"798","2008-12-06",67
"799","2008-12-07",74
"800","2008-12-08",88
"801","2008-12-09",92
"802","2008-12-10",88
"803","2008-12-11",91
"804","2008-12-12",85
"805","2008-12-13",69
"806","2008-12-14",70
"807","2008-12-15",92
"808","2008-12-16",95
"809","2008-12-17",87
"810","2008-12-18",84
"811","2008-12-19",84
"812","2008-12-20",67
"813","2008-12-21",67
"814","2008-12-22",84
"815","2008-12-23",82
"816","2008-12-24",70
"817","2008-12-25",51
"818","2008-12-26",59
"819","2008-12-27",68
"820","2008-12-28",67
"821","2008-12-29",88
"822","2008-12-30",91
"823","2008-12-31",83
"824","2009-01-01",47
"825","2009-01-02",52
"826","2009-01-03",43
"827","2009-01-04",41
"828","2009-01-05",55
"829","2009-01-06",54
"830","2009-01-07",54
"831","2009-01-08",55
"832","2009-01-09",55
"833","2009-01-10",47
"834","2009-01-11",42
"835","2009-01-12",55
"836","2009-01-13",54
"837","2009-01-14",57
"838","2009-01-15",56
"839","2009-01-16",56
"840","2009-01-17",46
"841","2009-01-18",43
"842","2009-01-19",58
"843","2009-01-20",56
"844","2009-01-21",57
"845","2009-01-22",56
"846","2009-01-23",57
"847","2009-01-24",46
"848","2009-01-25",43
"849","2009-01-26",57
"850","2009-01-27",56
"851","2009-01-28",56
"852","2009-01-29",56
"853","2009-01-30",55
"854","2009-01-31",45
"855","2009-02-01",45
"856","2009-02-02",65
"857","2009-02-03",61
"858","2009-02-04",55
"859","2009-02-05",61
"860","2009-02-06",57
"861","2009-02-07",46
"862","2009-02-08",46
"863","2009-02-09",60
"864","2009-02-10",57
"865","2009-02-11",59
"866","2009-02-12",56
"867","2009-02-13",57
"868","2009-02-14",46
"869","2009-02-15",47
"870","2009-02-16",58
"871","2009-02-17",56
"872","2009-02-18",59
"873","2009-02-19",57
"874","2009-02-20",58
"875","2009-02-21",75
"876","2009-02-22",100
"877","2009-02-23",76
"878","2009-02-24",62
"879","2009-02-25",60
"880","2009-02-26",58
"881","2009-02-27",55
"882","2009-02-28",46
"883","2009-03-01",45
"884","2009-03-02",54
"885","2009-03-03",57
"886","2009-03-04",57
"887","2009-03-05",58
"888","2009-03-06",55
"889","2009-03-07",47
"890","2009-03-08",49
"891","2009-03-09",59
"892","2009-03-10",56
"893","2009-03-11",58
"894","2009-03-12",58
"895","2009-03-13",53
"896","2009-03-14",49
"897","2009-03-15",47
"898","2009-03-16",59
"899","2009-03-17",56
"900","2009-03-18",56
"901","2009-03-19",56
"902","2009-03-20",54
"903","2009-03-21",46
"904","2009-03-22",49
"905","2009-03-23",55
"906","2009-03-24",55
"907","2009-03-25",57
"908","2009-03-26",58
"909","2009-03-27",55
"910","2009-03-28",45
"911","2009-03-29",47
"912","2009-03-30",58
"913","2009-03-31",55
"914","2009-04-01",85
"915","2009-04-02",87
"916","2009-04-03",82
"917","2009-04-04",84
"918","2009-04-05",76
"919","2009-04-06",93
"920","2009-04-07",84
"921","2009-04-08",85
"922","2009-04-09",87
"923","2009-04-10",75
"924","2009-04-11",65
"925","2009-04-12",68
"926","2009-04-13",74
"927","2009-04-14",85
"928","2009-04-15",85
"929","2009-04-16",82
"930","2009-04-17",87
"931","2009-04-18",72
"932","2009-04-19",68
"933","2009-04-20",85
"934","2009-04-21",83
"935","2009-04-22",87
"936","2009-04-23",83
"937","2009-04-24",88
"938","2009-04-25",67
"939","2009-04-26",74
"940","2009-04-27",90
"941","2009-04-28",88
"942","2009-04-29",89
"943","2009-04-30",85
"944","2009-05-01",85
"945","2009-05-02",72
"946","2009-05-03",73
"947","2009-05-04",82
"948","2009-05-05",89
"949","2009-05-06",86
"950","2009-05-07",90
"951","2009-05-08",88
"952","2009-05-09",71
"953","2009-05-10",72
"954","2009-05-11",96
"955","2009-05-12",91
"956","2009-05-13",92
"957","2009-05-14",93
"958","2009-05-15",87
"959","2009-05-16",76
"960","2009-05-17",73
"961","2009-05-18",91
"962","2009-05-19",96
"963","2009-05-20",94
"964","2009-05-21",89
"965","2009-05-22",91
"966","2009-05-23",74
"967","2009-05-24",74
"968","2009-05-25",78
"969","2009-05-26",92
"970","2009-05-27",94
"971","2009-05-28",88
"972","2009-05-29",85
"973","2009-05-30",70
"974","2009-05-31",76
"975","2009-06-01",88
"976","2009-06-02",89
"977","2009-06-03",93
"978","2009-06-04",91
"979","2009-06-05",100
"980","2009-06-06",78
"981","2009-06-07",75
"982","2009-06-08",94
"983","2009-06-09",89
"984","2009-06-10",90
"985","2009-06-11",88
"986","2009-06-12",93
"987","2009-06-13",80
"988","2009-06-14",76
"989","2009-06-15",91
"990","2009-06-16",93
"991","2009-06-17",96
"992","2009-06-18",93
"993","2009-06-19",97
"994","2009-06-20",80
"995","2009-06-21",74
"996","2009-06-22",92
"997","2009-06-23",89
"998","2009-06-24",88
"999","2009-06-25",91
"1000","2009-06-26",87
"1001","2009-06-27",77
"1002","2009-06-28",70
"1003","2009-06-29",89
"1004","2009-06-30",95
"1005","2009-07-01",85
"1006","2009-07-02",84
"1007","2009-07-03",91
"1008","2009-07-04",74
"1009","2009-07-05",74
"1010","2009-07-06",94
"1011","2009-07-07",91
"1012","2009-07-08",90
"1013","2009-07-09",90
"1014","2009-07-10",88
"1015","2009-07-11",80
"1016","2009-07-12",74
"1017","2009-07-13",100
"1018","2009-07-14",97
"1019","2009-07-15",93
"1020","2009-07-16",92
"1021","2009-07-17",93
"1022","2009-07-18",73
"1023","2009-07-19",77
"1024","2009-07-20",90
"1025","2009-07-21",91
"1026","2009-07-22",87
"1027","2009-07-23",89
"1028","2009-07-24",89
"1029","2009-07-25",78
"1030","2009-07-26",77
"1031","2009-07-27",91
"1032","2009-07-28",86
"1033","2009-07-29",89
"1034","2009-07-30",89
"1035","2009-07-31",88
"1036","2009-08-01",80
"1037","2009-08-02",75
"1038","2009-08-03",88
"1039","2009-08-04",92
"1040","2009-08-05",90
"1041","2009-08-06",86
"1042","2009-08-07",88
"1043","2009-08-08",73
"1044","2009-08-09",71
"1045","2009-08-10",90
"1046","2009-08-11",85
"1047","2009-08-12",89
"1048","2009-08-13",87
"1049","2009-08-14",82
"1050","2009-08-15",76
"1051","2009-08-16",71
"1052","2009-08-17",91
"1053","2009-08-18",85
"1054","2009-08-19",88
"1055","2009-08-20",88
"1056","2009-08-21",85
"1057","2009-08-22",71
"1058","2009-08-23",71
"1059","2009-08-24",82
"1060","2009-08-25",84
"1061","2009-08-26",83
"1062","2009-08-27",86
"1063","2009-08-28",81
"1064","2009-08-29",71
"1065","2009-08-30",71
"1066","2009-08-31",80
"1067","2009-09-01",83
"1068","2009-09-02",85
"1069","2009-09-03",85
"1070","2009-09-04",85
"1071","2009-09-05",72
"1072","2009-09-06",68
"1073","2009-09-07",85
"1074","2009-09-08",81
"1075","2009-09-09",82
"1076","2009-09-10",82
"1077","2009-09-11",80
"1078","2009-09-12",67
"1079","2009-09-13",64
"1080","2009-09-14",83
"1081","2009-09-15",81
"1082","2009-09-16",79
"1083","2009-09-17",83
"1084","2009-09-18",82
"1085","2009-09-19",67
"1086","2009-09-20",64
"1087","2009-09-21",86
"1088","2009-09-22",88
"1089","2009-09-23",81
"1090","2009-09-24",84
"1091","2009-09-25",78
"1092","2009-09-26",68
"1093","2009-09-27",68
"1094","2009-09-28",84
"1095","2009-09-29",80
"1096","2009-09-30",78
"1097","2009-10-01",85
"1098","2009-10-02",89
"1099","2009-10-03",69
"1100","2009-10-04",68
"1101","2009-10-05",86
"1102","2009-10-06",89
"1103","2009-10-07",87
"1104","2009-10-08",87
"1105","2009-10-09",85
"1106","2009-10-10",72
"1107","2009-10-11",70
"1108","2009-10-12",90
"1109","2009-10-13",88
"1110","2009-10-14",91
"1111","2009-10-15",92
"1112","2009-10-16",87
"1113","2009-10-17",81
"1114","2009-10-18",81
"1115","2009-10-19",99
"1116","2009-10-20",92
"1117","2009-10-21",94
"1118","2009-10-22",86
"1119","2009-10-23",88
"1120","2009-10-24",75
"1121","2009-10-25",74
"1122","2009-10-26",92
"1123","2009-10-27",88
"1124","2009-10-28",90
"1125","2009-10-29",90
"1126","2009-10-30",89
"1127","2009-10-31",74
"1128","2009-11-01",76
"1129","2009-11-02",97
"1130","2009-11-03",92
"1131","2009-11-04",92
"1132","2009-11-05",100
"1133","2009-11-06",94
"1134","2009-11-07",81
"1135","2009-11-08",82
"1136","2009-11-09",98
"1137","2009-11-10",97
"1138","2009-11-11",94
"1139","2009-11-12",95
"1140","2009-11-13",95
"1141","2009-11-14",80
"1142","2009-11-15",85
"1143","2009-11-16",96
"1144","2009-11-17",98
"1145","2009-11-18",97
"1146","2009-11-19",91
"1147","2009-11-20",91
"1148","2009-11-21",77
"1149","2009-11-22",77
"1150","2009-11-23",92
"1151","2009-11-24",91
"1152","2009-11-25",92
"1153","2009-11-26",91
"1154","2009-11-27",93
"1155","2009-11-28",78
"1156","2009-11-29",75
"1157","2009-11-30",93
"1158","2009-12-01",88
"1159","2009-12-02",92
"1160","2009-12-03",90
"1161","2009-12-04",91
"1162","2009-12-05",78
"1163","2009-12-06",74
"1164","2009-12-07",89
"1165","2009-12-08",88
"1166","2009-12-09",88
"1167","2009-12-10",89
"1168","2009-12-11",84
"1169","2009-12-12",75
"1170","2009-12-13",74
"1171","2009-12-14",87
"1172","2009-12-15",86
"1173","2009-12-16",88
"1174","2009-12-17",83
"1175","2009-12-18",80
"1176","2009-12-19",71
"1177","2009-12-20",67
"1178","2009-12-21",85
"1179","2009-12-22",81
"1180","2009-12-23",82
"1181","2009-12-24",69
"1182","2009-12-25",59
"1183","2009-12-26",67
"1184","2009-12-27",69
"1185","2009-12-28",73
"1186","2009-12-29",80
"1187","2009-12-30",81
"1188","2009-12-31",79
"1189","2010-01-01",53
"1190","2010-01-02",54
"1191","2010-01-03",49
"1192","2010-01-04",63
"1193","2010-01-05",66
"1194","2010-01-06",69
"1195","2010-01-07",66
"1196","2010-01-08",62
"1197","2010-01-09",53
"1198","2010-01-10",51
"1199","2010-01-11",65
"1200","2010-01-12",63
"1201","2010-01-13",62
"1202","2010-01-14",65
"1203","2010-01-15",61
"1204","2010-01-16",52
"1205","2010-01-17",53
"1206","2010-01-18",64
"1207","2010-01-19",63
"1208","2010-01-20",64
"1209","2010-01-21",63
"1210","2010-01-22",58
"1211","2010-01-23",50
"1212","2010-01-24",52
"1213","2010-01-25",62
"1214","2010-01-26",61
"1215","2010-01-27",61
"1216","2010-01-28",61
"1217","2010-01-29",59
"1218","2010-01-30",50
"1219","2010-01-31",50
"1220","2010-02-01",62
"1221","2010-02-02",59
"1222","2010-02-03",61
"1223","2010-02-04",62
"1224","2010-02-05",59
"1225","2010-02-06",50
"1226","2010-02-07",50
"1227","2010-02-08",63
"1228","2010-02-09",60
"1229","2010-02-10",60
"1230","2010-02-11",58
"1231","2010-02-12",58
"1232","2010-02-13",50
"1233","2010-02-14",50
"1234","2010-02-15",62
"1235","2010-02-16",61
"1236","2010-02-17",58
"1237","2010-02-18",58
"1238","2010-02-19",56
"1239","2010-02-20",50
"1240","2010-02-21",51
"1241","2010-02-22",59
"1242","2010-02-23",61
"1243","2010-02-24",59
"1244","2010-02-25",62
"1245","2010-02-26",59
"1246","2010-02-27",49
"1247","2010-02-28",50
"1248","2010-03-01",61
"1249","2010-03-02",60
"1250","2010-03-03",65
"1251","2010-03-04",83
"1252","2010-03-05",100
"1253","2010-03-06",60
"1254","2010-03-07",55
"1255","2010-03-08",62
"1256","2010-03-09",63
"1257","2010-03-10",62
"1258","2010-03-11",62
"1259","2010-03-12",61
"1260","2010-03-13",51
"1261","2010-03-14",48
"1262","2010-03-15",61
"1263","2010-03-16",62
"1264","2010-03-17",60
"1265","2010-03-18",61
"1266","2010-03-19",61
"1267","2010-03-20",51
"1268","2010-03-21",49
"1269","2010-03-22",63
"1270","2010-03-23",62
"1271","2010-03-24",60
"1272","2010-03-25",61
"1273","2010-03-26",58
"1274","2010-03-27",53
"1275","2010-03-28",51
"1276","2010-03-29",63
"1277","2010-03-30",61
"1278","2010-03-31",59
"1279","2010-04-01",86
"1280","2010-04-02",77
"1281","2010-04-03",72
"1282","2010-04-04",67
"1283","2010-04-05",69
"1284","2010-04-06",84
"1285","2010-04-07",88
"1286","2010-04-08",86
"1287","2010-04-09",81
"1288","2010-04-10",72
"1289","2010-04-11",76
"1290","2010-04-12",89
"1291","2010-04-13",88
"1292","2010-04-14",85
"1293","2010-04-15",86
"1294","2010-04-16",83
"1295","2010-04-17",72
"1296","2010-04-18",65
"1297","2010-04-19",88
"1298","2010-04-20",87
"1299","2010-04-21",82
"1300","2010-04-22",86
"1301","2010-04-23",83
"1302","2010-04-24",73
"1303","2010-04-25",67
"1304","2010-04-26",91
"1305","2010-04-27",90
"1306","2010-04-28",90
"1307","2010-04-29",86
"1308","2010-04-30",85
"1309","2010-05-01",73
"1310","2010-05-02",69
"1311","2010-05-03",83
"1312","2010-05-04",88
"1313","2010-05-05",93
"1314","2010-05-06",89
"1315","2010-05-07",90
"1316","2010-05-08",74
"1317","2010-05-09",73
"1318","2010-05-10",91
"1319","2010-05-11",87
"1320","2010-05-12",85
"1321","2010-05-13",86
"1322","2010-05-14",87
"1323","2010-05-15",74
"1324","2010-05-16",73
"1325","2010-05-17",92
"1326","2010-05-18",96
"1327","2010-05-19",100
"1328","2010-05-20",98
"1329","2010-05-21",92
"1330","2010-05-22",77
"1331","2010-05-23",74
"1332","2010-05-24",92
"1333","2010-05-25",94
"1334","2010-05-26",92
"1335","2010-05-27",85
"1336","2010-05-28",89
"1337","2010-05-29",77
"1338","2010-05-30",70
"1339","2010-05-31",81
"1340","2010-06-01",87
"1341","2010-06-02",92
"1342","2010-06-03",91
"1343","2010-06-04",94
"1344","2010-06-05",84
"1345","2010-06-06",85
"1346","2010-06-07",99
"1347","2010-06-08",92
"1348","2010-06-09",89
"1349","2010-06-10",90
"1350","2010-06-11",82
"1351","2010-06-12",70
"1352","2010-06-13",72
"1353","2010-06-14",87
"1354","2010-06-15",83
"1355","2010-06-16",86
"1356","2010-06-17",85
"1357","2010-06-18",81
"1358","2010-06-19",72
"1359","2010-06-20",70
"1360","2010-06-21",87
"1361","2010-06-22",82
"1362","2010-06-23",81
"1363","2010-06-24",82
"1364","2010-06-25",80
"1365","2010-06-26",74
"1366","2010-06-27",71
"1367","2010-06-28",87
"1368","2010-06-29",92
"1369","2010-06-30",91
"1370","2010-07-01",97
"1371","2010-07-02",87
"1372","2010-07-03",76
"1373","2010-07-04",78
"1374","2010-07-05",94
"1375","2010-07-06",94
"1376","2010-07-07",91
"1377","2010-07-08",93
"1378","2010-07-09",93
"1379","2010-07-10",78
"1380","2010-07-11",72
"1381","2010-07-12",91
"1382","2010-07-13",92
"1383","2010-07-14",95
"1384","2010-07-15",94
"1385","2010-07-16",88
"1386","2010-07-17",80
"1387","2010-07-18",81
"1388","2010-07-19",99
"1389","2010-07-20",98
"1390","2010-07-21",100
"1391","2010-07-22",99
"1392","2010-07-23",98
"1393","2010-07-24",84
"1394","2010-07-25",82
"1395","2010-07-26",97
"1396","2010-07-27",96
"1397","2010-07-28",96
"1398","2010-07-29",95
"1399","2010-07-30",91
"1400","2010-07-31",77
"1401","2010-08-01",81
"1402","2010-08-02",98
"1403","2010-08-03",92
"1404","2010-08-04",95
"1405","2010-08-05",93
"1406","2010-08-06",93
"1407","2010-08-07",81
"1408","2010-08-08",78
"1409","2010-08-09",95
"1410","2010-08-10",96
"1411","2010-08-11",95
"1412","2010-08-12",96
"1413","2010-08-13",92
"1414","2010-08-14",79
"1415","2010-08-15",75
"1416","2010-08-16",99
"1417","2010-08-17",89
"1418","2010-08-18",97
"1419","2010-08-19",95
"1420","2010-08-20",95
"1421","2010-08-21",84
"1422","2010-08-22",82
"1423","2010-08-23",97
"1424","2010-08-24",95
"1425","2010-08-25",94
"1426","2010-08-26",90
"1427","2010-08-27",88
"1428","2010-08-28",82
"1429","2010-08-29",77
"1430","2010-08-30",86
"1431","2010-08-31",96
"1432","2010-09-01",91
"1433","2010-09-02",93
"1434","2010-09-03",88
"1435","2010-09-04",71
"1436","2010-09-05",79
"1437","2010-09-06",92
"1438","2010-09-07",92
"1439","2010-09-08",95
"1440","2010-09-09",94
"1441","2010-09-10",94
"1442","2010-09-11",75
"1443","2010-09-12",81
"1444","2010-09-13",94
"1445","2010-09-14",92
"1446","2010-09-15",92
"1447","2010-09-16",92
"1448","2010-09-17",88
"1449","2010-09-18",76
"1450","2010-09-19",73
"1451","2010-09-20",94
"1452","2010-09-21",91
"1453","2010-09-22",90
"1454","2010-09-23",94
"1455","2010-09-24",89
"1456","2010-09-25",73
"1457","2010-09-26",74
"1458","2010-09-27",100
"1459","2010-09-28",93
"1460","2010-09-29",92
"1461","2010-09-30",91
"1462","2010-10-01",72
"1463","2010-10-02",58
"1464","2010-10-03",59
"1465","2010-10-04",77
"1466","2010-10-05",74
"1467","2010-10-06",77
"1468","2010-10-07",78
"1469","2010-10-08",73
"1470","2010-10-09",62
"1471","2010-10-10",62
"1472","2010-10-11",79
"1473","2010-10-12",80
"1474","2010-10-13",77
"1475","2010-10-14",75
"1476","2010-10-15",76
"1477","2010-10-16",59
"1478","2010-10-17",63
"1479","2010-10-18",80
"1480","2010-10-19",76
"1481","2010-10-20",75
"1482","2010-10-21",77
"1483","2010-10-22",69
"1484","2010-10-23",58
"1485","2010-10-24",58
"1486","2010-10-25",70
"1487","2010-10-26",73
"1488","2010-10-27",70
"1489","2010-10-28",70
"1490","2010-10-29",72
"1491","2010-10-30",57
"1492","2010-10-31",58
"1493","2010-11-01",71
"1494","2010-11-02",74
"1495","2010-11-03",74
"1496","2010-11-04",73
"1497","2010-11-05",78
"1498","2010-11-06",61
"1499","2010-11-07",64
"1500","2010-11-08",76
"1501","2010-11-09",74
"1502","2010-11-10",71
"1503","2010-11-11",73
"1504","2010-11-12",71
"1505","2010-11-13",65
"1506","2010-11-14",62
"1507","2010-11-15",79
"1508","2010-11-16",76
"1509","2010-11-17",78
"1510","2010-11-18",77
"1511","2010-11-19",75
"1512","2010-11-20",64
"1513","2010-11-21",67
"1514","2010-11-22",100
"1515","2010-11-23",80
"1516","2010-11-24",78
"1517","2010-11-25",71
"1518","2010-11-26",70
"1519","2010-11-27",59
"1520","2010-11-28",59
"1521","2010-11-29",73
"1522","2010-11-30",73
"1523","2010-12-01",76
"1524","2010-12-02",76
"1525","2010-12-03",72
"1526","2010-12-04",59
"1527","2010-12-05",59
"1528","2010-12-06",80
"1529","2010-12-07",74
"1530","2010-12-08",73
"1531","2010-12-09",72
"1532","2010-12-10",72
"1533","2010-12-11",62
"1534","2010-12-12",62
"1535","2010-12-13",75
"1536","2010-12-14",73
"1537","2010-12-15",72
"1538","2010-12-16",72
"1539","2010-12-17",68
"1540","2010-12-18",65
"1541","2010-12-19",59
"1542","2010-12-20",72
"1543","2010-12-21",69
"1544","2010-12-22",69
"1545","2010-12-23",66
"1546","2010-12-24",54
"1547","2010-12-25",45
"1548","2010-12-26",52
"1549","2010-12-27",59
"1550","2010-12-28",62
"1551","2010-12-29",63
"1552","2010-12-30",66
"1553","2010-12-31",60
"1554","2011-01-01",47
"1555","2011-01-02",46
"1556","2011-01-03",52
"1557","2011-01-04",55
"1558","2011-01-05",56
"1559","2011-01-06",57
"1560","2011-01-07",54
"1561","2011-01-08",49
"1562","2011-01-09",47
"1563","2011-01-10",58
"1564","2011-01-11",57
"1565","2011-01-12",54
"1566","2011-01-13",59
"1567","2011-01-14",56
"1568","2011-01-15",49
"1569","2011-01-16",50
"1570","2011-01-17",61
"1571","2011-01-18",58
"1572","2011-01-19",59
"1573","2011-01-20",59
"1574","2011-01-21",56
"1575","2011-01-22",48
"1576","2011-01-23",46
"1577","2011-01-24",60
"1578","2011-01-25",57
"1579","2011-01-26",57
"1580","2011-01-27",59
"1581","2011-01-28",61
"1582","2011-01-29",52
"1583","2011-01-30",49
"1584","2011-01-31",64
"1585","2011-02-01",60
"1586","2011-02-02",56
"1587","2011-02-03",57
"1588","2011-02-04",56
"1589","2011-02-05",46
"1590","2011-02-06",47
"1591","2011-02-07",64
"1592","2011-02-08",72
"1593","2011-02-09",62
"1594","2011-02-10",61
"1595","2011-02-11",59
"1596","2011-02-12",46
"1597","2011-02-13",47
"1598","2011-02-14",56
"1599","2011-02-15",56
"1600","2011-02-16",55
"1601","2011-02-17",56
"1602","2011-02-18",55
"1603","2011-02-19",48
"1604","2011-02-20",46
"1605","2011-02-21",57
"1606","2011-02-22",56
"1607","2011-02-23",55
"1608","2011-02-24",54
"1609","2011-02-25",53
"1610","2011-02-26",46
"1611","2011-02-27",43
"1612","2011-02-28",53
"1613","2011-03-01",54
"1614","2011-03-02",57
"1615","2011-03-03",55
"1616","2011-03-04",54
"1617","2011-03-05",47
"1618","2011-03-06",47
"1619","2011-03-07",58
"1620","2011-03-08",54
"1621","2011-03-09",57
"1622","2011-03-10",57
"1623","2011-03-11",53
"1624","2011-03-12",43
"1625","2011-03-13",40
"1626","2011-03-14",52
"1627","2011-03-15",53
"1628","2011-03-16",55
"1629","2011-03-17",54
"1630","2011-03-18",52
"1631","2011-03-19",44
"1632","2011-03-20",44
"1633","2011-03-21",58
"1634","2011-03-22",55
"1635","2011-03-23",55
"1636","2011-03-24",81
"1637","2011-03-25",100
"1638","2011-03-26",57
"1639","2011-03-27",51
"1640","2011-03-28",62
"1641","2011-03-29",56
"1642","2011-03-30",58
"1643","2011-03-31",55
"1644","2011-04-01",89
"1645","2011-04-02",75
"1646","2011-04-03",73
"1647","2011-04-04",91
"1648","2011-04-05",94
"1649","2011-04-06",91
"1650","2011-04-07",93
"1651","2011-04-08",91
"1652","2011-04-09",79
"1653","2011-04-10",74
"1654","2011-04-11",95
"1655","2011-04-12",92
"1656","2011-04-13",93
"1657","2011-04-14",95
"1658","2011-04-15",91
"1659","2011-04-16",72
"1660","2011-04-17",74
"1661","2011-04-18",93
"1662","2011-04-19",94
"1663","2011-04-20",89
"1664","2011-04-21",90
"1665","2011-04-22",82
"1666","2011-04-23",76
"1667","2011-04-24",74
"1668","2011-04-25",79
"1669","2011-04-26",96
"1670","2011-04-27",93
"1671","2011-04-28",90
"1672","2011-04-29",82
"1673","2011-04-30",80
"1674","2011-05-01",80
"1675","2011-05-02",85
"1676","2011-05-03",94
"1677","2011-05-04",92
"1678","2011-05-05",98
"1679","2011-05-06",94
"1680","2011-05-07",84
"1681","2011-05-08",78
"1682","2011-05-09",97
"1683","2011-05-10",91
"1684","2011-05-11",95
"1685","2011-05-12",97
"1686","2011-05-13",94
"1687","2011-05-14",76
"1688","2011-05-15",82
"1689","2011-05-16",100
"1690","2011-05-17",93
"1691","2011-05-18",92
"1692","2011-05-19",91
"1693","2011-05-20",88
"1694","2011-05-21",74
"1695","2011-05-22",75
"1696","2011-05-23",93
"1697","2011-05-24",92
"1698","2011-05-25",98
"1699","2011-05-26",95
"1700","2011-05-27",92
"1701","2011-05-28",81
"1702","2011-05-29",80
"1703","2011-05-30",85
"1704","2011-05-31",88
"1705","2011-06-01",93
"1706","2011-06-02",89
"1707","2011-06-03",92
"1708","2011-06-04",77
"1709","2011-06-05",80
"1710","2011-06-06",93
"1711","2011-06-07",92
"1712","2011-06-08",90
"1713","2011-06-09",93
"1714","2011-06-10",90
"1715","2011-06-11",78
"1716","2011-06-12",77
"1717","2011-06-13",87
"1718","2011-06-14",90
"1719","2011-06-15",93
"1720","2011-06-16",89
"1721","2011-06-17",90
"1722","2011-06-18",79
"1723","2011-06-19",78
"1724","2011-06-20",96
"1725","2011-06-21",96
"1726","2011-06-22",89
"1727","2011-06-23",84
"1728","2011-06-24",86
"1729","2011-06-25",75
"1730","2011-06-26",78
"1731","2011-06-27",95
"1732","2011-06-28",87
"1733","2011-06-29",90
"1734","2011-06-30",92
"1735","2011-07-01",64
"1736","2011-07-02",55
"1737","2011-07-03",54
"1738","2011-07-04",64
"1739","2011-07-05",64
"1740","2011-07-06",67
"1741","2011-07-07",68
"1742","2011-07-08",65
"1743","2011-07-09",57
"1744","2011-07-10",56
"1745","2011-07-11",66
"1746","2011-07-12",67
"1747","2011-07-13",65
"1748","2011-07-14",66
"1749","2011-07-15",64
"1750","2011-07-16",57
"1751","2011-07-17",54
"1752","2011-07-18",65
"1753","2011-07-19",64
"1754","2011-07-20",68
"1755","2011-07-21",64
"1756","2011-07-22",63
"1757","2011-07-23",55
"1758","2011-07-24",53
"1759","2011-07-25",63
"1760","2011-07-26",64
"1761","2011-07-27",66
"1762","2011-07-28",63
"1763","2011-07-29",60
"1764","2011-07-30",55
"1765","2011-07-31",51
"1766","2011-08-01",63
"1767","2011-08-02",63
"1768","2011-08-03",62
"1769","2011-08-04",65
"1770","2011-08-05",60
"1771","2011-08-06",52
"1772","2011-08-07",51
"1773","2011-08-08",66
"1774","2011-08-09",100
"1775","2011-08-10",81
"1776","2011-08-11",65
"1777","2011-08-12",65
"1778","2011-08-13",55
"1779","2011-08-14",52
"1780","2011-08-15",62
"1781","2011-08-16",63
"1782","2011-08-17",63
"1783","2011-08-18",74
"1784","2011-08-19",66
"1785","2011-08-20",63
"1786","2011-08-21",60
"1787","2011-08-22",65
"1788","2011-08-23",63
"1789","2011-08-24",61
"1790","2011-08-25",63
"1791","2011-08-26",62
"1792","2011-08-27",51
"1793","2011-08-28",54
"1794","2011-08-29",60
"1795","2011-08-30",65
"1796","2011-08-31",68
"1797","2011-09-01",65
"1798","2011-09-02",63
"1799","2011-09-03",53
"1800","2011-09-04",53
"1801","2011-09-05",60
"1802","2011-09-06",60
"1803","2011-09-07",60
"1804","2011-09-08",59
"1805","2011-09-09",59
"1806","2011-09-10",51
"1807","2011-09-11",49
"1808","2011-09-12",63
"1809","2011-09-13",57
"1810","2011-09-14",60
"1811","2011-09-15",60
"1812","2011-09-16",60
"1813","2011-09-17",46
"1814","2011-09-18",49
"1815","2011-09-19",64
"1816","2011-09-20",60
"1817","2011-09-21",57
"1818","2011-09-22",59
"1819","2011-09-23",62
"1820","2011-09-24",54
"1821","2011-09-25",53
"1822","2011-09-26",64
"1823","2011-09-27",63
"1824","2011-09-28",61
"1825","2011-09-29",62
"1826","2011-09-30",61
"1827","2011-10-01",77
"1828","2011-10-02",73
"1829","2011-10-03",94
"1830","2011-10-04",90
"1831","2011-10-05",89
"1832","2011-10-06",91
"1833","2011-10-07",87
"1834","2011-10-08",73
"1835","2011-10-09",73
"1836","2011-10-10",100
"1837","2011-10-11",91
"1838","2011-10-12",89
"1839","2011-10-13",94
"1840","2011-10-14",86
"1841","2011-10-15",70
"1842","2011-10-16",73
"1843","2011-10-17",89
"1844","2011-10-18",91
"1845","2011-10-19",92
"1846","2011-10-20",86
"1847","2011-10-21",83
"1848","2011-10-22",69
"1849","2011-10-23",74
"1850","2011-10-24",92
"1851","2011-10-25",91
"1852","2011-10-26",86
"1853","2011-10-27",87
"1854","2011-10-28",82
"1855","2011-10-29",69
"1856","2011-10-30",73
"1857","2011-10-31",89
"1858","2011-11-01",86
"1859","2011-11-02",93
"1860","2011-11-03",91
"1861","2011-11-04",89
"1862","2011-11-05",71
"1863","2011-11-06",74
"1864","2011-11-07",89
"1865","2011-11-08",87
"1866","2011-11-09",88
"1867","2011-11-10",84
"1868","2011-11-11",83
"1869","2011-11-12",69
"1870","2011-11-13",68
"1871","2011-11-14",89
"1872","2011-11-15",84
"1873","2011-11-16",84
"1874","2011-11-17",90
"1875","2011-11-18",82
"1876","2011-11-19",72
"1877","2011-11-20",72
"1878","2011-11-21",87
"1879","2011-11-22",90
"1880","2011-11-23",82
"1881","2011-11-24",83
"1882","2011-11-25",82
"1883","2011-11-26",68
"1884","2011-11-27",74
"1885","2011-11-28",90
"1886","2011-11-29",90
"1887","2011-11-30",94
"1888","2011-12-01",90
"1889","2011-12-02",84
"1890","2011-12-03",70
"1891","2011-12-04",76
"1892","2011-12-05",88
"1893","2011-12-06",88
"1894","2011-12-07",84
"1895","2011-12-08",87
"1896","2011-12-09",84
"1897","2011-12-10",72
"1898","2011-12-11",70
"1899","2011-12-12",88
"1900","2011-12-13",88
"1901","2011-12-14",84
"1902","2011-12-15",83
"1903","2011-12-16",80
"1904","2011-12-17",66
"1905","2011-12-18",67
"1906","2011-12-19",83
"1907","2011-12-20",79
"1908","2011-12-21",78
"1909","2011-12-22",78
"1910","2011-12-23",69
"1911","2011-12-24",61
"1912","2011-12-25",62
"1913","2011-12-26",69
"1914","2011-12-27",78
"1915","2011-12-28",83
"1916","2011-12-29",80
"1917","2011-12-30",75
"1918","2011-12-31",70
"1919","2012-01-01",49
"1920","2012-01-02",56
"1921","2012-01-03",59
"1922","2012-01-04",57
"1923","2012-01-05",57
"1924","2012-01-06",55
"1925","2012-01-07",49
"1926","2012-01-08",50
"1927","2012-01-09",60
"1928","2012-01-10",57
"1929","2012-01-11",58
"1930","2012-01-12",59
"1931","2012-01-13",54
"1932","2012-01-14",46
"1933","2012-01-15",48
"1934","2012-01-16",58
"1935","2012-01-17",59
"1936","2012-01-18",57
"1937","2012-01-19",58
"1938","2012-01-20",59
"1939","2012-01-21",49
"1940","2012-01-22",48
"1941","2012-01-23",58
"1942","2012-01-24",57
"1943","2012-01-25",58
"1944","2012-01-26",59
"1945","2012-01-27",58
"1946","2012-01-28",49
"1947","2012-01-29",49
"1948","2012-01-30",61
"1949","2012-01-31",61
"1950","2012-02-01",59
"1951","2012-02-02",57
"1952","2012-02-03",56
"1953","2012-02-04",49
"1954","2012-02-05",48
"1955","2012-02-06",58
"1956","2012-02-07",58
"1957","2012-02-08",57
"1958","2012-02-09",57
"1959","2012-02-10",56
"1960","2012-02-11",47
"1961","2012-02-12",47
"1962","2012-02-13",59
"1963","2012-02-14",56
"1964","2012-02-15",56
"1965","2012-02-16",57
"1966","2012-02-17",56
"1967","2012-02-18",48
"1968","2012-02-19",47
"1969","2012-02-20",59
"1970","2012-02-21",62
"1971","2012-02-22",62
"1972","2012-02-23",59
"1973","2012-02-24",58
"1974","2012-02-25",52
"1975","2012-02-26",48
"1976","2012-02-27",59
"1977","2012-02-28",64
"1978","2012-02-29",62
"1979","2012-03-01",62
"1980","2012-03-02",60
"1981","2012-03-03",49
"1982","2012-03-04",49
"1983","2012-03-05",61
"1984","2012-03-06",58
"1985","2012-03-07",55
"1986","2012-03-08",57
"1987","2012-03-09",56
"1988","2012-03-10",47
"1989","2012-03-11",45
"1990","2012-03-12",59
"1991","2012-03-13",58
"1992","2012-03-14",58
"1993","2012-03-15",56
"1994","2012-03-16",54
"1995","2012-03-17",46
"1996","2012-03-18",48
"1997","2012-03-19",59
"1998","2012-03-20",60
"1999","2012-03-21",59
"2000","2012-03-22",90
"2001","2012-03-23",100
"2002","2012-03-24",58
"2003","2012-03-25",53
"2004","2012-03-26",60
"2005","2012-03-27",56
"2006","2012-03-28",55
"2007","2012-03-29",59
"2008","2012-03-30",53
"2009","2012-03-31",46
"2010","2012-04-01",76
"2011","2012-04-02",93
"2012","2012-04-03",95
"2013","2012-04-04",92
"2014","2012-04-05",94
"2015","2012-04-06",85
"2016","2012-04-07",80
"2017","2012-04-08",72
"2018","2012-04-09",78
"2019","2012-04-10",92
"2020","2012-04-11",91
"2021","2012-04-12",96
"2022","2012-04-13",93
"2023","2012-04-14",77
"2024","2012-04-15",80
"2025","2012-04-16",95
"2026","2012-04-17",96
"2027","2012-04-18",94
"2028","2012-04-19",97
"2029","2012-04-20",97
"2030","2012-04-21",80
"2031","2012-04-22",82
"2032","2012-04-23",96
"2033","2012-04-24",96
"2034","2012-04-25",95
"2035","2012-04-26",93
"2036","2012-04-27",89
"2037","2012-04-28",82
"2038","2012-04-29",79
"2039","2012-04-30",90
"2040","2012-05-01",88
"2041","2012-05-02",89
"2042","2012-05-03",89
"2043","2012-05-04",93
"2044","2012-05-05",75
"2045","2012-05-06",77
"2046","2012-05-07",91
"2047","2012-05-08",97
"2048","2012-05-09",95
"2049","2012-05-10",95
"2050","2012-05-11",93
"2051","2012-05-12",79
"2052","2012-05-13",73
"2053","2012-05-14",95
"2054","2012-05-15",94
"2055","2012-05-16",96
"2056","2012-05-17",99
"2057","2012-05-18",95
"2058","2012-05-19",81
"2059","2012-05-20",78
"2060","2012-05-21",95
"2061","2012-05-22",93
"2062","2012-05-23",95
"2063","2012-05-24",92
"2064","2012-05-25",93
"2065","2012-05-26",82
"2066","2012-05-27",79
"2067","2012-05-28",94
"2068","2012-05-29",94
"2069","2012-05-30",97
"2070","2012-05-31",95
"2071","2012-06-01",93
"2072","2012-06-02",82
"2073","2012-06-03",77
"2074","2012-06-04",86
"2075","2012-06-05",89
"2076","2012-06-06",90
"2077","2012-06-07",89
"2078","2012-06-08",87
"2079","2012-06-09",78
"2080","2012-06-10",77
"2081","2012-06-11",93
"2082","2012-06-12",91
"2083","2012-06-13",90
"2084","2012-06-14",96
"2085","2012-06-15",91
"2086","2012-06-16",82
"2087","2012-06-17",77
"2088","2012-06-18",95
"2089","2012-06-19",91
"2090","2012-06-20",94
"2091","2012-06-21",95
"2092","2012-06-22",94
"2093","2012-06-23",81
"2094","2012-06-24",81
"2095","2012-06-25",100
"2096","2012-06-26",95
"2097","2012-06-27",100
"2098","2012-06-28",97
"2099","2012-06-29",94
"2100","2012-06-30",83
"2101","2012-07-01",78
"2102","2012-07-02",92
"2103","2012-07-03",91
"2104","2012-07-04",94
"2105","2012-07-05",91
"2106","2012-07-06",93
"2107","2012-07-07",85
"2108","2012-07-08",78
"2109","2012-07-09",98
"2110","2012-07-10",94
"2111","2012-07-11",93
"2112","2012-07-12",94
"2113","2012-07-13",91
"2114","2012-07-14",77
"2115","2012-07-15",79
"2116","2012-07-16",91
"2117","2012-07-17",95
"2118","2012-07-18",93
"2119","2012-07-19",89
"2120","2012-07-20",91
"2121","2012-07-21",83
"2122","2012-07-22",79
"2123","2012-07-23",92
"2124","2012-07-24",94
"2125","2012-07-25",93
"2126","2012-07-26",95
"2127","2012-07-27",88
"2128","2012-07-28",74
"2129","2012-07-29",73
"2130","2012-07-30",92
"2131","2012-07-31",88
"2132","2012-08-01",85
"2133","2012-08-02",88
"2134","2012-08-03",86
"2135","2012-08-04",76
"2136","2012-08-05",81
"2137","2012-08-06",95
"2138","2012-08-07",94
"2139","2012-08-08",90
"2140","2012-08-09",86
"2141","2012-08-10",86
"2142","2012-08-11",75
"2143","2012-08-12",77
"2144","2012-08-13",91
"2145","2012-08-14",91
"2146","2012-08-15",93
"2147","2012-08-16",92
"2148","2012-08-17",90
"2149","2012-08-18",79
"2150","2012-08-19",81
"2151","2012-08-20",98
"2152","2012-08-21",98
"2153","2012-08-22",94
"2154","2012-08-23",98
"2155","2012-08-24",92
"2156","2012-08-25",82
"2157","2012-08-26",79
"2158","2012-08-27",92
"2159","2012-08-28",89
"2160","2012-08-29",98
"2161","2012-08-30",99
"2162","2012-08-31",99
"2163","2012-09-01",88
"2164","2012-09-02",82
"2165","2012-09-03",92
"2166","2012-09-04",93
"2167","2012-09-05",92
"2168","2012-09-06",95
"2169","2012-09-07",91
"2170","2012-09-08",78
"2171","2012-09-09",78
"2172","2012-09-10",91
"2173","2012-09-11",94
"2174","2012-09-12",100
"2175","2012-09-13",94
"2176","2012-09-14",91
"2177","2012-09-15",75
"2178","2012-09-16",78
"2179","2012-09-17",91
"2180","2012-09-18",88
"2181","2012-09-19",93
"2182","2012-09-20",94
"2183","2012-09-21",96
"2184","2012-09-22",85
"2185","2012-09-23",77
"2186","2012-09-24",92
"2187","2012-09-25",95
"2188","2012-09-26",94
"2189","2012-09-27",91
"2190","2012-09-28",89
"2191","2012-09-29",77
"2192","2012-09-30",76
"2193","2012-10-01",93
"2194","2012-10-02",92
"2195","2012-10-03",89
"2196","2012-10-04",90
"2197","2012-10-05",92
"2198","2012-10-06",79
"2199","2012-10-07",77
"2200","2012-10-08",93
"2201","2012-10-09",91
"2202","2012-10-10",100
"2203","2012-10-11",99
"2204","2012-10-12",91
"2205","2012-10-13",81
"2206","2012-10-14",82
"2207","2012-10-15",97
"2208","2012-10-16",91
"2209","2012-10-17",94
"2210","2012-10-18",92
"2211","2012-10-19",90
"2212","2012-10-20",79
"2213","2012-10-21",80
"2214","2012-10-22",95
"2215","2012-10-23",93
"2216","2012-10-24",93
"2217","2012-10-25",93
"2218","2012-10-26",90
"2219","2012-10-27",78
"2220","2012-10-28",75
"2221","2012-10-29",87
"2222","2012-10-30",89
"2223","2012-10-31",85
"2224","2012-11-01",88
"2225","2012-11-02",88
"2226","2012-11-03",79
"2227","2012-11-04",78
"2228","2012-11-05",94
"2229","2012-11-06",87
"2230","2012-11-07",88
"2231","2012-11-08",90
"2232","2012-11-09",90
"2233","2012-11-10",76
"2234","2012-11-11",77
"2235","2012-11-12",91
"2236","2012-11-13",92
"2237","2012-11-14",94
"2238","2012-11-15",92
"2239","2012-11-16",92
"2240","2012-11-17",76
"2241","2012-11-18",74
"2242","2012-11-19",91
"2243","2012-11-20",91
"2244","2012-11-21",90
"2245","2012-11-22",91
"2246","2012-11-23",85
"2247","2012-11-24",77
"2248","2012-11-25",79
"2249","2012-11-26",99
"2250","2012-11-27",99
"2251","2012-11-28",93
"2252","2012-11-29",91
"2253","2012-11-30",86
"2254","2012-12-01",75
"2255","2012-12-02",72
"2256","2012-12-03",92
"2257","2012-12-04",88
"2258","2012-12-05",88
"2259","2012-12-06",90
"2260","2012-12-07",86
"2261","2012-12-08",76
"2262","2012-12-09",71
"2263","2012-12-10",85
"2264","2012-12-11",88
"2265","2012-12-12",88
"2266","2012-12-13",87
"2267","2012-12-14",82
"2268","2012-12-15",74
"2269","2012-12-16",72
"2270","2012-12-17",87
"2271","2012-12-18",89
"2272","2012-12-19",90
"2273","2012-12-20",86
"2274","2012-12-21",79
"2275","2012-12-22",73
"2276","2012-12-23",72
"2277","2012-12-24",72
"2278","2012-12-25",63
"2279","2012-12-26",72
"2280","2012-12-27",91
"2281","2012-12-28",87
"2282","2012-12-29",78
"2283","2012-12-30",73
"2284","2012-12-31",78
"2285","2013-01-01",54
"2286","2013-01-02",58
"2287","2013-01-03",58
"2288","2013-01-04",56
"2289","2013-01-05",49
"2290","2013-01-06",47
"2291","2013-01-07",55
"2292","2013-01-08",59
"2293","2013-01-09",56
"2294","2013-01-10",58
"2295","2013-01-11",57
"2296","2013-01-12",52
"2297","2013-01-13",50
"2298","2013-01-14",59
"2299","2013-01-15",59
"2300","2013-01-16",54
"2301","2013-01-17",57
"2302","2013-01-18",62
"2303","2013-01-19",49
"2304","2013-01-20",51
"2305","2013-01-21",62
"2306","2013-01-22",60
"2307","2013-01-23",57
"2308","2013-01-24",58
"2309","2013-01-25",58
"2310","2013-01-26",49
"2311","2013-01-27",50
"2312","2013-01-28",60
"2313","2013-01-29",59
"2314","2013-01-30",61
"2315","2013-01-31",62
"2316","2013-02-01",57
"2317","2013-02-02",48
"2318","2013-02-03",45
"2319","2013-02-04",57
"2320","2013-02-05",59
"2321","2013-02-06",56
"2322","2013-02-07",58
"2323","2013-02-08",55
"2324","2013-02-09",51
"2325","2013-02-10",49
"2326","2013-02-11",57
"2327","2013-02-12",57
"2328","2013-02-13",57
"2329","2013-02-14",56
"2330","2013-02-15",54
"2331","2013-02-16",49
"2332","2013-02-17",49
"2333","2013-02-18",56
"2334","2013-02-19",56
"2335","2013-02-20",56
"2336","2013-02-21",55
"2337","2013-02-22",57
"2338","2013-02-23",50
"2339","2013-02-24",47
"2340","2013-02-25",59
"2341","2013-02-26",58
"2342","2013-02-27",58
"2343","2013-02-28",61
"2344","2013-03-01",58
"2345","2013-03-02",50
"2346","2013-03-03",50
"2347","2013-03-04",60
"2348","2013-03-05",57
"2349","2013-03-06",60
"2350","2013-03-07",67
"2351","2013-03-08",63
"2352","2013-03-09",56
"2353","2013-03-10",51
"2354","2013-03-11",58
"2355","2013-03-12",57
"2356","2013-03-13",56
"2357","2013-03-14",57
"2358","2013-03-15",56
"2359","2013-03-16",51
"2360","2013-03-17",51
"2361","2013-03-18",58
"2362","2013-03-19",60
"2363","2013-03-20",61
"2364","2013-03-21",93
"2365","2013-03-22",100
"2366","2013-03-23",61
"2367","2013-03-24",54
"2368","2013-03-25",59
"2369","2013-03-26",57
"2370","2013-03-27",58
"2371","2013-03-28",55
"2372","2013-03-29",53
"2373","2013-03-30",51
"2374","2013-03-31",49
"2375","2013-04-01",68
"2376","2013-04-02",77
"2377","2013-04-03",83
"2378","2013-04-04",83
"2379","2013-04-05",81
"2380","2013-04-06",100
"2381","2013-04-07",73
"2382","2013-04-08",83
"2383","2013-04-09",81
"2384","2013-04-10",83
"2385","2013-04-11",78
"2386","2013-04-12",80
"2387","2013-04-13",73
"2388","2013-04-14",71
"2389","2013-04-15",82
"2390","2013-04-16",82
"2391","2013-04-17",80
"2392","2013-04-18",82
"2393","2013-04-19",75
"2394","2013-04-20",72
"2395","2013-04-21",70
"2396","2013-04-22",82
"2397","2013-04-23",82
"2398","2013-04-24",82
"2399","2013-04-25",84
"2400","2013-04-26",82
"2401","2013-04-27",76
"2402","2013-04-28",73
"2403","2013-04-29",85
"2404","2013-04-30",81
"2405","2013-05-01",80
"2406","2013-05-02",83
"2407","2013-05-03",81
"2408","2013-05-04",72
"2409","2013-05-05",68
"2410","2013-05-06",75
"2411","2013-05-07",81
"2412","2013-05-08",86
"2413","2013-05-09",84
"2414","2013-05-10",80
"2415","2013-05-11",69
"2416","2013-05-12",68
"2417","2013-05-13",82
"2418","2013-05-14",82
"2419","2013-05-15",81
"2420","2013-05-16",82
"2421","2013-05-17",78
"2422","2013-05-18",73
"2423","2013-05-19",69
"2424","2013-05-20",83
"2425","2013-05-21",86
"2426","2013-05-22",82
"2427","2013-05-23",86
"2428","2013-05-24",84
"2429","2013-05-25",73
"2430","2013-05-26",68
"2431","2013-05-27",78
"2432","2013-05-28",84
"2433","2013-05-29",81
"2434","2013-05-30",81
"2435","2013-05-31",80
"2436","2013-06-01",71
"2437","2013-06-02",68
"2438","2013-06-03",85
"2439","2013-06-04",81
"2440","2013-06-05",83
"2441","2013-06-06",84
"2442","2013-06-07",80
"2443","2013-06-08",70
"2444","2013-06-09",72
"2445","2013-06-10",85
"2446","2013-06-11",86
"2447","2013-06-12",86
"2448","2013-06-13",83
"2449","2013-06-14",81
"2450","2013-06-15",76
"2451","2013-06-16",70
"2452","2013-06-17",85
"2453","2013-06-18",87
"2454","2013-06-19",84
"2455","2013-06-20",87
"2456","2013-06-21",84
"2457","2013-06-22",74
"2458","2013-06-23",70
"2459","2013-06-24",89
"2460","2013-06-25",86
"2461","2013-06-26",84
"2462","2013-06-27",87
"2463","2013-06-28",84
"2464","2013-06-29",73
"2465","2013-06-30",72
"2466","2013-07-01",93
"2467","2013-07-02",96
"2468","2013-07-03",95
"2469","2013-07-04",94
"2470","2013-07-05",94
"2471","2013-07-06",82
"2472","2013-07-07",77
"2473","2013-07-08",94
"2474","2013-07-09",92
"2475","2013-07-10",93
"2476","2013-07-11",95
"2477","2013-07-12",94
"2478","2013-07-13",86
"2479","2013-07-14",78
"2480","2013-07-15",97
"2481","2013-07-16",96
"2482","2013-07-17",94
"2483","2013-07-18",91
"2484","2013-07-19",91
"2485","2013-07-20",85
"2486","2013-07-21",81
"2487","2013-07-22",95
"2488","2013-07-23",92
"2489","2013-07-24",95
"2490","2013-07-25",93
"2491","2013-07-26",92
"2492","2013-07-27",96
"2493","2013-07-28",87
"2494","2013-07-29",98
"2495","2013-07-30",96
"2496","2013-07-31",94
"2497","2013-08-01",94
"2498","2013-08-02",92
"2499","2013-08-03",81
"2500","2013-08-04",82
"2501","2013-08-05",94
"2502","2013-08-06",94
"2503","2013-08-07",100
"2504","2013-08-08",98
"2505","2013-08-09",95
"2506","2013-08-10",87
"2507","2013-08-11",82
"2508","2013-08-12",95
"2509","2013-08-13",92
"2510","2013-08-14",94
"2511","2013-08-15",94
"2512","2013-08-16",94
"2513","2013-08-17",83
"2514","2013-08-18",84
"2515","2013-08-19",97
"2516","2013-08-20",94
"2517","2013-08-21",94
"2518","2013-08-22",96
"2519","2013-08-23",98
"2520","2013-08-24",91
"2521","2013-08-25",83
"2522","2013-08-26",87
"2523","2013-08-27",90
"2524","2013-08-28",92
"2525","2013-08-29",95
"2526","2013-08-30",93
"2527","2013-08-31",82
"2528","2013-09-01",84
"2529","2013-09-02",95
"2530","2013-09-03",94
"2531","2013-09-04",89
"2532","2013-09-05",87
"2533","2013-09-06",88
"2534","2013-09-07",75
"2535","2013-09-08",74
"2536","2013-09-09",90
"2537","2013-09-10",86
"2538","2013-09-11",89
"2539","2013-09-12",89
"2540","2013-09-13",85
"2541","2013-09-14",73
"2542","2013-09-15",76
"2543","2013-09-16",93
"2544","2013-09-17",90
"2545","2013-09-18",88
"2546","2013-09-19",88
"2547","2013-09-20",85
"2548","2013-09-21",72
"2549","2013-09-22",71
"2550","2013-09-23",91
"2551","2013-09-24",87
"2552","2013-09-25",85
"2553","2013-09-26",88
"2554","2013-09-27",85
"2555","2013-09-28",71
"2556","2013-09-29",69
"2557","2013-09-30",86
"2558","2013-10-01",87
"2559","2013-10-02",90
"2560","2013-10-03",90
"2561","2013-10-04",88
"2562","2013-10-05",86
"2563","2013-10-06",80
"2564","2013-10-07",100
"2565","2013-10-08",93
"2566","2013-10-09",97
"2567","2013-10-10",92
"2568","2013-10-11",89
"2569","2013-10-12",78
"2570","2013-10-13",74
"2571","2013-10-14",91
"2572","2013-10-15",91
"2573","2013-10-16",89
"2574","2013-10-17",89
"2575","2013-10-18",92
"2576","2013-10-19",77
"2577","2013-10-20",74
"2578","2013-10-21",91
"2579","2013-10-22",97
"2580","2013-10-23",95
"2581","2013-10-24",89
"2582","2013-10-25",85
"2583","2013-10-26",77
"2584","2013-10-27",80
"2585","2013-10-28",100
"2586","2013-10-29",88
"2587","2013-10-30",90
"2588","2013-10-31",86
"2589","2013-11-01",85
"2590","2013-11-02",78
"2591","2013-11-03",76
"2592","2013-11-04",95
"2593","2013-11-05",92
"2594","2013-11-06",90
"2595","2013-11-07",91
"2596","2013-11-08",91
"2597","2013-11-09",77
"2598","2013-11-10",74
"2599","2013-11-11",90
"2600","2013-11-12",90
"2601","2013-11-13",92
"2602","2013-11-14",91
"2603","2013-11-15",91
"2604","2013-11-16",78
"2605","2013-11-17",77
"2606","2013-11-18",94
"2607","2013-11-19",92
"2608","2013-11-20",91
"2609","2013-11-21",92
"2610","2013-11-22",90
"2611","2013-11-23",75
"2612","2013-11-24",75
"2613","2013-11-25",88
"2614","2013-11-26",86
"2615","2013-11-27",87
"2616","2013-11-28",85
"2617","2013-11-29",86
"2618","2013-11-30",74
"2619","2013-12-01",68
"2620","2013-12-02",86
"2621","2013-12-03",89
"2622","2013-12-04",91
"2623","2013-12-05",96
"2624","2013-12-06",93
"2625","2013-12-07",75
"2626","2013-12-08",73
"2627","2013-12-09",91
"2628","2013-12-10",89
"2629","2013-12-11",87
"2630","2013-12-12",97
"2631","2013-12-13",94
"2632","2013-12-14",80
"2633","2013-12-15",74
"2634","2013-12-16",91
"2635","2013-12-17",90
"2636","2013-12-18",90
"2637","2013-12-19",89
"2638","2013-12-20",85
"2639","2013-12-21",80
"2640","2013-12-22",73
"2641","2013-12-23",90
"2642","2013-12-24",80
"2643","2013-12-25",68
"2644","2013-12-26",77
"2645","2013-12-27",89
"2646","2013-12-28",81
"2647","2013-12-29",73
"2648","2013-12-30",87
"2649","2013-12-31",80
"2650","2014-01-01",50
"2651","2014-01-02",54
"2652","2014-01-03",55
"2653","2014-01-04",47
"2654","2014-01-05",45
"2655","2014-01-06",55
"2656","2014-01-07",53
"2657","2014-01-08",50
"2658","2014-01-09",52
"2659","2014-01-10",54
"2660","2014-01-11",45
"2661","2014-01-12",45
"2662","2014-01-13",52
"2663","2014-01-14",53
"2664","2014-01-15",53
"2665","2014-01-16",54
"2666","2014-01-17",53
"2667","2014-01-18",46
"2668","2014-01-19",47
"2669","2014-01-20",56
"2670","2014-01-21",56
"2671","2014-01-22",54
"2672","2014-01-23",56
"2673","2014-01-24",53
"2674","2014-01-25",47
"2675","2014-01-26",46
"2676","2014-01-27",55
"2677","2014-01-28",53
"2678","2014-01-29",55
"2679","2014-01-30",56
"2680","2014-01-31",57
"2681","2014-02-01",48
"2682","2014-02-02",46
"2683","2014-02-03",53
"2684","2014-02-04",52
"2685","2014-02-05",55
"2686","2014-02-06",56
"2687","2014-02-07",57
"2688","2014-02-08",47
"2689","2014-02-09",45
"2690","2014-02-10",52
"2691","2014-02-11",53
"2692","2014-02-12",57
"2693","2014-02-13",55
"2694","2014-02-14",56
"2695","2014-02-15",49
"2696","2014-02-16",46
"2697","2014-02-17",54
"2698","2014-02-18",52
"2699","2014-02-19",52
"2700","2014-02-20",54
"2701","2014-02-21",52
"2702","2014-02-22",43
"2703","2014-02-23",43
"2704","2014-02-24",54
"2705","2014-02-25",56
"2706","2014-02-26",53
"2707","2014-02-27",53
"2708","2014-02-28",52
"2709","2014-03-01",45
"2710","2014-03-02",46
"2711","2014-03-03",55
"2712","2014-03-04",53
"2713","2014-03-05",54
"2714","2014-03-06",54
"2715","2014-03-07",53
"2716","2014-03-08",46
"2717","2014-03-09",45
"2718","2014-03-10",53
"2719","2014-03-11",51
"2720","2014-03-12",51
"2721","2014-03-13",53
"2722","2014-03-14",52
"2723","2014-03-15",45
"2724","2014-03-16",45
"2725","2014-03-17",56
"2726","2014-03-18",54
"2727","2014-03-19",54
"2728","2014-03-20",56
"2729","2014-03-21",55
"2730","2014-03-22",49
"2731","2014-03-23",47
"2732","2014-03-24",55
"2733","2014-03-25",54
"2734","2014-03-26",56
"2735","2014-03-27",84
"2736","2014-03-28",100
"2737","2014-03-29",56
"2738","2014-03-30",50
"2739","2014-03-31",56
"2740","2014-04-01",87
"2741","2014-04-02",89
"2742","2014-04-03",94
"2743","2014-04-04",94
"2744","2014-04-05",77
"2745","2014-04-06",81
"2746","2014-04-07",90
"2747","2014-04-08",88
"2748","2014-04-09",86
"2749","2014-04-10",85
"2750","2014-04-11",85
"2751","2014-04-12",74
"2752","2014-04-13",75
"2753","2014-04-14",88
"2754","2014-04-15",84
"2755","2014-04-16",84
"2756","2014-04-17",83
"2757","2014-04-18",74
"2758","2014-04-19",74
"2759","2014-04-20",69
"2760","2014-04-21",73
"2761","2014-04-22",83
"2762","2014-04-23",85
"2763","2014-04-24",84
"2764","2014-04-25",84
"2765","2014-04-26",75
"2766","2014-04-27",73
"2767","2014-04-28",87
"2768","2014-04-29",82
"2769","2014-04-30",79
"2770","2014-05-01",81
"2771","2014-05-02",80
"2772","2014-05-03",74
"2773","2014-05-04",73
"2774","2014-05-05",83
"2775","2014-05-06",86
"2776","2014-05-07",83
"2777","2014-05-08",90
"2778","2014-05-09",87
"2779","2014-05-10",76
"2780","2014-05-11",73
"2781","2014-05-12",88
"2782","2014-05-13",86
"2783","2014-05-14",86
"2784","2014-05-15",87
"2785","2014-05-16",86
"2786","2014-05-17",80
"2787","2014-05-18",79
"2788","2014-05-19",90
"2789","2014-05-20",90
"2790","2014-05-21",89
"2791","2014-05-22",92
"2792","2014-05-23",92
"2793","2014-05-24",79
"2794","2014-05-25",73
"2795","2014-05-26",83
"2796","2014-05-27",89
"2797","2014-05-28",88
"2798","2014-05-29",90
"2799","2014-05-30",88
"2800","2014-05-31",80
"2801","2014-06-01",82
"2802","2014-06-02",91
"2803","2014-06-03",93
"2804","2014-06-04",94
"2805","2014-06-05",90
"2806","2014-06-06",87
"2807","2014-06-07",78
"2808","2014-06-08",78
"2809","2014-06-09",88
"2810","2014-06-10",92
"2811","2014-06-11",89
"2812","2014-06-12",86
"2813","2014-06-13",88
"2814","2014-06-14",77
"2815","2014-06-15",77
"2816","2014-06-16",90
"2817","2014-06-17",87
"2818","2014-06-18",89
"2819","2014-06-19",86
"2820","2014-06-20",88
"2821","2014-06-21",79
"2822","2014-06-22",79
"2823","2014-06-23",92
"2824","2014-06-24",94
"2825","2014-06-25",94
"2826","2014-06-26",94
"2827","2014-06-27",96
"2828","2014-06-28",86
"2829","2014-06-29",84
"2830","2014-06-30",100
"2831","2014-07-01",81
"2832","2014-07-02",96
"2833","2014-07-03",100
"2834","2014-07-04",94
"2835","2014-07-05",87
"2836","2014-07-06",86
"2837","2014-07-07",89
"2838","2014-07-08",88
"2839","2014-07-09",86
"2840","2014-07-10",87
"2841","2014-07-11",88
"2842","2014-07-12",88
"2843","2014-07-13",81
"2844","2014-07-14",83
"2845","2014-07-15",85
"2846","2014-07-16",84
"2847","2014-07-17",83
"2848","2014-07-18",85
"2849","2014-07-19",84
"2850","2014-07-20",79
"2851","2014-07-21",79
"2852","2014-07-22",83
"2853","2014-07-23",81
"2854","2014-07-24",83
"2855","2014-07-25",84
"2856","2014-07-26",78
"2857","2014-07-27",77
"2858","2014-07-28",82
"2859","2014-07-29",81
"2860","2014-07-30",81
"2861","2014-07-31",78
"2862","2014-08-01",78
"2863","2014-08-02",71
"2864","2014-08-03",71
"2865","2014-08-04",78
"2866","2014-08-05",82
"2867","2014-08-06",79
"2868","2014-08-07",78
"2869","2014-08-08",79
"2870","2014-08-09",68
"2871","2014-08-10",71
"2872","2014-08-11",76
"2873","2014-08-12",75
"2874","2014-08-13",75
"2875","2014-08-14",78
"2876","2014-08-15",73
"2877","2014-08-16",72
"2878","2014-08-17",68
"2879","2014-08-18",76
"2880","2014-08-19",74
"2881","2014-08-20",73
"2882","2014-08-21",79
"2883","2014-08-22",76
"2884","2014-08-23",68
"2885","2014-08-24",63
"2886","2014-08-25",70
"2887","2014-08-26",71
"2888","2014-08-27",71
"2889","2014-08-28",72
"2890","2014-08-29",72
"2891","2014-08-30",62
"2892","2014-08-31",63
"2893","2014-09-01",72
"2894","2014-09-02",68
"2895","2014-09-03",68
"2896","2014-09-04",68
"2897","2014-09-05",67
"2898","2014-09-06",62
"2899","2014-09-07",59
"2900","2014-09-08",71
"2901","2014-09-09",67
"2902","2014-09-10",69
"2903","2014-09-11",70
"2904","2014-09-12",69
"2905","2014-09-13",60
"2906","2014-09-14",56
"2907","2014-09-15",70
"2908","2014-09-16",69
"2909","2014-09-17",67
"2910","2014-09-18",66
"2911","2014-09-19",69
"2912","2014-09-20",62
"2913","2014-09-21",58
"2914","2014-09-22",69
"2915","2014-09-23",72
"2916","2014-09-24",69
"2917","2014-09-25",69
"2918","2014-09-26",68
"2919","2014-09-27",61
"2920","2014-09-28",61
"2921","2014-09-29",70
"2922","2014-09-30",70
"2923","2014-10-01",57
"2924","2014-10-02",57
"2925","2014-10-03",55
"2926","2014-10-04",50
"2927","2014-10-05",47
"2928","2014-10-06",56
"2929","2014-10-07",63
"2930","2014-10-08",65
"2931","2014-10-09",64
"2932","2014-10-10",66
"2933","2014-10-11",59
"2934","2014-10-12",60
"2935","2014-10-13",62
"2936","2014-10-14",60
"2937","2014-10-15",62
"2938","2014-10-16",60
"2939","2014-10-17",61
"2940","2014-10-18",56
"2941","2014-10-19",55
"2942","2014-10-20",60
"2943","2014-10-21",63
"2944","2014-10-22",63
"2945","2014-10-23",63
"2946","2014-10-24",62
"2947","2014-10-25",57
"2948","2014-10-26",57
"2949","2014-10-27",63
"2950","2014-10-28",60
"2951","2014-10-29",60
"2952","2014-10-30",59
"2953","2014-10-31",57
"2954","2014-11-01",51
"2955","2014-11-02",51
"2956","2014-11-03",62
"2957","2014-11-04",59
"2958","2014-11-05",58
"2959","2014-11-06",74
"2960","2014-11-07",100
"2961","2014-11-08",82
"2962","2014-11-09",69
"2963","2014-11-10",73
"2964","2014-11-11",64
"2965","2014-11-12",65
"2966","2014-11-13",63
"2967","2014-11-14",62
"2968","2014-11-15",54
"2969","2014-11-16",59
"2970","2014-11-17",82
"2971","2014-11-18",67
"2972","2014-11-19",65
"2973","2014-11-20",65
"2974","2014-11-21",63
"2975","2014-11-22",59
"2976","2014-11-23",55
"2977","2014-11-24",61
"2978","2014-11-25",59
"2979","2014-11-26",59
"2980","2014-11-27",58
"2981","2014-11-28",57
"2982","2014-11-29",52
"2983","2014-11-30",55
"2984","2014-12-01",64
"2985","2014-12-02",59
"2986","2014-12-03",59
"2987","2014-12-04",59
"2988","2014-12-05",58
"2989","2014-12-06",52
"2990","2014-12-07",54
"2991","2014-12-08",59
"2992","2014-12-09",59
"2993","2014-12-10",58
"2994","2014-12-11",60
"2995","2014-12-12",59
"2996","2014-12-13",54
"2997","2014-12-14",53
"2998","2014-12-15",59
"2999","2014-12-16",58
"3000","2014-12-17",57
"3001","2014-12-18",61
"3002","2014-12-19",60
"3003","2014-12-20",51
"3004","2014-12-21",50
"3005","2014-12-22",56
"3006","2014-12-23",56
"3007","2014-12-24",48
"3008","2014-12-25",44
"3009","2014-12-26",49
"3010","2014-12-27",52
"3011","2014-12-28",51
"3012","2014-12-29",56
"3013","2014-12-30",57
"3014","2014-12-31",53
"3015","2015-01-01",59
"3016","2015-01-02",61
"3017","2015-01-03",56
"3018","2015-01-04",55
"3019","2015-01-05",60
"3020","2015-01-06",64
"3021","2015-01-07",62
"3022","2015-01-08",62
"3023","2015-01-09",67
"3024","2015-01-10",58
"3025","2015-01-11",55
"3026","2015-01-12",65
"3027","2015-01-13",65
"3028","2015-01-14",63
"3029","2015-01-15",66
"3030","2015-01-16",62
"3031","2015-01-17",54
"3032","2015-01-18",54
"3033","2015-01-19",62
"3034","2015-01-20",63
"3035","2015-01-21",62
"3036","2015-01-22",61
"3037","2015-01-23",61
"3038","2015-01-24",54
"3039","2015-01-25",54
"3040","2015-01-26",60
"3041","2015-01-27",62
"3042","2015-01-28",62
"3043","2015-01-29",63
"3044","2015-01-30",60
"3045","2015-01-31",55
"3046","2015-02-01",52
"3047","2015-02-02",62
"3048","2015-02-03",62
"3049","2015-02-04",61
"3050","2015-02-05",60
"3051","2015-02-06",61
"3052","2015-02-07",52
"3053","2015-02-08",53
"3054","2015-02-09",62
"3055","2015-02-10",61
"3056","2015-02-11",65
"3057","2015-02-12",62
"3058","2015-02-13",60
"3059","2015-02-14",53
"3060","2015-02-15",53
"3061","2015-02-16",63
"3062","2015-02-17",62
"3063","2015-02-18",64
"3064","2015-02-19",62
"3065","2015-02-20",61
"3066","2015-02-21",55
"3067","2015-02-22",56
"3068","2015-02-23",65
"3069","2015-02-24",65
"3070","2015-02-25",63
"3071","2015-02-26",64
"3072","2015-02-27",62
"3073","2015-02-28",57
"3074","2015-03-01",56
"3075","2015-03-02",62
"3076","2015-03-03",62
"3077","2015-03-04",62
"3078","2015-03-05",62
"3079","2015-03-06",61
"3080","2015-03-07",54
"3081","2015-03-08",56
"3082","2015-03-09",63
"3083","2015-03-10",64
"3084","2015-03-11",62
"3085","2015-03-12",61
"3086","2015-03-13",62
"3087","2015-03-14",71
"3088","2015-03-15",61
"3089","2015-03-16",65
"3090","2015-03-17",62
"3091","2015-03-18",61
"3092","2015-03-19",62
"3093","2015-03-20",64
"3094","2015-03-21",56
"3095","2015-03-22",57
"3096","2015-03-23",66
"3097","2015-03-24",64
"3098","2015-03-25",60
"3099","2015-03-26",100
"3100","2015-03-27",98
"3101","2015-03-28",63
"3102","2015-03-29",58
"3103","2015-03-30",62
"3104","2015-03-31",62
"3105","2015-04-01",78
"3106","2015-04-02",79
"3107","2015-04-03",73
"3108","2015-04-04",69
"3109","2015-04-05",64
"3110","2015-04-06",71
"3111","2015-04-07",76
"3112","2015-04-08",77
"3113","2015-04-09",79
"3114","2015-04-10",79
"3115","2015-04-11",69
"3116","2015-04-12",68
"3117","2015-04-13",79
"3118","2015-04-14",76
"3119","2015-04-15",77
"3120","2015-04-16",78
"3121","2015-04-17",79
"3122","2015-04-18",68
"3123","2015-04-19",72
"3124","2015-04-20",82
"3125","2015-04-21",80
"3126","2015-04-22",78
"3127","2015-04-23",78
"3128","2015-04-24",78
"3129","2015-04-25",69
"3130","2015-04-26",71
"3131","2015-04-27",80
"3132","2015-04-28",81
"3133","2015-04-29",77
"3134","2015-04-30",78
"3135","2015-05-01",75
"3136","2015-05-02",71
"3137","2015-05-03",69
"3138","2015-05-04",82
"3139","2015-05-05",83
"3140","2015-05-06",81
"3141","2015-05-07",81
"3142","2015-05-08",88
"3143","2015-05-09",77
"3144","2015-05-10",77
"3145","2015-05-11",90
"3146","2015-05-12",89
"3147","2015-05-13",84
"3148","2015-05-14",86
"3149","2015-05-15",84
"3150","2015-05-16",73
"3151","2015-05-17",72
"3152","2015-05-18",84
"3153","2015-05-19",86
"3154","2015-05-20",84
"3155","2015-05-21",87
"3156","2015-05-22",84
"3157","2015-05-23",77
"3158","2015-05-24",83
"3159","2015-05-25",85
"3160","2015-05-26",85
"3161","2015-05-27",85
"3162","2015-05-28",90
"3163","2015-05-29",89
"3164","2015-05-30",83
"3165","2015-05-31",83
"3166","2015-06-01",89
"3167","2015-06-02",88
"3168","2015-06-03",87
"3169","2015-06-04",85
"3170","2015-06-05",84
"3171","2015-06-06",77
"3172","2015-06-07",79
"3173","2015-06-08",86
"3174","2015-06-09",86
"3175","2015-06-10",85
"3176","2015-06-11",86
"3177","2015-06-12",87
"3178","2015-06-13",80
"3179","2015-06-14",79
"3180","2015-06-15",86
"3181","2015-06-16",84
"3182","2015-06-17",86
"3183","2015-06-18",86
"3184","2015-06-19",87
"3185","2015-06-20",81
"3186","2015-06-21",76
"3187","2015-06-22",88
"3188","2015-06-23",100
"3189","2015-06-24",97
"3190","2015-06-25",95
"3191","2015-06-26",91
"3192","2015-06-27",81
"3193","2015-06-28",80
"3194","2015-06-29",90
"3195","2015-06-30",85
"3196","2015-07-01",91
"3197","2015-07-02",94
"3198","2015-07-03",89
"3199","2015-07-04",83
"3200","2015-07-05",85
"3201","2015-07-06",96
"3202","2015-07-07",92
"3203","2015-07-08",95
"3204","2015-07-09",93
"3205","2015-07-10",90
"3206","2015-07-11",82
"3207","2015-07-12",84
"3208","2015-07-13",94
"3209","2015-07-14",92
"3210","2015-07-15",100
"3211","2015-07-16",95
"3212","2015-07-17",93
"3213","2015-07-18",93
"3214","2015-07-19",87
"3215","2015-07-20",99
"3216","2015-07-21",93
"3217","2015-07-22",93
"3218","2015-07-23",91
"3219","2015-07-24",90
"3220","2015-07-25",80
"3221","2015-07-26",80
"3222","2015-07-27",89
"3223","2015-07-28",88
"3224","2015-07-29",90
"3225","2015-07-30",86
"3226","2015-07-31",85
"3227","2015-08-01",80
"3228","2015-08-02",85
"3229","2015-08-03",92
"3230","2015-08-04",89
"3231","2015-08-05",89
"3232","2015-08-06",87
"3233","2015-08-07",85
"3234","2015-08-08",77
"3235","2015-08-09",81
"3236","2015-08-10",91
"3237","2015-08-11",89
"3238","2015-08-12",90
"3239","2015-08-13",97
"3240","2015-08-14",93
"3241","2015-08-15",91
"3242","2015-08-16",90
"3243","2015-08-17",94
"3244","2015-08-18",94
"3245","2015-08-19",93
"3246","2015-08-20",99
"3247","2015-08-21",96
"3248","2015-08-22",88
"3249","2015-08-23",90
"3250","2015-08-24",96
"3251","2015-08-25",95
"3252","2015-08-26",93
"3253","2015-08-27",91
"3254","2015-08-28",88
"3255","2015-08-29",80
"3256","2015-08-30",80
"3257","2015-08-31",88
"3258","2015-09-01",93
"3259","2015-09-02",87
"3260","2015-09-03",88
"3261","2015-09-04",85
"3262","2015-09-05",75
"3263","2015-09-06",78
"3264","2015-09-07",85
"3265","2015-09-08",84
"3266","2015-09-09",84
"3267","2015-09-10",81
"3268","2015-09-11",81
"3269","2015-09-12",71
"3270","2015-09-13",72
"3271","2015-09-14",87
"3272","2015-09-15",82
"3273","2015-09-16",83
"3274","2015-09-17",81
"3275","2015-09-18",81
"3276","2015-09-19",74
"3277","2015-09-20",72
"3278","2015-09-21",86
"3279","2015-09-22",86
"3280","2015-09-23",88
"3281","2015-09-24",87
"3282","2015-09-25",86
"3283","2015-09-26",76
"3284","2015-09-27",77
"3285","2015-09-28",85
"3286","2015-09-29",88
"3287","2015-09-30",85
"3288","2015-10-01",84
"3289","2015-10-02",84
"3290","2015-10-03",76
"3291","2015-10-04",77
"3292","2015-10-05",97
"3293","2015-10-06",91
"3294","2015-10-07",90
"3295","2015-10-08",89
"3296","2015-10-09",85
"3297","2015-10-10",77
"3298","2015-10-11",77
"3299","2015-10-12",100
"3300","2015-10-13",88
"3301","2015-10-14",87
"3302","2015-10-15",86
"3303","2015-10-16",85
"3304","2015-10-17",76
"3305","2015-10-18",80
"3306","2015-10-19",90
"3307","2015-10-20",83
"3308","2015-10-21",81
"3309","2015-10-22",83
"3310","2015-10-23",80
"3311","2015-10-24",68
"3312","2015-10-25",70
"3313","2015-10-26",83
"3314","2015-10-27",84
"3315","2015-10-28",82
"3316","2015-10-29",81
"3317","2015-10-30",76
"3318","2015-10-31",70
"3319","2015-11-01",71
"3320","2015-11-02",82
"3321","2015-11-03",79
"3322","2015-11-04",81
"3323","2015-11-05",82
"3324","2015-11-06",81
"3325","2015-11-07",72
"3326","2015-11-08",71
"3327","2015-11-09",82
"3328","2015-11-10",81
"3329","2015-11-11",81
"3330","2015-11-12",84
"3331","2015-11-13",80
"3332","2015-11-14",67
"3333","2015-11-15",69
"3334","2015-11-16",82
"3335","2015-11-17",82
"3336","2015-11-18",80
"3337","2015-11-19",83
"3338","2015-11-20",80
"3339","2015-11-21",69
"3340","2015-11-22",70
"3341","2015-11-23",80
"3342","2015-11-24",81
"3343","2015-11-25",80
"3344","2015-11-26",81
"3345","2015-11-27",83
"3346","2015-11-28",74
"3347","2015-11-29",74
"3348","2015-11-30",88
"3349","2015-12-01",85
"3350","2015-12-02",83
"3351","2015-12-03",85
"3352","2015-12-04",83
"3353","2015-12-05",76
"3354","2015-12-06",74
"3355","2015-12-07",83
"3356","2015-12-08",85
"3357","2015-12-09",85
"3358","2015-12-10",83
"3359","2015-12-11",84
"3360","2015-12-12",74
"3361","2015-12-13",72
"3362","2015-12-14",84
"3363","2015-12-15",87
"3364","2015-12-16",86
"3365","2015-12-17",84
"3366","2015-12-18",82
"3367","2015-12-19",75
"3368","2015-12-20",75
"3369","2015-12-21",83
"3370","2015-12-22",83
"3371","2015-12-23",77
"3372","2015-12-24",72
"3373","2015-12-25",79
"3374","2015-12-26",88
"3375","2015-12-27",84
"3376","2015-12-28",83
"3377","2015-12-29",81
"3378","2015-12-30",82
"3379","2015-12-31",79
"3380","2016-01-01",70
"3381","2016-01-02",66
"3382","2016-01-03",65
"3383","2016-01-04",73
"3384","2016-01-05",72
"3385","2016-01-06",71
"3386","2016-01-07",75
"3387","2016-01-08",82
"3388","2016-01-09",66
"3389","2016-01-10",62
"3390","2016-01-11",72
"3391","2016-01-12",74
"3392","2016-01-13",72
"3393","2016-01-14",72
"3394","2016-01-15",70
"3395","2016-01-16",64
"3396","2016-01-17",65
"3397","2016-01-18",71
"3398","2016-01-19",71
"3399","2016-01-20",70
"3400","2016-01-21",72
"3401","2016-01-22",72
"3402","2016-01-23",66
"3403","2016-01-24",65
"3404","2016-01-25",73
"3405","2016-01-26",72
"3406","2016-01-27",75
"3407","2016-01-28",75
"3408","2016-01-29",74
"3409","2016-01-30",67
"3410","2016-01-31",65
"3411","2016-02-01",74
"3412","2016-02-02",73
"3413","2016-02-03",71
"3414","2016-02-04",74
"3415","2016-02-05",74
"3416","2016-02-06",65
"3417","2016-02-07",63
"3418","2016-02-08",100
"3419","2016-02-09",80
"3420","2016-02-10",75
"3421","2016-02-11",74
"3422","2016-02-12",76
"3423","2016-02-13",69
"3424","2016-02-14",65
"3425","2016-02-15",76
"3426","2016-02-16",72
"3427","2016-02-17",73
"3428","2016-02-18",70
"3429","2016-02-19",71
"3430","2016-02-20",64
"3431","2016-02-21",63
"3432","2016-02-22",72
"3433","2016-02-23",72
"3434","2016-02-24",69
"3435","2016-02-25",69
"3436","2016-02-26",71
"3437","2016-02-27",64
"3438","2016-02-28",61
"3439","2016-02-29",73
"3440","2016-03-01",71
"3441","2016-03-02",73
"3442","2016-03-03",82
"3443","2016-03-04",77
"3444","2016-03-05",67
"3445","2016-03-06",64
"3446","2016-03-07",77
"3447","2016-03-08",72
"3448","2016-03-09",77
"3449","2016-03-10",78
"3450","2016-03-11",78
"3451","2016-03-12",69
"3452","2016-03-13",70
"3453","2016-03-14",77
"3454","2016-03-15",77
"3455","2016-03-16",72
"3456","2016-03-17",75
"3457","2016-03-18",76
"3458","2016-03-19",67
"3459","2016-03-20",67
"3460","2016-03-21",74
"3461","2016-03-22",72
"3462","2016-03-23",74
"3463","2016-03-24",74
"3464","2016-03-25",69
"3465","2016-03-26",71
"3466","2016-03-27",65
"3467","2016-03-28",69
"3468","2016-03-29",72
"3469","2016-03-30",72
"3470","2016-03-31",73
"3471","2016-04-01",56
"3472","2016-04-02",49
"3473","2016-04-03",49
"3474","2016-04-04",55
"3475","2016-04-05",57
"3476","2016-04-06",56
"3477","2016-04-07",89
"3478","2016-04-08",100
"3479","2016-04-09",60
"3480","2016-04-10",52
"3481","2016-04-11",57
"3482","2016-04-12",54
"3483","2016-04-13",55
"3484","2016-04-14",56
"3485","2016-04-15",57
"3486","2016-04-16",49
"3487","2016-04-17",49
"3488","2016-04-18",56
"3489","2016-04-19",58
"3490","2016-04-20",56
"3491","2016-04-21",56
"3492","2016-04-22",54
"3493","2016-04-23",49
"3494","2016-04-24",50
"3495","2016-04-25",58
"3496","2016-04-26",56
"3497","2016-04-27",56
"3498","2016-04-28",55
"3499","2016-04-29",54
"3500","2016-04-30",50
"3501","2016-05-01",49
"3502","2016-05-02",51
"3503","2016-05-03",52
"3504","2016-05-04",54
"3505","2016-05-05",52
"3506","2016-05-06",55
"3507","2016-05-07",49
"3508","2016-05-08",49
"3509","2016-05-09",54
"3510","2016-05-10",53
"3511","2016-05-11",54
"3512","2016-05-12",56
"3513","2016-05-13",58
"3514","2016-05-14",50
"3515","2016-05-15",50
"3516","2016-05-16",54
"3517","2016-05-17",56
"3518","2016-05-18",59
"3519","2016-05-19",60
"3520","2016-05-20",57
"3521","2016-05-21",51
"3522","2016-05-22",52
"3523","2016-05-23",55
"3524","2016-05-24",55
"3525","2016-05-25",55
"3526","2016-05-26",55
"3527","2016-05-27",53
"3528","2016-05-28",51
"3529","2016-05-29",50
"3530","2016-05-30",53
"3531","2016-05-31",57
"3532","2016-06-01",55
"3533","2016-06-02",57
"3534","2016-06-03",56
"3535","2016-06-04",52
"3536","2016-06-05",51
"3537","2016-06-06",56
"3538","2016-06-07",55
"3539","2016-06-08",55
"3540","2016-06-09",54
"3541","2016-06-10",54
"3542","2016-06-11",49
"3543","2016-06-12",48
"3544","2016-06-13",56
"3545","2016-06-14",55
"3546","2016-06-15",53
"3547","2016-06-16",52
"3548","2016-06-17",55
"3549","2016-06-18",49
"3550","2016-06-19",48
"3551","2016-06-20",54
"3552","2016-06-21",55
"3553","2016-06-22",53
"3554","2016-06-23",54
"3555","2016-06-24",52
"3556","2016-06-25",47
"3557","2016-06-26",48
"3558","2016-06-27",52
"3559","2016-06-28",53
"3560","2016-06-29",52
"3561","2016-06-30",53
"3562","2016-07-01",73
"3563","2016-07-02",66
"3564","2016-07-03",66
"3565","2016-07-04",75
"3566","2016-07-05",73
"3567","2016-07-06",74
"3568","2016-07-07",79
"3569","2016-07-08",76
"3570","2016-07-09",69
"3571","2016-07-10",65
"3572","2016-07-11",76
"3573","2016-07-12",92
"3574","2016-07-13",81
"3575","2016-07-14",78
"3576","2016-07-15",76
"3577","2016-07-16",72
"3578","2016-07-17",70
"3579","2016-07-18",76
"3580","2016-07-19",73
"3581","2016-07-20",76
"3582","2016-07-21",77
"3583","2016-07-22",75
"3584","2016-07-23",68
"3585","2016-07-24",69
"3586","2016-07-25",77
"3587","2016-07-26",76
"3588","2016-07-27",78
"3589","2016-07-28",78
"3590","2016-07-29",75
"3591","2016-07-30",72
"3592","2016-07-31",69
"3593","2016-08-01",76
"3594","2016-08-02",75
"3595","2016-08-03",74
"3596","2016-08-04",75
"3597","2016-08-05",75
"3598","2016-08-06",68
"3599","2016-08-07",67
"3600","2016-08-08",75
"3601","2016-08-09",72
"3602","2016-08-10",74
"3603","2016-08-11",73
"3604","2016-08-12",70
"3605","2016-08-13",64
"3606","2016-08-14",62
"3607","2016-08-15",71
"3608","2016-08-16",74
"3609","2016-08-17",75
"3610","2016-08-18",73
"3611","2016-08-19",74
"3612","2016-08-20",69
"3613","2016-08-21",66
"3614","2016-08-22",75
"3615","2016-08-23",76
"3616","2016-08-24",74
"3617","2016-08-25",76
"3618","2016-08-26",72
"3619","2016-08-27",65
"3620","2016-08-28",65
"3621","2016-08-29",70
"3622","2016-08-30",73
"3623","2016-08-31",76
"3624","2016-09-01",72
"3625","2016-09-02",73
"3626","2016-09-03",65
"3627","2016-09-04",63
"3628","2016-09-05",74
"3629","2016-09-06",71
"3630","2016-09-07",72
"3631","2016-09-08",72
"3632","2016-09-09",69
"3633","2016-09-10",63
"3634","2016-09-11",65
"3635","2016-09-12",72
"3636","2016-09-13",74
"3637","2016-09-14",100
"3638","2016-09-15",93
"3639","2016-09-16",87
"3640","2016-09-17",72
"3641","2016-09-18",67
"3642","2016-09-19",77
"3643","2016-09-20",77
"3644","2016-09-21",74
"3645","2016-09-22",73
"3646","2016-09-23",74
"3647","2016-09-24",67
"3648","2016-09-25",67
"3649","2016-09-26",75
"3650","2016-09-27",74
"3651","2016-09-28",77
"3652","2016-09-29",77
"3653","2016-09-30",73
"3654","2016-10-01",38
"3655","2016-10-02",37
"3656","2016-10-03",44
"3657","2016-10-04",46
"3658","2016-10-05",46
"3659","2016-10-06",45
"3660","2016-10-07",44
"3661","2016-10-08",40
"3662","2016-10-09",43
"3663","2016-10-10",47
"3664","2016-10-11",44
"3665","2016-10-12",48
"3666","2016-10-13",45
"3667","2016-10-14",44
"3668","2016-10-15",41
"3669","2016-10-16",41
"3670","2016-10-17",49
"3671","2016-10-18",46
"3672","2016-10-19",45
"3673","2016-10-20",48
"3674","2016-10-21",51
"3675","2016-10-22",47
"3676","2016-10-23",46
"3677","2016-10-24",49
"3678","2016-10-25",47
"3679","2016-10-26",49
"3680","2016-10-27",48
"3681","2016-10-28",49
"3682","2016-10-29",46
"3683","2016-10-30",47
"3684","2016-10-31",46
"3685","2016-11-01",46
"3686","2016-11-02",48
"3687","2016-11-03",47
"3688","2016-11-04",46
"3689","2016-11-05",45
"3690","2016-11-06",44
"3691","2016-11-07",50
"3692","2016-11-08",47
"3693","2016-11-09",42
"3694","2016-11-10",46
"3695","2016-11-11",45
"3696","2016-11-12",42
"3697","2016-11-13",43
"3698","2016-11-14",48
"3699","2016-11-15",48
"3700","2016-11-16",50
"3701","2016-11-17",49
"3702","2016-11-18",50
"3703","2016-11-19",46
"3704","2016-11-20",54
"3705","2016-11-21",56
"3706","2016-11-22",51
"3707","2016-11-23",53
"3708","2016-11-24",59
"3709","2016-11-25",72
"3710","2016-11-26",57
"3711","2016-11-27",59
"3712","2016-11-28",69
"3713","2016-11-29",62
"3714","2016-11-30",56
"3715","2016-12-01",56
"3716","2016-12-02",55
"3717","2016-12-03",51
"3718","2016-12-04",56
"3719","2016-12-05",58
"3720","2016-12-06",60
"3721","2016-12-07",57
"3722","2016-12-08",57
"3723","2016-12-09",54
"3724","2016-12-10",52
"3725","2016-12-11",58
"3726","2016-12-12",61
"3727","2016-12-13",61
"3728","2016-12-14",59
"3729","2016-12-15",61
"3730","2016-12-16",63
"3731","2016-12-17",62
"3732","2016-12-18",67
"3733","2016-12-19",66
"3734","2016-12-20",68
"3735","2016-12-21",65
"3736","2016-12-22",62
"3737","2016-12-23",62
"3738","2016-12-24",61
"3739","2016-12-25",100
"3740","2016-12-26",91
"3741","2016-12-27",75
"3742","2016-12-28",78
"3743","2016-12-29",70
"3744","2016-12-30",61
"3745","2016-12-31",60
"3746","2017-01-01",100
"3747","2017-01-02",95
"3748","2017-01-03",92
"3749","2017-01-04",95
"3750","2017-01-05",92
"3751","2017-01-06",90
"3752","2017-01-07",86
"3753","2017-01-08",83
"3754","2017-01-09",88
"3755","2017-01-10",83
"3756","2017-01-11",83
"3757","2017-01-12",85
"3758","2017-01-13",84
"3759","2017-01-14",77
"3760","2017-01-15",75
"3761","2017-01-16",81
"3762","2017-01-17",80
"3763","2017-01-18",81
"3764","2017-01-19",79
"3765","2017-01-20",76
"3766","2017-01-21",73
"3767","2017-01-22",71
"3768","2017-01-23",79
"3769","2017-01-24",77
"3770","2017-01-25",78
"3771","2017-01-26",79
"3772","2017-01-27",78
"3773","2017-01-28",74
"3774","2017-01-29",73
"3775","2017-01-30",79
"3776","2017-01-31",79
"3777","2017-02-01",76
"3778","2017-02-02",83
"3779","2017-02-03",78
"3780","2017-02-04",70
"3781","2017-02-05",69
"3782","2017-02-06",77
"3783","2017-02-07",75
"3784","2017-02-08",76
"3785","2017-02-09",75
"3786","2017-02-10",75
"3787","2017-02-11",70
"3788","2017-02-12",68
"3789","2017-02-13",77
"3790","2017-02-14",75
"3791","2017-02-15",74
"3792","2017-02-16",72
"3793","2017-02-17",73
"3794","2017-02-18",68
"3795","2017-02-19",66
"3796","2017-02-20",75
"3797","2017-02-21",75
"3798","2017-02-22",78
"3799","2017-02-23",80
"3800","2017-02-24",75
"3801","2017-02-25",68
"3802","2017-02-26",70
"3803","2017-02-27",77
"3804","2017-02-28",77
"3805","2017-03-01",75
"3806","2017-03-02",77
"3807","2017-03-03",77
"3808","2017-03-04",69
"3809","2017-03-05",71
"3810","2017-03-06",78
"3811","2017-03-07",78
"3812","2017-03-08",80
"3813","2017-03-09",76
"3814","2017-03-10",77
"3815","2017-03-11",72
"3816","2017-03-12",70
"3817","2017-03-13",75
"3818","2017-03-14",75
"3819","2017-03-15",74
"3820","2017-03-16",74
"3821","2017-03-17",72
"3822","2017-03-18",68
"3823","2017-03-19",70
"3824","2017-03-20",76
"3825","2017-03-21",76
"3826","2017-03-22",74
"3827","2017-03-23",77
"3828","2017-03-24",72
"3829","2017-03-25",71
"3830","2017-03-26",72
"3831","2017-03-27",75
"3832","2017-03-28",74
"3833","2017-03-29",74
"3834","2017-03-30",76
"3835","2017-03-31",72
