Date,Google,Translate,Docs,Okay google,gmail,Earth,Hangout,Maps,Street View,Classroom,Chrome,Wallet,Cardboard,Drive,Nexus,Gravity,Slides,Price
1/1/07,100,49,18,0,81,90,0,62,0,0,70,0,100,77,0,0,0,232.921951
1/2/07,87,53,41,0,84,70,0,67,0,0,44,40,0,35,0,0,0,240.727692
1/3/07,84,60,43,0,85,69,0,70,0,42,42,38,60,60,38,0,38,242.685349
1/4/07,83,56,23,0,87,64,0,68,0,41,0,0,0,51,0,0,37,240.8871
1/5/07,84,47,39,53,86,68,0,72,0,43,0,0,0,55,39,0,39,241.843506
1/6/07,92,56,28,0,79,80,0,67,0,0,56,0,0,86,0,0,51,243.816116
1/7/07,91,60,30,0,74,85,0,66,0,0,0,0,0,61,100,51,100,248.926956
1/8/07,81,56,44,0,85,65,0,71,0,0,0,0,0,60,0,36,35,251.557098
1/9/07,82,52,40,47,86,67,0,73,0,77,0,34,54,59,34,47,0,251.198441
1/10/07,85,61,36,0,84,68,0,78,0,0,79,0,56,60,0,36,0,247.711517
1/11/07,85,57,43,0,84,79,0,76,0,0,0,0,0,34,35,72,0,243.004166
1/12/07,88,70,33,51,85,77,0,77,0,41,42,0,0,64,0,38,0,243.960571
1/13/07,97,47,34,67,79,94,0,76,0,0,0,100,0,61,0,51,0,239.522217
1/14/07,92,59,40,0,74,100,0,77,0,0,55,97,0,53,0,50,0,238.630554
1/15/07,81,60,40,0,85,75,0,75,0,0,0,35,0,50,0,36,0,248.60318
1/16/07,83,73,43,0,86,71,0,77,0,38,0,34,0,37,0,52,0,243.133682
1/17/07,84,66,45,0,86,74,0,77,0,38,38,34,0,70,0,0,34,246.994202
1/18/07,85,48,52,0,85,78,0,78,52,51,38,34,0,51,0,0,0,245.315491
1/19/07,87,68,49,0,87,77,0,83,0,41,0,0,0,50,0,0,0,246.237045
1/20/07,95,60,47,0,76,91,0,79,0,54,0,0,0,66,0,0,49,249.813644
1/21/07,93,69,52,0,72,94,0,77,0,0,0,0,74,61,0,48,0,239.97551
1/22/07,83,66,38,0,85,71,0,74,0,37,0,0,53,55,33,0,0,239.850983
1/23/07,84,73,54,0,85,72,0,78,0,74,75,0,0,50,0,0,0,232.707748
1/24/07,87,63,34,0,87,72,0,80,52,76,0,34,0,56,0,58,34,234.859695
1/25/07,87,69,31,0,86,73,0,78,0,58,0,0,0,69,0,36,0,234.127426
1/26/07,89,65,46,0,85,76,0,79,0,0,0,37,0,60,0,38,37,234.635529
1/27/07,99,56,37,0,78,94,0,84,0,0,54,48,76,70,48,0,98,230.082596
1/28/07,93,58,53,0,72,95,0,78,0,0,0,47,0,71,0,48,0,228.289322
1/29/07,83,69,54,0,86,70,0,76,0,0,0,0,0,45,0,0,0,228.69281
1/30/07,83,73,50,0,86,68,0,77,0,37,37,0,0,61,0,0,33,232.095047
1/31/07,85,85,44,0,86,72,0,78,0,37,37,0,0,41,0,35,0,229.873383
2/1/07,88,80,58,0,86,72,0,78,53,38,39,0,0,77,34,35,0,234.09256
2/2/07,91,57,60,49,87,78,0,88,55,60,40,72,0,67,0,37,36,235.168533
2/3/07,98,64,44,0,80,92,100,84,73,0,0,0,0,42,0,0,0,237.041504
2/4/07,95,80,47,64,74,92,0,78,0,52,52,0,0,42,0,0,0,237.03653
2/5/07,83,73,73,0,86,74,0,77,0,0,37,33,0,62,0,34,34,234.43129
2/6/07,84,74,67,45,85,72,0,82,0,0,37,0,52,54,67,56,0,231.596924
2/7/07,87,70,64,46,89,72,0,79,0,74,0,33,0,55,0,34,0,223.547089
2/8/07,85,75,74,0,88,73,0,81,0,37,37,0,0,48,0,0,0,223.885818
2/9/07,89,56,84,0,87,75,74,84,0,52,39,0,0,53,36,36,0,223.278091
2/10/07,98,56,50,0,79,88,0,83,0,0,52,0,0,61,47,0,0,218.520935
2/11/07,95,84,59,0,74,88,0,78,0,0,51,0,0,41,0,47,0,219.651688
2/12/07,85,83,44,0,89,69,0,78,0,36,0,0,0,45,32,0,33,227.9207
2/13/07,83,80,47,0,90,71,0,80,100,0,36,0,0,78,33,100,33,226.969269
2/14/07,85,72,53,0,90,68,0,79,0,0,38,0,0,46,0,34,0,226.510986
2/15/07,89,71,55,47,92,71,0,86,0,39,38,35,0,40,0,0,35,225.634262
2/16/07,90,74,50,100,90,74,0,89,0,0,81,0,0,47,37,37,74,226.525925
2/17/07,98,51,37,0,82,85,0,85,0,55,0,0,0,74,0,0,0,220.687805
2/18/07,94,67,38,0,76,88,0,80,0,53,55,49,0,66,49,0,0,223.163528
2/19/07,85,61,60,48,89,71,0,84,0,0,0,35,0,84,35,0,0,222.261902
2/20/07,85,68,65,48,89,70,73,85,0,39,0,34,0,64,0,35,0,219.601883
2/21/07,86,79,51,0,90,69,0,85,0,0,0,0,0,69,0,0,0,222.779968
2/22/07,91,83,100,0,92,69,0,88,0,38,38,0,0,72,68,69,0,221.808609
2/23/07,93,65,100,0,91,74,0,88,55,40,40,36,0,81,36,36,0,227.422562
2/24/07,98,72,73,0,83,87,0,85,0,52,0,46,0,70,0,0,47,230.157318
2/25/07,95,70,59,0,75,88,0,78,0,0,0,0,0,95,45,46,0,230.052704
2/26/07,84,71,74,0,88,64,0,83,0,36,36,32,0,46,0,33,65,231.63179
2/27/07,84,65,80,44,92,64,0,84,0,0,36,0,0,54,0,97,32,230.944366
2/28/07,86,100,49,44,92,65,0,86,0,36,0,0,51,64,33,33,33,230.077606
3/1/07,86,74,77,0,94,67,0,88,0,55,37,0,0,43,0,34,33,229.599411
3/2/07,88,83,63,0,91,71,0,91,0,0,0,35,0,52,0,70,35,228.224564
3/3/07,95,65,53,62,81,84,0,90,69,50,0,0,0,81,46,47,0,228.408875
3/4/07,93,84,43,0,77,86,0,85,0,50,0,45,0,37,0,0,46,235.417603
3/5/07,84,82,47,44,91,67,67,88,0,36,0,0,0,74,32,49,64,234.630554
3/6/07,86,67,52,0,92,67,0,87,0,0,0,32,0,76,0,65,0,234.874634
3/7/07,86,77,57,44,92,67,0,88,0,0,0,32,0,77,0,65,0,233.230789
3/8/07,86,90,61,44,94,69,0,93,0,0,36,66,0,70,0,33,0,232.378983
3/9/07,90,54,55,0,92,74,0,100,52,38,0,34,0,75,0,35,0,231.397659
3/10/07,97,73,32,0,84,81,0,91,70,0,0,0,0,81,46,0,0,232.822327
3/11/07,92,73,50,0,78,83,0,91,0,0,51,0,0,40,0,46,0,232.274384
3/12/07,83,94,50,0,94,65,0,88,0,36,0,32,0,66,0,0,0,236.249481
3/13/07,86,76,43,0,94,65,0,93,0,0,54,0,0,70,33,49,43,235.517227
3/14/07,85,75,47,0,95,64,0,93,0,36,0,0,0,60,32,0,0,237.116226
3/15/07,87,82,57,0,94,67,0,91,0,37,37,33,0,63,33,34,0,234.944366
3/16/07,88,69,43,0,94,68,0,93,53,38,38,0,0,40,35,0,0,240.339157
3/17/07,96,57,26,0,83,80,0,90,0,100,0,0,0,78,0,47,0,238.645493
3/18/07,92,81,40,0,76,80,0,86,0,49,0,44,0,81,0,45,44,237.873398
3/19/07,84,75,48,44,89,64,0,86,0,35,71,32,50,100,0,33,0,238.102539
3/20/07,84,80,50,0,97,60,0,74,51,74,0,33,0,68,50,34,0,239.691574
3/21/07,89,86,50,44,96,67,0,91,0,36,0,32,0,66,0,33,0,238.610626
3/22/07,86,80,50,44,95,67,0,91,0,0,0,0,0,79,33,44,32,234.809875
3/23/07,89,84,51,0,94,70,0,95,0,0,38,0,0,88,34,35,34,233.624313
3/24/07,94,65,31,0,82,82,0,88,0,0,100,0,0,83,0,0,0,238.645493
3/25/07,92,73,35,61,79,78,0,88,0,50,0,0,0,68,0,46,45,237.873398
3/26/07,81,81,56,43,94,61,0,89,0,35,35,31,0,65,32,32,32,238.102539
3/27/07,84,73,48,0,100,61,0,90,0,53,36,32,0,54,0,32,0,239.691574
3/28/07,86,75,57,0,97,63,0,90,0,72,36,0,0,79,0,33,0,238.610626
3/29/07,86,87,52,0,95,65,0,95,49,36,37,0,0,71,33,33,32,234.809875
3/30/07,89,65,49,0,94,71,0,100,0,39,39,35,0,53,0,36,35,233.624313
3/31/07,94,98,34,64,84,82,0,93,71,0,52,0,73,67,0,47,0,234.809875
1/1/08,91,66,58,83,86,99,0,73,30,0,0,0,0,38,0,34,0,233.624313
1/2/08,83,74,72,0,95,78,0,77,16,30,37,71,0,53,0,44,0,341.315674
1/3/08,82,71,60,53,94,77,0,83,16,30,0,0,0,43,0,21,0,341.385406
1/4/08,83,79,49,0,92,78,0,82,23,61,56,0,0,58,36,0,0,327.273285
1/5/08,88,70,37,0,82,88,0,75,27,77,47,0,0,53,46,28,35,323.412781
1/6/08,87,83,47,69,80,90,0,77,13,38,0,44,0,51,46,42,53,314.660583
1/7/08,82,80,73,0,93,73,0,80,20,28,0,49,0,60,0,20,25,325.380402
1/8/08,84,87,61,0,94,75,0,83,12,69,0,0,0,30,33,20,25,322.157471
1/9/08,83,81,67,50,94,74,0,84,14,41,68,32,0,35,0,30,25,317.933319
1/10/08,85,84,61,0,93,76,0,82,14,0,0,0,0,40,0,20,26,325.68924
1/11/08,86,79,67,0,95,79,0,84,15,58,0,34,51,35,35,21,0,317.63443
1/12/08,90,72,45,0,86,89,0,80,16,37,45,44,0,45,0,27,34,306.824951
1/13/08,90,90,48,0,83,94,0,82,12,0,0,43,65,40,0,0,34,299.273254
1/14/08,83,79,77,0,100,76,0,82,7,45,0,31,0,48,32,19,0,299.004272
1/15/08,84,82,69,49,99,76,0,82,12,27,33,0,0,55,0,20,0,291.083954
1/16/08,85,77,70,49,97,75,0,86,12,27,33,32,0,39,44,0,25,273.285645
1/17/08,86,81,70,0,95,79,0,83,11,41,0,0,0,43,33,0,25,286.172363
1/18/08,86,72,80,52,93,82,0,89,17,29,35,33,0,54,0,21,0,282.142456
1/19/08,92,73,45,0,80,92,0,83,16,0,45,43,0,68,0,27,34,276.951904
1/20/08,88,79,54,65,76,97,0,79,11,0,0,42,0,48,43,0,33,274.232117
1/21/08,83,80,60,0,93,75,0,83,14,27,0,31,0,42,0,0,49,273.111298
1/22/08,85,85,67,48,91,76,0,81,13,35,0,0,0,34,32,38,0,281.096375
1/23/08,85,86,59,0,92,74,0,83,12,53,33,31,46,53,32,19,25,256.986755
1/24/08,85,88,62,0,90,75,84,82,12,45,0,32,0,42,32,78,25,246.789978
1/25/08,88,86,75,0,92,80,0,88,16,29,0,100,50,50,69,31,0,252.453735
1/26/08,92,69,50,0,80,91,0,85,11,0,0,43,0,43,44,27,0,249.918243
1/27/08,89,82,54,0,74,93,0,80,17,71,0,0,0,46,43,78,66,251.532196
1/28/08,90,83,72,0,92,77,0,82,15,44,32,31,46,44,63,28,24,257.38028
1/29/08,86,86,77,0,92,75,0,84,19,26,32,0,0,35,31,0,0,259.606934
1/30/08,87,85,77,0,94,76,0,82,14,44,49,0,47,42,48,19,0,258.077667
1/31/08,87,88,69,0,93,78,0,86,23,0,0,31,0,44,32,20,0,266.311798
2/1/08,89,78,64,0,92,79,0,84,11,29,0,50,0,36,34,21,0,265.131226
2/2/08,94,76,60,66,81,94,0,83,20,55,45,0,0,38,0,27,34,263.831085
2/3/08,91,77,50,0,74,93,0,80,14,74,44,42,64,46,44,26,0,253.524734
2/4/08,87,77,79,0,92,77,0,81,8,28,0,0,0,52,44,40,25,253.549637
2/5/08,87,81,77,0,88,75,0,83,11,41,0,32,48,44,33,29,25,250.491104
2/6/08,87,88,70,0,92,74,0,85,14,27,33,31,0,33,33,20,74,252.951874
2/7/08,89,92,87,50,93,77,0,85,11,41,34,0,0,49,0,20,0,242.311752
2/8/08,90,75,81,0,92,81,0,90,13,67,0,0,51,35,69,21,27,231.228302
2/9/08,93,71,63,0,82,92,0,86,23,0,46,0,0,44,44,0,34,235.547119
2/10/08,90,81,72,66,76,91,0,84,21,54,44,0,0,60,44,0,33,236.807388
2/11/08,85,87,74,0,95,73,0,87,13,44,33,31,0,43,32,19,25,234.710251
2/12/08,87,87,79,0,93,75,0,91,10,40,0,0,0,44,48,0,24,227.656693
2/13/08,88,82,86,0,92,75,0,84,29,27,0,92,47,33,32,19,24,221.469879
2/14/08,90,84,72,0,94,74,0,87,24,27,34,65,96,43,33,40,50,223.014084
2/15/08,89,83,68,52,92,80,0,96,21,43,36,33,0,52,34,21,39,215.542099
2/16/08,91,78,57,0,79,92,0,89,28,36,88,42,0,29,44,39,100,215.865875
2/17/08,91,85,62,0,76,98,0,83,17,36,44,0,0,39,43,0,44,206.03772
2/18/08,83,78,71,0,92,75,0,89,15,26,0,41,46,49,32,0,0,219.09877
2/19/08,85,88,77,47,91,72,0,86,22,35,0,30,0,48,31,28,0,219.268127
2/20/08,86,85,89,0,92,72,0,86,11,65,32,30,45,37,31,0,0,220.677841
2/21/08,87,84,83,0,92,77,0,87,16,26,32,46,0,39,0,19,0,218.142349
2/22/08,89,75,69,75,92,78,0,91,11,42,0,32,0,41,0,20,25,209.151047
2/23/08,92,73,58,64,80,89,0,84,16,0,0,41,0,57,0,26,0,218.76004
2/24/08,93,95,69,62,74,93,0,84,16,35,85,81,0,56,42,100,0,215.193405
2/25/08,86,93,75,0,92,71,0,85,17,38,31,29,0,41,0,55,35,215.965515
2/26/08,87,86,79,45,94,72,0,85,16,100,31,58,0,47,30,0,46,229.420074
2/27/08,89,91,92,0,94,76,0,88,19,39,0,30,0,40,0,28,24,224.54834
2/28/08,90,87,90,0,93,75,0,90,21,52,0,31,0,51,63,19,24,228.239502
2/29/08,91,79,84,100,91,76,0,91,17,28,0,0,49,53,100,40,0,221.210846
3/1/08,93,71,58,0,79,88,0,85,29,35,43,40,0,54,42,25,0,218.222046
3/2/08,91,91,47,0,75,91,0,80,10,0,63,40,0,53,0,0,0,219.412582
3/3/08,87,86,92,45,92,72,0,85,16,50,0,30,0,33,30,18,0,231.985458
3/4/08,88,91,81,0,91,72,0,85,22,0,0,0,0,48,0,0,0,231.980484
3/5/08,89,93,100,0,93,72,0,89,16,25,0,29,0,39,30,18,46,226.710236
3/6/08,90,91,91,48,95,75,0,88,19,26,32,0,46,44,0,38,24,234.665421
3/7/08,92,84,73,0,92,87,0,100,100,28,100,32,0,63,0,20,25,237.519714
3/8/08,94,74,60,0,79,95,0,93,65,0,43,40,0,40,0,25,31,233.03154
3/9/08,91,84,58,0,75,95,0,88,58,34,84,0,0,31,0,0,31,231.228302
3/10/08,85,87,86,45,92,73,0,88,40,25,31,0,0,70,51,0,0,233.664169
3/11/08,89,94,89,0,94,76,0,93,37,26,32,44,0,91,30,37,46,227.87088
3/12/08,90,100,71,46,91,76,0,91,27,43,31,30,0,100,0,0,23,224.986694
3/13/08,89,96,86,0,93,77,0,95,18,52,0,31,46,39,31,0,36,222.585693
3/14/08,91,79,80,0,93,81,0,96,31,28,34,0,48,47,33,20,0,226.665405
3/15/08,95,81,57,0,80,93,0,96,26,35,44,41,0,57,43,0,65,223.930649
3/16/08,93,88,57,0,73,94,0,86,18,34,0,0,0,45,0,24,63,268.697845
3/17/08,89,88,88,47,90,73,0,93,28,77,32,0,0,44,31,37,23,267.890869
3/18/08,87,98,77,0,91,75,0,92,20,35,32,60,0,42,31,19,48,276.463745
3/19/08,88,94,78,0,91,74,0,92,16,27,33,32,0,46,33,19,33,272.22464
3/20/08,91,92,77,0,87,78,0,93,13,43,0,33,0,46,35,21,52,270.506073
3/21/08,89,76,60,0,80,87,100,86,19,32,0,0,0,63,0,0,30,271.01416
3/22/08,90,80,50,0,78,90,0,84,18,38,0,0,0,59,45,27,0,275.029114
3/23/08,93,89,59,70,76,100,0,79,19,0,0,45,0,56,70,56,35,278.192261
3/24/08,88,83,86,51,89,85,0,85,24,29,0,0,100,64,34,21,35,286.072723
3/25/08,87,94,79,46,92,77,0,93,25,34,31,0,45,54,30,28,0,295.432648
3/26/08,88,89,81,0,91,74,0,92,21,25,31,29,44,57,0,18,46,289.559662
3/27/08,87,91,95,46,91,72,0,99,24,25,0,0,0,58,31,19,0,296.339233
3/28/08,89,88,88,0,92,74,0,100,30,27,0,64,0,39,0,0,25,292.085205
3/29/08,100,89,62,0,80,88,0,97,34,35,42,41,0,62,0,0,32,288.418945
3/30/08,92,95,73,0,76,86,0,88,33,34,0,40,61,41,0,25,31,290.416443
3/31/08,87,93,100,0,93,69,0,93,24,25,31,29,44,43,30,0,0,285.529755
1/1/09,79,56,32,44,65,52,0,56,8,0,89,0,57,63,0,34,44,160.060059
1/2/09,75,55,50,34,68,45,96,59,7,32,86,0,87,64,0,13,67,163.412491
1/3/09,77,66,48,37,63,49,0,59,7,71,78,47,0,47,50,14,37,166.406265
1/4/09,76,62,55,0,62,50,0,57,6,34,82,45,46,55,48,14,35,160.403763
1/5/09,73,62,63,0,71,41,0,60,6,44,70,17,0,49,38,11,27,161.987823
1/6/09,75,68,77,56,69,44,78,60,6,66,67,0,36,44,57,22,28,156.946732
1/7/09,74,71,79,27,70,40,0,59,7,59,63,51,35,59,36,0,27,155.761169
1/8/09,75,68,74,27,71,43,0,63,8,43,66,17,71,49,37,27,27,156.57312
1/9/09,78,66,72,28,71,43,0,65,8,26,78,18,0,66,51,16,42,149.92305
1/10/09,79,62,60,0,64,48,0,60,9,67,96,22,0,47,48,14,71,148.936752
1/11/09,79,75,55,35,62,48,100,58,8,33,95,22,46,60,0,0,52,149.275482
1/12/09,76,72,72,0,72,41,0,64,6,25,78,17,34,42,36,21,26,140.847076
1/13/09,77,77,81,27,72,43,0,64,6,41,69,100,34,44,36,0,43,150.974106
1/14/09,78,76,71,0,71,48,0,63,5,74,68,17,0,56,54,20,53,152.677719
1/15/09,78,71,78,0,71,45,0,66,6,25,69,0,35,63,54,26,0,161.743744
1/16/09,78,64,71,0,71,45,0,66,6,40,65,18,36,62,38,22,28,161.330292
1/17/09,80,62,57,53,64,51,0,65,6,100,82,22,0,66,96,21,35,165.121078
1/18/09,78,72,52,69,62,52,0,57,6,33,78,22,45,58,0,27,34,173.68399
1/19/09,75,71,66,26,72,41,0,61,5,25,65,33,34,61,71,10,0,171.018982
1/20/09,76,72,69,26,71,40,0,62,4,24,61,16,67,80,35,20,52,168.632919
1/21/09,78,76,76,26,72,40,0,64,4,58,62,17,34,67,53,30,39,169.649109
1/22/09,78,74,79,26,72,42,0,64,6,50,59,17,0,84,72,10,26,169.58934
1/23/09,78,70,68,28,71,42,0,65,7,44,66,17,0,48,56,22,55,170.859573
1/24/09,80,64,52,35,65,50,99,65,5,44,80,44,45,65,0,34,52,176.199554
1/25/09,79,73,51,34,62,51,0,59,6,32,73,44,44,74,47,27,68,184.946777
1/26/09,76,75,75,26,72,41,0,62,6,37,63,16,34,94,71,26,39,188.677795
1/27/09,79,75,80,26,77,41,0,64,6,57,66,16,0,100,53,20,26,178.585617
1/28/09,81,77,85,26,79,42,0,65,6,25,65,16,34,72,35,30,39,178.351501
1/29/09,79,72,71,26,79,43,0,67,6,25,68,17,0,75,36,21,26,180.847137
1/30/09,82,68,72,0,77,46,0,69,8,53,70,0,0,94,38,22,42,178.172165
1/31/09,97,62,63,68,71,50,0,64,8,43,91,22,45,90,0,20,34,170.690216
2/1/09,80,75,53,34,65,50,0,59,6,32,80,21,0,74,68,13,100,175.895706
2/2/09,82,93,80,51,73,56,72,60,6,84,65,0,33,72,34,20,25,170.680252
2/3/09,94,88,84,0,73,100,0,64,6,48,65,16,0,65,34,20,38,172.57814
2/4/09,93,87,82,25,74,83,0,69,6,59,65,16,33,60,52,30,42,164.413742
2/5/09,90,88,89,25,75,69,0,69,6,36,67,16,0,66,93,35,25,172.080002
2/6/09,88,82,79,41,72,64,0,70,6,60,68,17,35,72,37,11,0,170.182114
2/7/09,87,73,48,45,65,69,0,67,6,32,86,0,0,79,46,20,34,167.960449
2/8/09,86,83,54,33,62,72,0,62,7,46,75,62,0,72,0,26,43,168.363937
2/9/09,82,81,91,0,74,55,0,66,6,78,62,16,0,68,79,29,49,162.969147
2/10/09,86,79,87,50,75,57,0,65,6,47,60,16,32,64,79,48,99,162.132294
2/11/09,85,83,86,0,76,56,0,66,5,41,62,16,34,60,35,15,52,158.864532
2/12/09,84,81,96,52,75,52,0,67,5,41,58,25,0,62,70,25,26,152.249329
2/13/09,83,74,69,0,74,52,0,70,7,52,59,17,36,65,38,11,41,153.708862
2/14/09,84,71,52,35,67,59,0,65,7,66,70,37,0,71,47,14,52,144.901871
2/15/09,84,82,56,0,64,61,0,62,6,54,69,22,0,66,70,20,51,153.509613
2/16/09,78,81,74,0,75,46,0,63,6,24,60,25,34,59,35,20,51,158.36142
2/17/09,82,83,79,0,75,46,0,66,5,36,61,27,0,64,35,10,25,161.160934
2/18/09,80,82,79,38,75,49,0,65,6,56,57,24,0,61,35,20,38,161.604263
2/19/09,82,80,82,0,75,49,0,66,9,41,61,22,100,48,47,20,25,159.248093
2/20/09,85,78,72,28,75,60,0,69,7,26,63,17,36,74,62,16,41,167.043884
2/21/09,87,74,48,0,66,66,0,66,8,65,72,22,44,70,47,13,68,165.928055
2/22/09,83,84,64,0,63,62,0,61,8,53,72,21,44,68,46,26,0,164.353958
2/23/09,79,83,83,0,72,48,0,62,6,48,57,16,33,57,35,35,51,164.463547
2/24/09,82,86,89,0,100,47,0,63,5,61,62,0,33,59,70,15,0,173.649124
2/25/09,82,88,82,26,76,46,0,62,5,56,68,16,0,54,0,20,25,172.936783
2/26/09,82,88,81,51,74,47,0,66,6,56,63,16,33,53,34,10,25,171.392578
2/27/09,82,78,81,0,72,47,0,70,6,38,63,17,0,61,36,21,53,175.985367
2/28/09,83,75,57,34,66,54,0,65,6,32,69,21,0,79,46,13,0,173.200806
3/1/09,83,89,69,66,64,52,0,60,6,62,71,21,43,59,44,13,32,170.705154
3/2/09,80,88,95,41,75,44,0,63,4,46,55,16,32,51,34,24,49,173.380127
3/3/09,82,88,92,25,75,44,0,64,5,47,54,16,32,46,68,10,50,176.383865
3/4/09,82,92,87,25,76,46,0,64,5,47,53,16,0,44,51,10,74,180.573166
3/5/09,82,89,96,25,74,45,0,66,5,48,58,32,0,62,68,10,25,184.19957
3/6/09,82,86,76,40,75,47,0,68,5,76,61,34,35,50,36,21,44,183.432449
3/7/09,85,81,54,33,66,53,0,65,6,32,75,0,43,63,45,13,0,178.65535
3/8/09,82,89,58,33,63,53,0,62,5,77,70,0,43,56,45,13,66,180.324097
3/9/09,80,90,87,33,75,43,0,65,5,58,60,16,0,62,34,29,33,185.554489
3/10/09,81,93,96,25,75,43,0,64,5,46,59,0,0,57,34,29,25,188.349014
3/11/09,81,95,98,25,75,43,0,65,4,47,56,21,0,61,34,29,25,183.766205
3/12/09,83,90,97,25,75,43,0,65,5,56,56,48,0,52,34,10,25,189.041428
3/13/09,84,84,81,27,75,45,0,68,5,84,61,23,0,68,36,26,27,193.64418
3/14/09,89,84,59,0,66,55,0,68,5,48,77,21,44,59,0,26,33,195.387634
3/15/09,84,94,53,100,64,55,0,63,6,73,73,42,43,77,67,19,33,188.941803
3/16/09,81,91,73,0,75,44,0,65,5,47,57,16,32,54,51,29,37,190.022751
3/17/09,84,97,82,25,76,44,0,67,5,71,62,0,32,55,57,24,41,191.213287
3/18/09,83,96,92,38,76,43,0,68,5,32,82,16,0,48,34,20,25,191.62674
3/19/09,89,92,85,51,75,48,0,79,51,40,89,16,0,69,35,84,0,194.017776
3/20/09,100,88,79,0,75,64,77,100,100,38,87,0,35,72,74,100,54,192.254379
3/21/09,95,79,45,34,66,63,0,84,59,32,100,21,44,77,46,33,50,191.138565
3/22/09,92,95,58,0,63,61,0,77,52,31,91,31,0,70,89,57,32,195.004074
3/23/09,88,99,80,24,74,49,0,79,38,31,77,15,0,67,0,33,48,197.245682
3/24/09,88,98,92,0,75,50,0,78,35,54,76,0,0,66,100,33,33,196.109924
3/25/09,88,94,79,25,75,51,0,77,26,62,74,16,64,73,33,24,0,200.239456
3/26/09,90,97,90,25,76,52,0,79,35,39,76,32,33,63,34,24,50,200.742569
3/27/09,87,88,86,0,74,52,0,79,28,33,73,0,68,64,54,15,40,200.981674
3/28/09,89,79,55,0,66,58,0,74,26,46,86,35,43,63,0,26,66,197.564484
3/29/09,86,90,63,32,63,58,0,71,22,30,81,0,42,65,44,25,65,202.904465
3/30/09,84,95,100,0,76,46,0,73,20,23,68,15,0,60,66,9,24,312.204773
3/31/09,88,100,90,50,76,48,0,76,46,70,68,0,48,56,33,19,25,310.829926
1/1/10,82,68,35,33,76,90,0,65,36,40,73,98,0,81,7,2,0,302.994293
1/2/10,79,68,40,42,75,85,0,67,30,39,75,28,55,77,7,2,41,295.940735
1/3/10,81,74,50,45,75,84,0,66,30,42,76,27,54,84,8,2,59,299.885956
1/4/10,83,72,66,42,84,71,0,72,26,38,69,21,41,66,13,3,61,299.432648
1/5/10,88,77,69,34,84,72,0,74,32,32,68,34,41,66,73,2,45,294.137512
1/6/10,91,80,71,21,82,75,0,75,30,45,69,28,41,87,100,3,61,292.448822
1/7/10,87,81,68,20,83,73,0,77,28,38,68,34,0,83,48,3,30,293.823669
1/8/10,85,76,62,28,83,75,0,78,28,68,68,42,42,65,26,2,41,288.917053
1/9/10,85,76,46,26,75,83,0,71,29,59,79,26,50,76,21,100,0,292.71283
1/10/10,84,85,43,25,73,85,0,71,27,39,77,25,100,83,19,47,37,289.121307
1/11/10,83,85,74,30,85,70,0,76,26,31,63,20,0,66,18,15,39,290.401489
1/12/10,84,82,81,19,85,70,0,76,23,66,61,39,38,85,15,10,42,273.978058
1/13/10,91,85,100,20,88,84,0,80,29,24,64,20,39,91,13,8,43,268.99176
1/14/10,92,85,89,20,86,91,0,82,27,56,62,20,40,90,12,9,44,270.197235
1/15/10,90,78,81,31,85,96,0,84,27,26,64,41,41,74,12,7,45,270.037842
1/16/10,88,75,51,0,77,100,0,80,26,64,79,26,76,100,12,3,76,266.1474
1/17/10,87,85,48,34,74,95,0,73,28,23,78,25,0,80,11,6,86,263.98053
1/18/10,85,82,71,39,86,77,0,79,26,48,65,20,39,68,10,4,43,265.514771
1/19/10,86,84,86,19,88,76,0,80,26,48,65,39,57,64,9,5,56,264.568329
1/20/10,86,86,81,29,87,76,0,79,28,45,65,39,38,61,8,4,28,269.400208
1/21/10,87,84,81,30,88,77,0,82,58,49,67,20,0,79,9,6,29,262.406433
1/22/10,88,80,80,21,90,80,0,87,63,57,66,21,82,80,8,8,40,264.653015
1/23/10,88,74,50,51,80,89,0,81,47,31,80,0,50,72,7,5,37,265.738953
1/24/10,85,84,57,25,76,88,0,74,42,34,77,49,0,65,8,7,48,267.218414
1/25/10,83,82,78,19,90,71,0,80,35,41,66,19,0,74,7,3,28,266.227112
1/26/10,86,85,83,39,88,69,0,80,32,60,75,68,58,63,7,3,76,267.198486
1/27/10,86,87,78,19,90,70,0,80,41,59,76,39,0,76,8,5,70,265.564606
1/28/10,86,83,87,32,89,70,0,80,29,72,74,29,77,63,8,4,100,269.639313
1/29/10,86,79,78,21,91,73,0,82,32,19,78,41,41,76,7,4,30,268.100098
1/30/10,85,76,56,38,80,83,0,75,35,70,100,25,50,89,7,3,49,270.595734
1/31/10,85,83,57,25,77,82,0,73,36,61,99,49,97,64,7,3,48,269.370331
2/1/10,84,82,89,32,91,66,0,76,29,47,76,29,0,71,7,5,98,270.386536
2/2/10,88,89,90,19,93,67,0,79,30,35,87,25,38,71,7,3,37,266.53595
2/3/10,88,88,87,0,93,68,0,79,28,54,77,26,38,72,8,4,56,264.742676
2/4/10,88,85,84,20,93,70,0,81,27,72,69,39,0,66,7,5,57,262.232086
2/5/10,86,81,79,20,90,75,0,84,29,38,72,20,0,68,7,5,40,262.416412
2/6/10,87,75,56,25,81,88,0,82,33,46,87,100,49,76,7,3,49,265.350403
2/7/10,84,83,57,25,77,86,0,76,35,57,82,49,0,76,8,6,0,269.519775
2/8/10,85,87,85,19,92,73,0,81,28,47,65,29,76,72,8,3,28,271.641815
2/9/10,92,90,84,29,94,74,0,90,70,59,64,19,0,82,8,2,28,276.259521
2/10/10,100,89,86,48,97,79,100,97,86,62,65,32,38,79,7,3,65,281.051544
2/11/10,95,90,84,30,96,77,0,99,77,49,68,20,0,83,7,4,72,280.189789
2/12/10,94,82,82,63,93,80,0,99,65,39,76,0,42,77,7,5,61,279.049042
2/13/10,91,77,47,35,82,87,0,92,59,24,89,77,51,83,6,3,0,287.148682
2/14/10,88,84,53,0,79,88,0,85,50,48,83,39,51,90,6,3,0,289.484924
2/15/10,87,86,77,21,92,73,0,86,41,38,70,20,41,60,7,3,30,288.687927
2/16/10,87,86,78,100,92,70,0,85,38,25,69,40,60,76,7,3,29,280.538483
2/17/10,88,89,83,26,93,71,0,86,36,55,67,20,58,72,6,3,0,281.544708
2/18/10,88,90,81,39,92,72,0,88,36,61,69,20,39,70,5,4,58,281.72403
2/19/10,89,86,75,48,92,72,0,90,34,64,71,35,41,61,5,3,81,282.142456
2/20/10,88,81,51,25,83,82,0,85,36,35,82,33,49,81,6,2,55,278.954407
2/21/10,85,89,52,24,79,83,0,80,36,34,81,0,48,71,5,2,59,277.709076
2/22/10,86,90,85,57,95,67,0,86,31,52,63,19,74,60,5,3,27,273.474945
2/23/10,88,93,91,19,94,71,0,86,61,81,63,19,0,72,5,7,37,277.62439
2/24/10,87,94,80,32,94,71,0,86,45,100,67,19,56,61,5,3,56,280.389038
2/25/10,89,89,83,39,93,70,0,85,34,53,66,19,57,70,5,11,42,280.294403
2/26/10,87,83,73,0,91,71,0,86,38,37,66,20,0,73,5,6,44,280.174835
2/27/10,88,82,50,0,81,98,0,90,41,46,80,33,97,78,5,5,72,282.296875
2/28/10,85,91,54,0,77,89,0,79,37,44,80,56,47,71,5,2,70,282.501129
3/1/10,85,92,87,32,92,71,0,84,34,71,66,0,38,79,5,5,46,283.337982
3/2/10,87,93,87,38,95,71,0,85,35,71,68,38,76,76,5,4,42,284.438843
3/3/10,88,93,86,0,94,70,0,85,35,53,67,57,38,68,5,4,46,283.049072
3/4/10,89,95,85,33,96,72,0,87,34,48,63,19,51,71,5,4,42,280.717804
3/5/10,87,89,82,20,93,75,0,91,32,38,70,81,0,78,5,5,30,282.685425
3/6/10,85,83,52,25,81,84,0,86,37,23,85,74,49,68,5,4,55,282.052795
3/7/10,84,92,59,25,79,82,0,79,34,30,85,41,48,77,5,4,53,285.295654
3/8/10,84,94,92,19,94,66,0,83,33,53,65,19,38,79,5,3,55,292.289429
3/9/10,87,98,89,19,97,69,0,86,33,71,61,19,75,66,5,5,42,293.400269
3/10/10,90,99,94,38,96,69,0,88,35,70,62,38,0,74,5,4,55,296.538513
3/11/10,92,96,86,26,96,77,0,98,100,30,64,29,0,84,5,6,42,274.047791
3/12/10,91,90,83,60,95,79,0,100,92,74,67,30,40,74,5,4,58,274.022888
3/13/10,88,84,55,49,83,86,0,92,80,45,82,37,49,75,4,3,36,276.483673
3/14/10,87,94,60,48,78,87,0,86,75,52,84,24,94,85,5,3,35,276.115051
3/15/10,86,94,80,0,95,71,0,90,65,46,65,37,0,68,5,5,54,272.508575
3/16/10,88,95,87,29,97,72,0,93,70,53,64,0,57,74,6,3,56,271.477448
3/17/10,90,96,82,48,96,73,0,95,70,48,66,0,76,82,7,6,98,264.827362
3/18/10,91,96,84,20,98,74,0,95,69,61,70,26,39,84,6,5,43,263.542175
3/19/10,88,87,74,27,94,77,0,96,71,44,67,0,0,76,6,6,30,263.606934
3/20/10,88,85,50,42,83,87,0,95,80,54,82,25,0,89,6,5,91,265.006683
3/21/10,87,94,60,24,79,89,0,90,70,37,80,49,97,85,6,3,35,261.868439
3/22/10,90,98,89,28,95,72,0,94,60,76,65,19,37,79,6,4,28,264.309296
3/23/10,97,99,91,0,99,74,0,96,56,47,68,38,0,71,7,6,28,252.239548
3/24/10,94,100,88,19,100,71,0,93,55,60,68,19,38,80,6,5,42,253.928207
3/25/10,90,95,85,20,98,71,0,94,50,96,68,20,77,67,5,6,71,248.403915
3/26/10,91,90,78,21,97,73,0,98,49,82,69,41,41,83,5,7,70,245.649246
3/27/10,88,85,54,0,84,83,0,90,51,70,84,63,0,85,6,4,37,259.851013
3/28/10,86,92,56,25,80,82,0,86,52,39,81,33,0,73,5,2,97,301.0466
3/29/10,86,91,86,38,95,70,0,92,49,94,66,38,0,83,5,5,74,299.93576
3/30/10,88,94,89,29,96,71,0,93,47,54,66,32,0,71,5,3,65,303.397797
3/31/10,87,93,81,20,93,70,0,94,45,79,69,20,0,72,5,3,58,305.604523
1/1/11,81,67,42,40,81,85,0,78,99,20,84,44,39,85,92,24,32,307.069031
1/2/11,81,68,49,71,79,83,0,80,100,18,80,38,34,81,89,17,28,305.958191
1/3/11,80,69,73,38,93,71,0,84,82,35,71,41,82,83,99,17,22,306.854828
1/4/11,82,72,77,64,94,70,0,88,78,41,67,39,26,75,94,32,54,307.283234
1/5/11,84,74,76,55,93,72,0,90,83,54,68,20,27,93,88,28,0,307.193573
1/6/11,83,75,76,46,89,72,0,88,82,55,69,20,54,84,81,32,66,310.924591
1/7/11,83,72,73,42,89,74,0,92,84,21,69,62,27,76,77,26,45,318.620728
1/8/11,83,71,53,89,83,82,0,88,82,17,79,60,33,85,96,34,40,314.695435
1/9/11,81,76,54,97,80,81,0,83,92,32,75,47,0,81,80,25,26,312.214752
1/10/11,82,77,85,40,95,70,0,89,78,72,66,38,26,83,73,40,62,304.772644
1/11/11,84,78,82,43,94,73,79,91,78,45,64,75,25,81,82,38,34,304.399048
1/12/11,86,81,79,44,95,74,0,91,82,85,65,38,25,74,83,29,48,308.797546
1/13/11,85,81,81,62,96,73,0,93,83,59,67,38,26,90,86,28,42,307.098907
1/14/11,86,75,74,81,92,74,0,94,81,41,71,79,27,83,80,29,100,307.243378
1/15/11,82,71,49,49,80,82,100,90,84,32,80,71,0,77,84,24,38,299.372864
1/16/11,84,91,51,54,78,81,0,86,90,16,77,46,0,78,69,22,51,299.059052
1/17/11,84,100,70,39,95,69,0,91,77,38,66,37,0,74,86,16,41,304.37912
1/18/11,87,96,83,34,94,70,0,92,77,45,66,37,25,65,75,23,51,304.85733
1/19/11,89,95,85,77,94,70,0,95,77,70,68,0,25,79,85,21,61,303.93576
1/20/11,88,88,81,26,95,72,0,96,74,91,67,38,51,73,73,20,62,304.349213
1/21/11,87,79,76,45,93,70,83,96,77,27,68,20,26,80,74,22,57,305.998047
1/22/11,85,77,51,98,84,82,0,94,80,16,79,58,47,74,85,22,63,308.0354
1/23/11,84,85,57,80,81,82,0,87,94,63,74,34,31,71,79,18,33,307.098907
1/24/11,83,82,80,51,97,69,0,91,77,19,64,54,25,69,70,17,50,307.069031
1/25/11,86,84,87,34,96,71,0,92,81,25,66,46,50,74,74,68,91,311.083984
1/26/11,86,82,83,51,95,68,0,92,71,51,65,28,100,81,74,100,41,312.902161
1/27/11,86,82,79,65,96,69,0,94,70,65,67,38,51,77,72,59,48,310.909637
1/28/11,87,76,75,69,95,73,0,95,83,54,68,39,27,91,66,47,85,310.944489
1/29/11,86,72,55,53,86,79,0,92,81,16,80,23,60,83,58,41,33,311.462555
1/30/11,86,78,58,91,82,80,0,85,82,23,79,55,0,71,66,38,36,313.863556
1/31/11,87,78,91,97,98,69,0,90,79,84,68,53,24,73,59,29,51,303.965668
2/1/11,90,80,92,49,97,72,0,92,83,43,71,44,0,82,70,36,26,304.518585
2/2/11,92,82,83,49,97,73,0,93,90,36,73,53,48,81,73,47,49,303.273254
2/3/11,91,81,86,75,97,73,0,94,86,81,72,18,37,76,71,37,66,303.880981
2/4/11,93,75,80,26,97,77,0,97,83,39,80,28,51,84,67,38,21,305.554718
2/5/11,90,72,57,31,85,81,0,91,91,31,93,23,45,83,76,41,37,299.258301
2/6/11,88,79,58,46,81,80,0,86,86,23,88,0,0,90,68,44,24,299.273254
2/7/11,89,81,88,37,97,71,0,91,73,61,76,45,0,87,69,40,39,303.641876
2/8/11,94,84,93,63,97,72,0,94,75,100,74,27,24,93,82,68,72,299.188568
2/9/11,90,85,88,34,96,69,78,94,74,50,75,18,37,86,68,57,71,294.725311
2/10/11,88,84,89,69,98,69,0,94,73,45,74,19,25,83,63,46,75,295.049072
2/11/11,90,80,79,54,96,70,0,100,73,20,75,29,26,80,76,49,49,294.78009
2/12/11,87,74,51,85,83,77,0,94,75,16,86,0,31,87,68,59,38,289.066498
2/13/11,86,84,59,52,82,80,0,87,80,39,80,45,30,91,70,59,73,287.278198
2/14/11,89,84,89,34,99,64,0,94,73,82,67,37,25,77,62,35,40,283.930756
2/15/11,88,81,91,57,98,65,0,92,69,55,80,53,59,84,69,35,32,283.716553
2/16/11,89,84,91,50,98,67,0,93,68,44,81,55,0,73,60,33,20,277.509827
2/17/11,90,83,91,26,98,68,0,94,62,32,81,28,0,81,60,30,40,279.631866
2/18/11,89,79,80,71,96,72,0,98,62,60,86,39,26,91,61,36,74,279.482422
2/19/11,89,73,57,42,85,77,0,95,69,47,100,57,31,82,52,31,33,287.173615
2/20/11,86,88,62,72,81,77,0,87,67,38,93,23,0,92,70,31,36,287.582062
2/21/11,86,91,81,25,98,68,0,93,62,50,81,27,0,87,57,34,72,289.993042
2/22/11,89,89,93,63,97,70,0,95,60,43,81,18,0,83,59,31,49,292.349213
2/23/11,89,90,90,38,97,69,0,93,59,56,81,36,74,79,64,33,40,288.787567
2/24/11,89,83,87,59,96,68,0,94,61,51,81,28,25,86,62,28,67,286.605743
2/25/11,88,80,83,40,96,69,0,96,65,46,84,19,26,91,65,29,55,289.778839
2/26/11,87,76,58,73,84,75,0,93,61,23,94,45,0,76,58,25,37,289.833618
2/27/11,85,84,60,30,80,73,0,86,66,30,91,44,30,87,66,21,60,292.284454
2/28/11,86,84,88,66,99,62,0,89,59,43,75,45,48,73,65,21,49,294.795044
3/1/11,88,87,92,25,99,64,0,90,56,67,80,27,0,81,72,23,52,292.742737
3/2/11,90,87,96,75,98,68,0,87,56,25,75,27,74,71,63,25,79,283.482452
3/3/11,93,83,87,64,98,65,0,84,53,38,77,28,74,88,61,24,47,286.017944
3/4/11,92,78,86,27,96,66,0,87,59,46,74,19,26,87,64,29,28,288.917053
3/5/11,93,75,55,74,81,76,0,82,58,55,89,34,0,86,69,28,25,288.000488
3/6/11,90,86,62,31,78,73,0,75,63,55,85,57,0,93,66,26,42,287.606964
3/7/11,91,86,89,26,96,66,0,81,60,70,73,56,50,85,60,22,27,284.239594
3/8/11,93,86,94,39,95,66,0,82,55,70,74,19,38,92,75,23,47,287.064026
3/9/11,94,85,92,42,95,64,0,82,52,62,84,73,49,79,75,20,33,288.174835
3/10/11,93,83,90,37,95,65,0,83,54,68,84,55,24,86,61,27,79,264.359131
3/11/11,98,77,78,86,92,100,0,93,53,57,81,46,25,75,69,27,40,262.43631
3/12/11,95,69,52,32,80,94,0,83,59,31,90,45,31,78,54,23,62,259.791229
3/13/11,92,75,57,42,78,95,0,77,64,47,83,57,60,65,67,19,33,261.883392
3/14/11,93,77,82,52,97,83,0,83,54,46,75,19,51,72,68,26,41,261.56958
3/15/11,95,83,85,38,98,83,77,85,52,31,75,18,24,76,71,46,33,261.544678
3/16/11,96,83,90,66,96,81,0,85,56,68,81,27,36,71,100,37,65,265.415161
3/17/11,96,84,88,51,96,76,0,85,53,69,80,18,25,83,77,38,60,267.875946
3/18/11,93,75,76,40,94,75,0,86,51,53,80,38,51,76,85,32,42,267.98053
3/19/11,93,71,50,52,80,79,0,80,51,46,90,23,30,94,75,31,25,271.034088
3/20/11,92,80,64,51,78,78,0,75,62,30,86,22,45,96,75,33,57,268.274445
3/21/11,93,84,91,58,98,69,76,81,59,43,74,54,24,73,85,33,39,265.948151
3/22/11,94,85,92,100,100,69,0,84,62,50,77,36,0,81,84,28,39,266.894623
3/23/11,96,85,93,25,97,66,0,84,54,50,78,0,48,83,67,31,46,266.137451
3/24/11,100,85,85,51,97,67,0,85,54,69,80,55,25,73,76,35,40,266.650543
3/25/11,95,77,73,53,95,68,0,85,52,26,80,77,39,72,66,28,28,267.83609
3/26/11,93,72,56,78,82,77,0,81,57,31,91,22,30,81,72,26,49,270.316772
3/27/11,92,79,65,76,81,76,93,74,56,0,85,22,30,100,68,33,24,331.462585
3/28/11,93,83,96,49,99,64,0,82,47,60,71,35,24,84,65,24,58,332.892242
3/29/11,95,85,97,33,100,67,0,82,49,74,73,71,24,94,72,30,39,328.274536
3/30/11,96,86,100,62,97,66,0,82,53,68,70,18,24,93,81,25,30,323.796326
3/31/11,99,84,97,50,98,66,0,84,57,75,72,100,0,89,81,36,33,310.06778
1/1/12,91,79,37,91,78,97,51,74,50,48,87,59,35,48,100,79,64,310.406525
1/2/12,88,79,52,35,90,87,33,84,41,37,87,55,53,38,89,60,16,311.811249
1/3/12,88,84,69,78,91,83,61,89,40,34,85,52,76,43,93,57,26,313.644379
1/4/12,88,87,73,58,92,83,36,90,42,51,90,55,38,38,100,58,30,311.328064
1/5/12,89,89,72,46,92,87,30,90,39,23,88,71,75,35,87,51,31,313.116364
1/6/12,90,83,71,41,90,91,19,88,43,83,92,56,27,38,92,63,32,315.273285
1/7/12,90,80,47,100,79,94,43,86,42,34,100,61,30,39,89,57,45,318.590851
1/8/12,87,86,54,30,78,97,28,82,44,26,94,56,57,38,92,48,69,291.900879
1/9/12,89,90,83,50,96,82,53,90,38,66,84,49,48,36,89,47,66,291.666748
1/10/12,89,93,84,44,95,83,64,89,40,55,84,55,32,34,87,49,24,289.380341
1/11/12,93,96,86,63,96,86,59,95,46,55,85,62,48,40,87,56,73,283.681702
1/12/12,91,94,87,57,95,85,71,94,55,44,85,66,24,47,90,51,45,282.989288
1/13/12,91,88,77,46,93,87,37,94,50,40,86,48,25,39,83,47,46,288.907104
1/14/12,89,78,49,61,79,93,21,90,54,40,94,63,69,40,87,42,36,287.766388
1/15/12,89,86,53,45,76,96,35,83,49,26,89,56,0,35,82,37,26,288.971863
1/16/12,88,90,70,25,95,83,47,91,50,22,82,52,40,37,77,36,15,289.330505
1/17/12,91,94,86,50,95,84,29,92,51,66,82,54,48,39,91,39,63,291.462524
1/18/12,100,96,85,56,93,85,52,92,47,92,83,55,31,41,73,48,53,297.051575
1/19/12,93,93,88,31,95,85,53,91,49,71,83,49,36,37,74,48,34,303.407745
1/20/12,92,86,79,39,92,88,42,94,47,51,83,55,66,34,79,51,40,302.252075
1/21/12,90,79,50,37,79,95,55,86,53,26,88,56,57,35,79,46,23,303.786346
1/22/12,88,86,54,88,76,96,62,82,55,39,83,49,37,38,72,43,40,304.588318
1/23/12,88,91,85,37,94,84,40,92,47,70,73,48,35,29,69,46,53,301.8237
1/24/12,91,95,88,44,96,86,52,93,48,65,74,53,40,39,71,57,58,304.95694
1/25/12,92,95,88,74,94,86,81,98,46,60,74,54,48,36,70,52,44,303.741516
1/26/12,92,92,87,38,93,89,77,97,46,100,79,61,37,36,67,51,45,301.649353
1/27/12,92,97,80,39,93,95,43,97,48,51,81,64,88,38,76,53,31,302.127563
1/28/12,92,85,49,68,80,100,28,91,51,53,90,65,39,36,67,54,27,301.191071
1/29/12,90,90,60,96,77,100,55,84,56,46,86,61,100,37,74,50,41,305.853577
1/30/12,89,95,86,67,96,88,51,91,46,86,76,59,39,38,68,43,21,302.8349
1/31/12,91,96,90,67,97,86,63,91,48,70,76,56,58,38,64,44,33,301.923309
2/1/12,88,95,94,74,97,84,34,90,46,81,77,50,39,38,70,42,33,303.811249
2/2/12,89,94,92,49,95,85,35,90,47,49,77,59,40,35,66,43,48,303.517334
2/3/12,89,88,82,51,93,86,60,94,49,79,77,91,37,40,68,44,30,308.040375
2/4/12,87,79,49,52,80,92,35,86,49,19,86,72,48,39,77,39,52,307.970642
2/5/12,88,85,57,51,76,94,48,81,51,52,84,67,28,40,66,66,51,310.037903
2/6/12,88,94,91,49,97,81,51,87,39,54,75,53,23,38,64,52,43,309.465057
2/7/12,93,97,94,36,96,84,45,91,41,53,79,54,35,37,62,52,29,305.978119
2/8/12,93,98,98,37,97,84,34,92,39,86,80,52,59,35,66,45,57,301.350464
2/9/12,92,98,92,68,96,85,23,93,41,92,85,70,24,86,65,49,43,302.267029
2/10/12,91,90,89,51,94,87,24,93,42,45,87,74,37,78,68,52,35,302.436401
2/11/12,89,78,55,74,79,91,48,86,43,39,94,65,42,56,64,40,40,299.004272
2/12/12,89,84,56,79,74,93,53,76,41,50,86,67,54,50,63,100,44,301.445099
2/13/12,88,91,92,30,96,77,39,88,40,42,76,64,38,52,70,55,66,307.736542
2/14/12,96,98,93,56,96,79,52,90,38,71,76,62,35,43,58,57,48,306.844879
2/15/12,91,96,92,62,97,80,40,89,38,38,92,64,31,52,57,47,43,309.405273
2/16/12,92,94,95,31,96,84,29,93,41,93,82,64,55,51,65,42,39,311.352966
2/17/12,90,87,84,78,93,87,36,94,41,46,80,50,33,75,70,42,68,315.806274
2/18/12,89,80,50,60,80,91,56,89,42,33,90,49,43,54,58,45,58,315.562195
2/19/12,87,86,53,67,76,92,42,81,44,46,87,57,29,42,69,40,52,318.795074
2/20/12,89,94,75,57,94,85,47,88,40,78,76,55,56,43,54,50,29,321.818756
2/21/12,90,98,95,57,95,83,35,91,48,83,75,61,36,57,60,52,34,320.095215
2/22/12,96,100,92,43,97,85,29,92,47,64,76,56,63,51,57,70,43,323.452606
2/23/12,93,95,95,43,97,84,29,94,46,43,77,53,24,41,53,52,77,322.301941
2/24/12,89,89,81,44,94,82,47,95,43,61,77,56,36,47,66,47,35,326.655609
2/25/12,90,80,51,66,79,89,41,90,43,45,89,45,56,49,62,42,29,322.994324
2/26/12,89,87,62,51,77,90,68,81,50,64,84,52,37,44,63,47,43,319.422729
2/27/12,89,96,93,48,97,78,84,89,37,64,73,51,46,51,63,39,47,322.252106
2/28/12,91,99,98,42,98,80,51,90,37,74,73,52,81,41,61,42,47,320.110138
2/29/12,96,100,100,61,99,84,57,93,34,64,75,57,35,46,60,43,36,316.389099
3/1/12,93,100,99,90,100,81,54,94,34,84,78,57,62,40,58,41,65,314.97937
3/2/12,90,92,85,73,97,87,49,96,68,29,78,59,51,38,60,42,57,314.242157
3/3/12,88,81,52,46,82,92,100,92,63,47,86,43,59,48,61,35,54,312.259583
3/4/12,87,93,59,23,79,94,50,83,60,33,81,60,29,35,60,31,71,316.792572
3/5/12,87,97,97,31,99,83,64,94,45,71,76,54,32,41,59,33,44,324.28949
3/6/12,91,97,93,24,98,82,45,92,44,58,72,62,46,43,63,37,33,311.133789
3/7/12,94,95,92,96,96,80,22,91,41,37,76,93,58,37,66,35,66,301.903381
3/8/12,97,96,94,31,95,83,17,92,36,43,74,79,24,40,70,42,73,303.646851
3/9/12,93,89,81,83,94,86,54,95,43,45,77,100,49,42,66,38,65,302.59082
3/10/12,91,80,49,73,79,88,41,89,39,32,84,92,37,39,68,34,57,298.531036
3/11/12,92,88,58,94,77,88,41,82,39,51,78,78,56,42,65,28,85,296.917084
3/12/12,91,98,92,48,99,82,56,91,34,85,70,76,31,40,63,33,38,297.684204
3/13/12,93,100,91,66,97,79,62,91,36,84,72,71,92,41,64,35,42,299.51236
3/14/12,93,99,89,43,97,81,51,91,36,70,74,50,0,41,64,46,100,303.721588
3/15/12,93,96,92,37,98,82,58,93,32,93,73,55,87,41,52,42,48,306.585846
3/16/12,91,89,80,39,94,84,42,94,40,57,73,57,49,37,62,37,30,306.341766
3/17/12,92,82,49,67,80,87,35,89,37,39,80,51,56,41,73,53,64,301.295685
3/18/12,91,89,57,58,75,89,27,80,39,83,75,54,70,43,65,34,63,301.086456
3/19/12,91,98,95,49,97,82,40,90,35,75,70,55,35,42,68,37,62,302.496185
3/20/12,94,98,97,61,98,84,51,93,33,59,71,55,59,39,71,47,76,304.369141
3/21/12,92,99,94,55,96,82,40,91,37,64,67,66,58,40,67,37,66,297.370392
3/22/12,93,94,97,74,97,84,29,95,100,65,70,65,56,46,64,36,58,302.640625
3/23/12,94,90,88,39,94,83,55,100,86,86,74,65,33,39,56,40,30,305.250854
3/24/12,90,81,51,60,78,85,35,94,73,53,81,56,58,40,64,35,79,303.437653
3/25/12,90,88,62,52,77,85,28,83,62,26,77,58,43,39,64,27,47,305.684235
3/26/12,90,98,92,18,100,81,28,95,67,32,68,57,23,38,55,33,52,301.484955
3/27/12,97,99,96,55,98,81,51,95,67,69,71,67,47,45,63,40,71,300.872253
3/28/12,93,99,94,43,97,81,57,94,56,54,77,54,40,47,69,36,43,304.413971
3/29/12,92,96,89,50,96,81,58,94,51,65,73,62,40,46,74,35,44,360.274597
3/30/12,91,90,82,26,93,82,31,97,51,63,75,53,25,100,72,36,25,360.483826
3/31/12,90,78,50,52,77,90,42,99,45,52,82,61,57,100,71,33,35,367.607117
1/1/13,95,80,38,62,69,94,39,76,37,35,84,74,42,44,99,58,27,366.003143
1/2/13,92,81,59,62,82,85,65,88,39,19,85,73,42,54,98,57,6,365.280823
1/3/13,92,84,67,45,83,89,53,93,36,29,85,72,60,55,100,77,15,367.681824
1/4/13,93,82,63,59,82,92,39,94,37,54,84,65,55,53,97,67,28,369.35556
1/5/13,95,77,41,51,69,92,42,86,38,24,89,63,37,45,90,51,15,368.613342
1/6/13,94,82,48,83,67,94,46,81,41,46,85,67,31,49,91,95,24,360.274597
1/7/13,93,92,81,57,88,85,38,92,38,47,79,59,42,60,87,68,23,361.111481
1/8/13,93,94,88,49,87,88,43,93,34,48,81,62,47,60,82,100,28,356.259644
1/9/13,93,97,88,56,87,88,59,95,34,57,85,58,36,63,78,63,28,354.331879
1/10/13,94,96,90,78,89,94,35,95,37,72,84,60,31,64,76,71,35,350.939606
1/11/13,92,91,81,74,85,93,57,97,34,57,87,54,38,58,72,71,42,350.12265
1/12/13,93,78,44,69,69,95,34,87,39,38,96,55,25,48,77,49,26,369.36554
1/13/13,97,89,53,65,67,96,53,83,42,35,96,55,36,51,78,42,24,375.696808
1/14/13,93,96,92,49,87,87,53,94,35,36,89,58,41,64,73,51,24,375.427795
1/15/13,93,98,91,45,89,88,58,94,35,40,90,51,46,62,70,53,28,373.963287
1/16/13,100,99,91,52,89,88,32,97,41,50,91,56,61,62,72,76,46,375.4328
1/17/13,94,98,91,71,87,91,61,95,49,74,86,59,26,64,69,62,38,375.507507
1/18/13,94,89,78,54,85,93,55,97,40,35,88,53,56,61,71,64,23,376.434021
1/19/13,95,78,40,72,70,95,50,89,44,31,95,59,36,48,72,44,17,386.351868
1/20/13,92,85,46,60,67,94,56,83,42,37,91,55,27,54,73,37,18,378.092804
1/21/13,92,92,65,54,87,86,44,91,37,65,84,63,41,60,72,53,22,381.440277
1/22/13,95,96,86,48,88,91,44,94,38,53,85,56,41,65,70,58,38,383.647003
1/23/13,94,96,89,30,88,89,46,94,37,75,88,57,30,66,69,58,50,385.529938
1/24/13,93,95,88,46,86,90,58,93,37,54,88,62,31,65,67,59,100,391.218628
1/25/13,95,89,78,63,85,91,48,95,37,43,88,53,58,60,65,57,64,389.749115
1/26/13,95,79,42,65,70,94,48,89,42,43,95,64,91,46,69,42,21,388.892334
1/27/13,94,86,47,37,67,95,42,82,43,42,90,59,30,53,69,41,28,389.968292
1/28/13,94,98,83,42,88,86,50,92,36,47,83,64,45,67,66,50,43,392.439056
1/29/13,94,98,93,54,91,90,62,95,39,86,87,77,40,71,85,52,31,394.964569
1/30/13,95,98,91,90,87,90,52,94,37,80,85,90,30,64,99,60,51,401.918518
1/31/13,95,97,91,60,87,90,56,96,100,47,84,86,31,66,81,64,40,394.750366
2/1/13,93,89,85,57,86,92,73,99,71,70,88,74,32,61,80,63,31,396.279633
2/2/13,95,77,43,61,70,93,100,90,64,31,98,82,30,49,78,46,33,398.361847
2/3/13,94,85,52,64,67,95,63,82,54,37,93,62,30,50,72,39,28,393.908539
2/4/13,93,95,88,60,89,82,70,90,47,69,100,69,45,64,70,53,32,393.589722
2/5/13,95,99,97,69,90,88,60,93,54,83,92,80,30,67,79,65,38,398.396698
2/6/13,98,99,95,52,90,90,54,96,49,76,93,68,61,68,72,64,48,399.104065
2/7/13,94,97,92,61,88,90,59,94,46,60,90,71,52,70,69,66,42,401.589752
2/8/13,93,88,78,48,85,91,95,96,43,46,90,61,53,63,68,66,27,409.216156
2/9/13,96,78,43,62,70,94,51,91,45,24,95,62,55,51,71,49,21,417.734222
2/10/13,96,86,49,80,67,98,63,85,51,36,92,66,100,53,72,42,33,414.137695
2/11/13,94,93,89,37,85,88,57,92,48,56,87,64,36,63,70,54,26,414.745422
2/12/13,95,99,95,53,86,89,74,92,43,67,86,71,63,65,72,58,39,414.207458
2/13/13,94,96,92,36,89,86,59,93,42,65,86,66,31,65,67,58,38,415.851288
2/14/13,98,97,89,50,89,86,56,94,39,55,86,57,31,65,65,78,43,412.259735
2/15/13,96,88,75,57,85,92,52,96,45,54,87,75,21,64,66,69,35,411.114044
2/16/13,97,77,40,50,70,95,43,92,44,28,92,74,24,50,72,56,26,409.236084
2/17/13,95,82,43,78,67,97,45,84,46,39,89,69,36,54,70,40,28,405.629608
2/18/13,93,91,67,45,88,85,71,91,41,57,82,68,25,61,67,45,33,402.386749
2/19/13,98,97,88,36,90,89,67,96,41,54,84,65,45,67,67,64,55,404.145172
2/20/13,96,98,89,39,91,88,50,94,46,82,85,71,35,65,64,65,41,405.833832
2/21/13,98,97,89,51,90,92,64,96,46,53,87,68,15,73,63,63,39,404.115265
2/22/13,100,89,78,59,88,90,35,98,49,47,91,69,58,69,65,64,25,403.642059
2/23/13,98,80,43,84,73,91,54,89,50,53,99,71,27,53,67,46,25,403.308289
2/24/13,97,87,53,66,70,94,51,82,52,39,96,65,53,57,72,48,32,404.693115
2/25/13,96,97,95,64,92,85,74,90,37,48,87,75,40,71,63,56,46,399.831329
2/26/13,96,99,98,47,98,85,60,94,41,100,89,70,64,74,64,60,48,395.612152
2/27/13,96,100,94,65,99,87,55,95,43,75,88,77,60,76,59,57,45,399.099091
2/28/13,97,100,99,72,98,87,60,94,49,69,88,74,15,77,61,63,38,405.001953
3/1/13,97,92,87,100,95,88,66,99,46,70,87,82,37,69,61,63,39,401.594727
3/2/13,97,77,47,32,77,89,58,91,42,23,90,87,36,53,64,51,21,396.050507
3/3/13,97,86,56,80,75,92,42,86,44,43,90,100,35,57,64,52,46,390.062958
3/4/13,97,98,95,51,100,84,47,94,37,80,81,88,40,78,61,65,45,385.978271
3/5/13,95,99,96,42,98,84,59,94,38,84,84,84,75,77,59,67,35,387.373016
3/6/13,97,96,95,39,98,85,55,94,39,45,86,79,50,78,60,82,19,393.614624
3/7/13,99,95,97,41,97,89,58,97,79,53,85,80,41,75,62,72,44,393.719238
3/8/13,99,88,85,71,93,89,47,100,62,58,83,77,52,75,57,65,47,393.549866
3/9/13,98,77,43,80,75,93,51,94,64,21,92,71,47,57,69,44,30,389.505035
3/10/13,97,84,52,96,72,93,64,86,63,38,87,93,46,58,64,41,41,395.203674
3/11/13,96,95,91,55,97,87,42,97,56,51,79,70,54,79,60,56,60,389.818878
3/12/13,97,95,94,49,96,86,58,96,54,45,82,79,44,76,59,53,48,381.524963
3/13/13,98,95,92,55,95,85,50,95,57,51,81,89,37,76,56,49,50,398.441528
3/14/13,98,95,92,53,95,84,51,95,52,65,83,68,30,77,56,58,52,398.561096
3/15/13,96,87,79,55,92,87,49,97,52,44,84,88,46,72,62,57,40,402.441559
3/16/13,99,76,44,35,75,86,39,92,55,59,89,91,41,54,59,39,27,405.206177
3/17/13,97,82,51,44,72,91,29,86,58,44,86,80,34,59,62,45,27,403.039307
3/18/13,95,94,100,58,96,82,27,92,56,65,80,72,44,100,59,54,23,399.213654
3/19/13,99,98,98,44,97,86,43,95,64,75,83,64,49,79,62,56,46,408.000702
3/20/13,97,97,92,73,97,87,62,96,57,83,83,69,35,80,60,57,51,410.745422
3/21/13,98,95,96,57,96,85,55,98,50,59,82,62,75,81,60,61,49,408.683167
3/22/13,96,85,78,70,91,87,50,98,52,64,83,60,23,72,56,59,28,413.256012
3/23/13,98,76,42,45,75,96,39,94,54,32,90,67,65,54,61,46,34,421.280945
3/24/13,97,81,48,44,72,99,45,87,56,36,86,71,58,62,61,43,45,429.166382
3/25/13,96,92,82,41,96,92,51,96,50,54,79,61,37,78,60,53,35,427.014435
3/26/13,97,93,83,65,97,91,59,98,49,48,82,58,55,75,67,56,39,435.183838
3/27/13,95,93,80,36,93,90,52,96,45,59,84,69,30,77,62,62,44,434.112823
3/28/13,96,89,75,38,90,91,60,94,67,60,85,64,37,70,65,51,31,438.471497
3/29/13,94,79,53,53,81,95,42,89,60,35,88,70,17,61,62,41,26,437.126556
3/30/13,98,77,39,62,74,93,36,84,57,26,90,64,18,54,60,41,17,441.893677
3/31/13,99,81,42,37,70,100,44,82,54,31,87,75,25,56,61,41,44,456.234924
1/1/14,97,74,26,65,65,71,44,68,47,22,81,100,19,38,100,49,22,554.481689
1/2/14,95,81,42,48,83,67,44,82,45,36,83,90,45,53,94,38,31,550.436829
1/3/14,95,78,39,50,80,68,48,85,46,30,84,91,30,52,91,39,31,556.573853
1/4/14,96,74,28,60,70,68,36,76,48,29,85,89,73,43,93,34,36,567.303589
1/5/14,95,77,34,59,66,73,38,74,48,36,81,89,61,48,88,34,37,568.484192
1/6/14,95,86,62,49,86,67,49,84,44,76,81,86,44,69,84,42,54,563.009705
1/7/14,96,90,67,47,89,68,47,88,48,61,81,80,38,71,85,48,47,562.979797
1/8/14,97,94,73,45,90,67,49,90,48,76,88,80,52,77,81,58,47,559.39325
1/9/14,97,94,79,45,89,69,48,92,47,49,87,80,38,80,81,68,66,572.553955
1/10/14,98,87,73,47,88,71,53,92,48,54,88,82,39,75,81,82,64,572.165405
1/11/14,95,74,33,57,69,69,46,80,51,41,88,87,44,47,84,49,21,575.951172
1/12/14,97,83,43,56,65,70,44,76,50,43,83,90,41,53,85,51,65,573.116821
1/13/14,96,91,83,41,90,67,47,90,44,78,83,79,47,81,76,72,59,579.677246
1/14/14,98,93,83,40,88,69,53,91,47,73,84,82,61,83,77,80,72,580.334778
1/15/14,97,95,84,42,88,70,49,91,46,71,87,83,56,83,76,71,65,577.883972
1/16/14,99,94,85,41,89,69,55,93,47,67,95,85,89,84,73,82,65,559.81665
1/17/14,98,85,76,45,86,71,48,93,48,49,100,85,30,77,72,80,70,548.558838
1/18/14,96,75,33,55,70,72,42,83,50,32,100,90,50,48,79,53,62,559.408203
1/19/14,96,80,37,49,65,73,45,77,51,49,97,80,22,49,80,48,71,551.39325
1/20/14,95,90,55,43,89,68,49,91,45,63,91,76,56,69,73,50,47,565.575073
1/21/14,96,94,78,37,89,70,52,92,49,52,90,79,42,81,70,63,75,588.279968
1/22/14,98,96,81,38,91,71,54,91,47,83,92,79,51,81,70,71,55,564.598755
1/23/14,96,93,82,43,88,68,49,91,50,76,91,80,42,83,70,82,65,566.954895
1/24/14,97,85,75,43,97,69,52,92,51,49,89,80,44,80,71,78,59,569.465515
1/25/14,95,74,35,56,76,67,39,80,51,35,92,88,49,49,75,51,40,577.814209
1/26/14,96,82,41,55,72,68,42,76,53,42,87,78,73,54,77,45,39,586.521545
1/27/14,96,92,75,35,100,65,41,89,45,77,88,81,46,82,73,56,62,584.274963
1/28/14,97,92,78,40,95,68,47,89,49,95,86,82,46,81,71,64,53,592.867798
1/29/14,97,93,81,40,90,67,48,90,51,100,90,81,51,83,68,68,71,591.129272
1/30/14,98,92,84,38,89,68,49,94,100,72,92,85,42,85,70,76,91,597.709656
1/31/14,96,83,74,44,85,67,43,92,74,71,87,84,54,78,70,74,53,599.154236
2/1/14,96,73,35,51,69,67,44,82,64,43,92,95,44,49,75,48,38,603.179138
2/2/14,94,79,43,51,64,67,33,76,61,57,86,92,59,51,72,42,58,598.92511
2/3/14,95,90,83,35,88,64,43,85,51,60,84,79,28,81,68,68,64,599.806763
2/4/14,97,95,88,42,91,67,47,91,50,82,90,82,23,88,69,71,50,599.6474
2/5/14,98,94,79,39,91,67,51,90,50,83,92,86,60,82,70,70,61,603.991089
2/6/14,95,85,79,31,89,67,52,89,47,82,86,77,70,84,58,74,66,607.722107
2/7/14,99,86,75,44,88,70,51,94,50,70,89,89,40,79,70,90,57,607.806763
2/8/14,96,74,35,61,70,69,42,80,50,44,88,91,32,48,73,47,33,607.328613
2/9/14,96,81,45,54,66,69,40,75,52,41,85,95,63,56,73,37,61,605.555237
2/10/14,96,93,88,43,91,65,46,88,47,90,86,92,82,88,67,63,68,599.099426
2/11/14,98,95,91,44,93,67,48,91,49,75,84,84,41,90,69,69,79,605.186584
2/12/14,95,97,89,53,90,68,58,89,48,71,81,86,60,89,62,71,76,606.855347
2/13/14,96,95,84,48,91,64,53,90,47,57,81,83,70,85,63,75,68,607.527832
2/14/14,97,89,67,53,86,65,40,89,45,49,80,77,73,74,63,87,52,605.126831
2/15/14,95,75,33,65,70,66,34,78,46,37,85,96,55,48,69,45,51,603.522827
2/16/14,96,81,39,63,66,67,39,77,52,38,81,94,22,52,66,59,56,597.754456
2/17/14,94,95,65,56,89,65,45,87,47,57,79,82,46,74,61,57,66,601.395813
2/18/14,95,100,81,48,91,68,51,89,52,55,79,83,37,86,61,64,53,592.309875
2/19/14,95,98,87,46,89,66,47,89,52,70,80,88,64,87,60,65,92,584.210266
2/20/14,97,94,86,49,89,68,52,92,54,69,83,94,28,91,60,72,90,593.824219
2/21/14,96,86,76,51,84,67,46,92,54,62,87,91,58,81,65,69,69,603.368408
2/22/14,95,75,36,67,68,65,40,80,51,46,94,90,49,52,66,58,44,597.385864
2/23/14,95,82,48,63,64,67,44,76,55,58,93,96,43,58,69,48,64,596.344727
2/24/14,97,95,97,47,91,65,45,91,54,69,87,88,100,94,62,71,86,589.311096
2/25/14,96,98,98,47,91,65,50,92,52,82,87,91,50,97,66,74,70,576.802979
2/26/14,99,100,98,49,91,67,48,91,55,74,92,85,64,96,65,79,100,577.196533
2/27/14,98,95,98,55,88,69,55,94,57,74,91,86,55,94,66,82,96,563.87146
2/28/14,97,89,86,61,86,69,60,93,54,70,87,92,58,87,65,85,78,556.930969
3/1/14,95,76,39,73,67,68,38,81,54,32,90,84,43,52,68,55,52,558.456787
3/2/14,93,82,49,67,64,71,47,78,57,57,86,81,48,57,66,53,62,555.445007
3/3/14,95,94,92,56,86,66,55,88,53,56,82,87,74,90,60,69,68,565.607117
3/4/14,96,96,100,54,88,66,52,91,48,65,83,88,65,95,60,70,52,565.447571
3/5/14,97,97,97,52,90,67,48,91,52,66,84,87,23,96,58,70,68,568.180054
3/6/14,98,97,97,57,90,68,47,96,57,73,85,80,56,94,61,79,85,541.652893
3/7/14,97,88,86,60,88,66,50,96,52,55,82,90,49,87,59,100,79,536.676575
3/8/14,97,76,37,75,70,67,37,85,48,38,84,86,33,51,63,62,40,553.380676
3/9/14,96,83,48,66,66,69,38,78,51,71,80,78,33,58,60,45,54,562.595398
3/10/14,97,96,93,51,94,68,49,94,50,76,78,76,47,92,62,63,75,539.468872
3/11/14,98,97,94,54,94,72,55,95,47,84,80,76,60,95,56,74,96,529.147217
3/12/14,98,95,94,48,92,72,46,93,46,95,82,87,49,94,55,71,78,531.061951
3/13/14,97,95,95,57,91,74,50,94,48,83,80,86,37,98,56,77,93,534.971252
3/14/14,97,88,82,60,88,76,47,95,52,49,80,92,29,96,57,78,49,555.016174
3/15/14,94,75,35,77,68,68,34,84,52,35,83,94,33,57,61,47,46,534.632141
3/16/14,93,81,48,71,65,71,37,78,49,66,82,83,59,62,59,44,60,527.172668
3/17/14,95,95,92,57,90,69,100,92,48,66,79,78,51,100,54,65,89,533.345703
3/18/14,97,96,92,68,92,76,56,94,47,87,80,78,41,98,57,68,86,525.497253
3/19/14,98,98,92,74,91,94,55,94,48,78,81,81,50,98,63,71,67,523.722107
3/20/14,100,95,94,81,91,100,54,95,50,75,82,73,37,96,59,98,64,514.766724
3/21/14,99,87,78,78,88,90,44,96,51,41,82,71,68,85,58,79,74,515.73407
3/22/14,94,74,36,100,69,81,39,84,51,44,84,80,40,53,62,42,50,526.255188
3/23/14,94,79,48,91,65,79,40,76,51,50,83,75,40,60,64,38,67,525.218018
3/24/14,94,92,89,71,90,76,51,91,45,75,80,74,54,94,59,66,94,529.895203
3/25/14,96,94,90,66,93,73,46,93,46,69,98,73,68,95,56,69,72,526.484558
3/26/14,97,95,92,72,93,73,46,92,49,75,94,77,48,94,60,71,85,526.364868
3/27/14,96,92,88,66,90,70,43,91,50,62,79,79,37,93,56,71,87,513.729553
3/28/14,94,84,77,71,88,68,56,94,50,59,81,79,48,86,55,72,70,508.563751
3/29/14,94,72,37,88,69,69,42,80,49,41,84,84,27,55,60,46,49,509.600891
3/30/14,93,76,48,85,65,66,48,74,44,49,79,80,64,60,62,41,53,517.309753
3/31/14,94,90,90,59,92,66,45,100,45,72,77,70,50,94,56,69,75,528.469116
1/1/15,94,67,17,100,60,58,46,53,93,5,84,82,66,35,100,28,7,531.630432
1/2/15,92,66,25,86,72,59,47,64,98,6,89,85,66,43,95,27,10,525.208069
1/3/15,93,67,24,93,65,60,40,60,97,6,90,83,59,41,92,23,9,518.556274
1/4/15,93,70,29,89,63,61,42,59,95,12,89,85,53,46,90,19,14,523.373108
1/5/15,95,82,64,72,90,60,55,73,94,60,90,78,63,74,79,27,28,512.463013
1/6/15,99,89,73,70,88,62,64,73,100,72,93,77,73,80,85,37,41,500.585632
1/7/15,97,92,70,66,90,61,64,74,95,69,89,75,74,78,79,41,36,499.727997
1/8/15,99,92,74,73,90,62,67,76,91,68,90,70,72,82,76,45,40,501.30368
1/9/15,97,86,74,77,85,63,65,75,91,71,90,78,70,81,75,70,44,494.811493
1/10/15,95,71,29,93,68,61,48,62,91,11,91,77,60,45,80,45,14,491.201416
1/11/15,93,77,38,89,63,60,46,60,92,17,89,73,53,50,77,21,19,494.821472
1/12/15,96,94,82,66,93,62,62,78,88,79,91,65,59,89,69,43,50,499.498627
1/13/15,98,94,87,70,94,64,60,78,84,83,100,68,64,92,77,46,49,500.416107
1/14/15,98,96,84,69,92,64,61,79,83,81,100,65,60,88,75,47,52,506.688873
1/15/15,99,95,88,67,91,64,60,79,78,83,94,66,65,90,68,51,52,505.512115
1/16/15,96,86,80,68,86,65,56,78,78,72,85,78,65,83,76,54,42,516.621643
1/17/15,95,71,29,89,68,62,46,66,80,12,86,74,51,45,74,31,11,532.926819
1/18/15,93,76,31,85,64,64,44,60,81,12,84,78,51,47,76,22,17,538.471619
1/19/15,95,88,50,68,91,61,55,77,78,27,81,71,57,67,70,32,27,533.744629
1/20/15,98,92,82,63,94,64,58,78,77,80,81,68,54,90,71,43,47,517.210022
1/21/15,97,95,87,60,93,64,56,78,87,86,83,74,57,90,70,47,54,508.603638
1/22/15,99,93,87,60,93,67,64,80,92,87,91,76,70,91,70,51,53,509.26181
1/23/15,97,85,78,62,88,65,59,79,94,80,89,73,68,84,69,54,50,533.056519
1/24/15,94,70,29,76,68,63,50,66,94,13,90,79,61,45,72,26,15,527.03302
1/25/15,94,77,37,78,65,65,49,61,92,17,89,73,67,51,71,22,20,527.790955
1/26/15,96,89,78,58,91,63,57,77,81,79,84,72,57,85,64,42,44,521.328674
1/27/15,97,92,76,57,93,64,66,77,85,76,90,74,75,86,67,47,48,526.135498
1/28/15,98,92,83,56,93,66,67,79,85,88,88,77,76,90,64,51,55,529.546143
1/29/15,99,92,87,57,94,65,70,79,81,89,86,71,78,92,64,54,62,526.384827
1/30/15,96,84,78,61,88,64,62,77,78,84,85,84,68,84,66,56,55,535.469849
1/31/15,93,69,31,78,70,78,46,64,82,13,88,86,58,47,71,36,16,534.502502
2/1/15,94,75,38,73,65,100,44,61,82,18,86,77,54,51,74,28,21,541.443481
2/2/15,95,88,72,57,92,96,62,74,73,70,83,77,61,83,62,44,45,547.506836
2/3/15,98,91,85,54,94,98,74,78,85,90,84,88,63,94,64,51,58,541.353699
2/4/15,99,95,89,56,95,90,65,79,93,97,85,78,59,93,61,53,67,538.22229
2/5/15,99,92,90,54,93,81,64,77,84,99,86,67,60,94,68,59,67,541.383606
2/6/15,98,86,84,61,91,77,62,80,84,93,88,82,65,88,66,63,59,537.474365
2/7/15,93,70,32,77,69,70,54,67,83,14,86,78,51,46,70,32,19,530.453613
2/8/15,93,77,40,72,65,71,50,61,86,22,84,73,63,53,78,26,29,534.622192
2/9/15,96,90,86,46,92,68,63,76,77,85,81,68,68,90,62,51,64,542.38092
2/10/15,97,95,91,54,94,69,63,78,81,98,82,71,77,98,61,55,69,553.959106
2/11/15,98,95,93,58,93,71,67,78,80,99,82,77,73,99,62,59,78,556.871094
2/12/15,98,93,93,57,93,69,61,78,85,97,82,76,63,98,62,58,75,569.775696
2/13/15,95,84,75,66,88,66,66,77,82,68,79,81,91,82,62,54,51,572.069397
2/14/15,93,69,27,78,67,61,44,63,78,11,80,88,85,42,60,41,16,571.80011
2/15/15,92,73,33,74,62,66,44,61,82,14,78,89,60,46,67,54,17,573.754761
2/16/15,94,84,56,62,88,65,56,73,82,31,76,85,66,68,56,74,36,566.130676
2/17/15,95,88,77,61,87,66,66,75,88,69,78,93,59,82,58,98,50,567.29248
2/18/15,99,89,85,61,91,68,59,79,94,81,80,88,66,88,60,100,65,553.490417
2/19/15,96,85,84,60,90,68,65,78,87,77,79,90,61,84,58,76,61,549.670898
2/20/15,95,82,74,68,88,68,64,79,87,74,80,79,69,81,59,65,55,553.989014
2/21/15,91,68,34,83,69,63,50,65,93,14,85,86,53,47,63,41,27,545.821472
2/22/15,91,75,43,79,65,65,49,62,92,23,79,77,49,55,67,37,28,552.99176
2/23/15,96,91,90,69,93,65,54,77,84,92,75,80,61,94,53,57,73,549.331787
2/24/15,98,94,96,63,95,67,60,78,91,96,75,100,70,94,57,61,76,557.968079
2/25/15,100,96,99,66,96,67,60,79,90,97,77,79,63,96,57,69,79,556.462219
2/26/15,99,93,99,65,96,69,98,78,85,98,77,72,58,97,60,64,85,558.825745
2/27/15,96,84,88,76,90,63,100,77,85,90,77,78,55,87,52,63,78,557.279968
2/28/15,93,69,35,95,69,60,54,63,83,15,76,76,61,48,64,31,24,568.628845
3/1/15,93,76,45,86,66,63,65,61,86,25,74,75,53,58,66,28,28,557.255066
3/2/15,97,92,96,64,98,63,87,78,86,95,75,77,54,96,59,51,79,553.649963
3/3/15,97,94,100,64,98,65,78,78,93,97,74,72,66,97,58,59,87,546.838684
3/4/15,96,93,97,66,97,65,73,77,88,97,75,81,67,97,57,57,85,550.518555
3/5/15,100,93,91,70,95,67,85,79,94,88,76,83,67,93,56,60,85,546.499573
3/6/15,96,84,87,73,90,64,68,79,91,91,75,72,70,87,59,63,76,541.074463
3/7/15,93,70,34,93,70,59,51,66,86,15,75,78,83,48,62,31,25,534.063721
3/8/15,95,78,43,88,66,62,46,63,98,24,72,73,87,56,60,31,33,535.295349
3/9/15,97,95,95,63,99,65,60,78,87,95,73,68,70,99,58,51,81,535.549622
3/10/15,100,97,98,64,98,66,68,79,89,96,75,73,68,100,66,62,89,540.127075
3/11/15,99,96,92,64,96,67,64,77,89,93,76,71,86,97,60,68,91,539.299377
3/12/15,99,92,97,64,96,65,65,78,96,96,78,70,93,97,72,68,99,538.531433
3/13/15,96,84,83,70,91,65,56,79,89,78,78,72,99,88,67,65,73,537.693787
3/14/15,92,69,31,92,68,63,49,66,91,13,79,73,100,48,71,35,21,528.937805
3/15/15,92,76,43,83,65,63,48,61,90,22,77,68,69,55,67,32,35,531.07196
3/16/15,97,91,91,61,95,66,58,80,84,87,75,63,75,93,58,53,80,532.33844
3/17/15,99,93,94,61,96,65,66,81,84,91,76,70,68,93,59,71,84,522.615173
3/18/15,99,93,91,64,95,67,64,79,86,88,77,65,64,93,56,60,91,533.914124
3/19/15,97,90,92,62,92,65,58,78,81,91,75,65,73,92,61,65,89,532.507996
3/20/15,97,83,79,71,88,68,57,81,89,76,76,70,69,83,57,66,73,537.888245
3/21/15,92,68,33,90,66,61,43,67,83,12,77,69,54,48,65,32,28,545.502319
3/22/15,93,75,44,84,63,64,41,62,90,22,76,70,56,54,62,31,37,563.512878
3/23/15,97,93,91,61,95,66,57,79,77,95,76,62,61,96,62,55,84,555.369995
3/24/15,98,94,95,61,95,70,61,80,86,98,76,72,61,96,57,59,98,553.679993
3/25/15,90,100,78,83,100,69,60,76,84,65,75,77,75,88,62,69,86,549.080017
3/26/15,97,90,98,74,93,70,62,83,86,100,75,70,59,97,57,68,100,537.340027
3/27/15,96,84,80,71,88,66,56,78,87,82,74,66,60,83,58,60,76,537.900024
3/28/15,92,71,29,91,66,65,43,67,85,12,75,66,85,44,56,32,24,540.780029
3/29/15,93,74,42,84,62,63,40,61,86,20,73,72,58,53,57,28,36,530.799988
3/30/15,93,89,86,62,93,66,53,79,78,76,72,64,66,87,54,44,85,524.219971
3/31/15,99,90,87,63,93,69,64,100,92,78,75,71,65,90,58,51,81,530.700012
1/1/16,86,67,14,100,52,85,54,59,44,4,72,89,57,31,94,45,5,538.219971
1/2/16,86,67,17,83,60,89,55,67,44,5,80,91,47,37,98,37,7,535.700012
1/3/16,86,69,22,77,60,90,56,66,48,9,79,79,45,40,90,37,10,529.039978
1/4/16,92,82,52,62,87,88,75,89,45,57,81,90,49,70,88,52,40,529.619995
1/5/16,95,91,64,60,89,91,79,92,49,77,85,89,50,78,96,66,54,538.400024
1/6/16,97,93,69,62,87,95,85,92,48,84,86,85,63,80,84,67,63,533.849976
1/7/16,97,94,74,64,89,95,82,95,50,86,84,85,100,86,84,80,70,741.840027
1/8/16,94,87,73,65,86,95,84,94,48,84,84,88,97,82,90,80,69,742.580017
1/9/16,87,73,21,80,64,86,61,74,48,10,82,79,94,40,89,44,12,743.619995
1/10/16,85,76,27,77,60,86,61,69,46,15,78,73,69,45,84,34,18,726.390015
1/11/16,96,93,73,60,91,89,78,92,47,82,80,68,57,84,79,68,67,714.469971
1/12/16,99,98,78,61,92,92,93,97,47,85,87,75,60,89,79,77,71,716.030029
1/13/16,99,98,79,62,93,94,93,97,49,86,86,79,66,87,96,76,74,726.070007
1/14/16,96,95,82,68,89,96,86,96,52,88,84,72,67,88,87,81,77,700.559998
1/15/16,94,87,74,68,84,91,86,97,54,80,86,79,57,81,84,86,67,714.719971
1/16/16,85,72,21,82,64,87,58,74,46,10,87,75,55,39,89,38,12,694.450012
1/17/16,84,76,23,78,59,88,60,68,47,10,80,75,53,42,84,36,14,701.789978
1/18/16,90,92,39,65,89,91,78,95,51,23,80,72,45,61,76,48,27,698.450012
1/19/16,96,99,77,61,93,94,95,99,51,85,83,78,48,88,81,73,70,706.590027
1/20/16,96,99,79,62,91,97,97,96,49,84,82,77,45,85,78,72,71,725.25
1/21/16,98,98,82,65,91,100,92,98,52,90,85,72,48,89,85,79,75,711.669983
1/22/16,96,89,74,68,86,95,96,97,51,79,85,71,50,80,79,100,67,713.039978
1/23/16,84,72,22,76,64,89,74,74,48,11,82,80,45,41,90,50,13,699.98999
1/24/16,84,77,28,73,60,91,68,69,50,15,79,68,45,45,78,41,15,730.960022
1/25/16,93,95,72,60,90,96,91,94,50,81,80,74,45,82,84,69,58,742.950012
1/26/16,99,98,79,63,90,97,97,99,52,86,83,76,45,87,82,83,68,752
1/27/16,97,99,80,60,93,97,94,100,52,88,85,79,52,89,100,77,75,764.650024
1/28/16,97,97,85,62,93,97,100,98,54,90,87,73,68,90,84,88,76,726.950012
1/29/16,93,89,76,65,88,95,96,96,53,86,100,72,53,83,79,86,68,708.01001
1/30/16,87,71,23,79,66,87,70,76,51,10,96,79,50,42,87,50,12,683.570007
1/31/16,86,76,30,70,63,92,65,71,53,15,88,71,50,47,96,46,17,682.73999
2/1/16,95,96,80,58,97,93,85,92,48,92,91,71,44,90,82,68,67,678.109985
2/2/16,96,98,83,57,96,94,91,95,48,95,91,75,45,91,85,80,74,684.119995
2/3/16,97,99,85,58,96,96,99,95,50,96,90,74,43,92,70,85,80,683.109985
2/4/16,98,96,91,59,94,96,99,96,52,100,89,74,37,94,80,94,85,682.400024
2/5/16,93,86,78,62,89,97,98,96,50,87,89,78,42,83,72,96,71,691
2/6/16,85,70,23,74,67,89,71,73,49,10,86,75,41,42,78,51,15,708.400024
2/7/16,84,75,30,75,62,88,60,69,48,14,81,70,38,45,77,45,17,697.349976
2/8/16,94,93,79,62,88,92,78,90,44,88,84,71,45,86,72,75,71,700.909973
2/9/16,96,96,91,58,90,92,97,93,49,97,85,70,41,100,82,77,81,706.460022
2/10/16,95,96,92,58,94,92,94,96,52,98,86,75,39,98,83,86,87,695.849976
2/11/16,96,96,91,58,95,95,95,97,51,99,89,67,40,96,79,99,88,699.559998
2/12/16,91,86,69,59,88,91,96,94,52,73,83,74,41,79,71,89,62,705.75
2/13/16,85,71,22,72,66,85,64,74,49,9,83,73,40,42,77,63,11,705.070007
2/14/16,84,75,24,70,61,86,59,68,48,10,78,63,36,43,72,64,14,697.77002
2/15/16,90,89,42,62,94,90,79,92,52,26,85,69,40,64,66,57,26,718.809998
2/16/16,93,95,74,55,96,92,85,94,50,75,86,71,40,85,65,74,66,718.849976
2/17/16,95,98,83,56,96,94,91,94,53,88,89,61,38,91,66,77,79,712.419983
2/18/16,95,97,85,57,95,94,86,93,52,91,86,71,37,91,72,85,81,710.890015
2/19/16,92,90,78,62,97,92,85,93,53,86,84,67,41,84,70,82,76,695.159973
2/20/16,84,74,25,74,72,87,59,73,52,11,84,71,37,44,73,52,14,693.969971
2/21/16,84,79,34,69,65,89,60,69,50,17,82,61,45,51,74,45,21,705.23999
2/22/16,95,98,91,54,99,95,84,95,50,98,84,60,45,96,77,82,84,712.820007
2/23/16,97,99,95,56,98,95,87,94,52,99,86,70,53,98,69,84,91,726.820007
2/24/16,96,99,93,57,97,97,94,95,53,94,84,60,47,96,65,84,90,730.48999
2/25/16,95,98,97,58,97,96,86,96,51,97,83,66,47,96,70,81,92,728.330017
2/26/16,94,90,87,62,93,95,89,94,52,91,81,70,47,87,69,81,86,736.090027
2/27/16,83,72,27,73,68,86,61,73,48,11,79,70,43,44,70,46,14,737.780029
2/28/16,83,80,36,68,65,89,62,69,46,18,77,72,43,51,71,44,22,737.599976
2/29/16,96,97,94,54,98,87,81,93,46,95,79,67,44,96,68,78,83,742.090027
3/1/16,97,99,94,57,100,94,88,94,48,94,82,74,54,97,66,84,94,740.75
3/2/16,96,100,95,58,98,99,86,95,50,93,82,66,46,97,65,80,92,738.059998
3/3/16,96,99,100,58,98,96,88,94,50,100,84,77,43,99,63,87,98,735.299988
3/4/16,93,90,88,60,91,96,89,96,58,91,81,71,42,88,69,88,87,733.530029
3/5/16,84,73,26,73,69,89,58,75,52,11,81,78,44,44,73,47,15,744.77002
3/6/16,84,76,34,66,64,90,60,69,52,16,77,73,40,51,71,51,22,750.530029
3/7/16,95,98,93,55,99,95,79,96,52,94,78,65,41,97,73,79,89,744.950012
3/8/16,97,99,95,56,98,97,81,97,51,96,81,65,40,98,83,89,99,749.909973
3/9/16,98,97,95,54,97,96,87,96,54,94,82,66,39,98,83,87,100,745.289978
3/10/16,96,96,96,56,97,96,87,96,54,94,82,68,43,97,77,86,98,737.799988
3/11/16,94,88,85,62,92,97,84,96,50,82,83,71,46,86,82,83,85,745.690002
3/12/16,83,71,25,74,67,87,62,75,48,10,79,69,43,44,80,41,16,740.280029
3/13/16,85,78,34,68,64,89,63,71,45,16,77,73,43,51,87,40,21,739.150024
3/14/16,95,95,84,54,100,93,83,95,49,86,79,68,42,92,82,70,85,736.099976
3/15/16,95,98,89,56,99,89,79,96,49,86,87,67,48,91,80,69,89,743.090027
3/16/16,95,96,87,57,96,91,83,95,49,83,86,69,50,91,76,73,89,751.719971
3/17/16,95,95,86,59,95,91,89,94,46,86,83,66,46,90,75,92,89,753.200012
3/18/16,92,86,75,63,89,91,81,95,47,75,82,69,48,81,71,77,77,759
3/19/16,83,70,23,72,65,87,53,75,43,9,80,64,44,42,72,43,15,766.609985
3/20/16,82,75,33,69,61,88,59,71,46,15,77,65,43,48,74,44,22,753.929993
3/21/16,95,94,78,57,93,93,83,92,45,75,79,68,40,88,72,60,73,752.669983
3/22/16,100,94,80,57,92,92,84,96,47,77,78,65,36,88,80,71,80,759.140015
3/23/16,94,94,81,58,90,93,92,98,70,74,80,71,68,86,74,68,82,718.77002
3/24/16,91,87,68,63,83,92,90,91,90,59,77,71,95,76,70,68,67,723.150024
3/25/16,85,74,38,70,69,89,71,78,100,24,77,77,78,53,80,48,29,708.140015
3/26/16,83,71,20,74,63,84,51,69,85,7,75,71,67,39,78,37,12,705.840027
3/27/16,82,75,24,68,58,91,55,64,73,8,74,68,66,40,81,39,12,691.02002
3/28/16,89,86,60,59,89,93,82,88,66,47,77,66,68,72,75,46,51,693.01001
3/29/16,93,92,71,55,96,92,83,95,60,61,77,69,61,82,73,58,66,698.210022
3/30/16,91,95,75,55,98,90,83,96,64,62,79,65,55,82,66,63,70,692.359985
3/31/16,93,92,77,58,97,90,84,97,64,64,78,100,55,83,67,64,72,695.700012
1/1/17,77,67,11,100,49,70,36,49,76,4,80,89,100,31,99,41,5,701.429993
1/2/17,82,72,21,81,74,75,45,67,77,12,90,89,82,45,99,35,10,711.119995
1/3/17,90,80,44,72,87,80,60,80,88,49,96,85,81,64,93,50,36,712.900024
1/4/17,90,85,53,71,87,84,70,82,83,66,97,100,77,71,93,55,45,723.179993
1/5/17,91,86,59,72,85,82,67,82,89,71,97,78,70,74,92,60,55,786.140015
1/6/17,90,82,57,77,78,86,69,77,88,67,95,97,79,69,100,63,55,786.900024
1/7/17,81,69,17,86,61,75,52,60,88,8,91,87,82,41,97,36,10,794.02002
1/8/17,80,74,23,82,60,81,52,59,87,12,90,84,75,45,100,35,12,806.150024
1/9/17,93,92,67,67,93,84,76,85,85,83,94,80,63,83,87,57,59,806.650024
1/10/17,95,95,71,68,93,86,80,86,92,85,98,78,67,89,85,65,68,804.789978
1/11/17,96,96,73,66,91,87,74,85,98,87,98,79,62,86,84,71,70,807.909973
1/12/17,95,95,79,67,89,87,77,86,97,92,97,76,65,87,80,75,76,806.359985
1/13/17,93,87,72,71,83,85,74,85,97,85,94,83,56,80,81,71,69,807.880005
1/14/17,80,70,18,84,60,80,53,63,96,8,89,86,65,41,87,39,10,804.609985
1/15/17,81,75,21,76,58,80,43,59,96,9,88,85,64,43,88,37,12,806.070007
1/16/17,85,89,37,64,90,81,57,83,87,22,89,68,60,63,89,47,25,802.174988
1/17/17,96,97,78,54,93,89,74,87,90,88,98,80,63,94,81,67,75,805.02002
1/18/17,97,99,80,54,91,91,78,87,94,92,99,82,54,91,82,73,79,819.309998
1/19/17,96,95,82,53,89,89,79,86,88,95,97,78,60,90,77,79,84,823.869995
1/20/17,93,87,76,25,85,88,76,84,87,87,92,82,48,82,72,77,72,835.669983
1/21/17,79,69,21,5,62,78,48,63,86,9,89,79,62,41,90,39,12,832.150024
1/22/17,80,77,27,5,59,80,56,59,87,14,87,77,65,48,91,42,16,823.309998
1/23/17,94,95,78,5,93,88,82,87,89,91,94,71,51,90,78,68,73,802.320007
1/24/17,96,97,80,4,91,91,86,87,87,92,97,74,52,91,76,75,78,796.789978
1/25/17,95,96,82,4,90,89,79,86,87,93,97,75,53,89,76,71,79,795.695007
1/26/17,96,93,84,4,85,91,84,86,85,96,98,74,53,91,74,88,82,798.530029
1/27/17,93,86,76,4,84,88,82,85,86,87,98,87,57,83,79,80,71,801.48999
1/28/17,79,68,21,4,61,80,57,65,90,9,91,87,62,40,94,39,11,801.340027
1/29/17,81,75,26,4,59,80,51,59,87,13,88,81,55,46,91,40,15,806.969971
1/30/17,94,93,80,3,91,84,78,85,86,92,93,81,50,90,78,63,73,808.380005
1/31/17,96,96,86,4,94,89,84,86,87,97,96,71,46,94,81,73,80,809.559998
2/1/17,95,96,86,3,91,90,82,86,86,96,98,81,50,93,76,73,82,813.669983
2/2/17,97,95,89,4,91,90,81,86,93,100,96,83,54,94,80,77,85,819.23999
2/3/17,94,88,80,4,87,89,80,86,90,93,94,83,49,86,74,80,78,820.450012
2/4/17,79,69,21,4,64,80,55,63,90,9,90,83,49,44,87,41,13,818.97998
2/5/17,78,76,27,4,58,80,50,58,100,14,86,69,56,47,83,33,16,824.159973
2/6/17,93,94,79,4,91,87,72,81,87,93,93,64,50,91,79,66,77,828.070007
2/7/17,96,97,88,4,95,92,89,86,88,97,99,76,44,95,76,80,85,831.659973
2/8/17,97,99,89,4,95,94,84,86,90,98,100,70,49,95,74,74,86,830.76001
2/9/17,96,95,81,4,91,91,83,86,88,87,99,75,52,90,71,78,79,831.330017
2/10/17,92,87,80,4,88,90,83,86,86,90,96,78,47,87,77,85,78,828.640015
2/11/17,80,71,21,5,63,81,54,65,87,10,92,78,48,42,85,42,12,829.280029
2/12/17,81,77,29,4,60,84,57,61,89,15,89,74,47,49,81,41,18,823.210022
2/13/17,93,96,81,3,92,90,73,87,85,85,93,70,42,91,74,65,75,835.23999
2/14/17,98,98,88,4,93,87,82,85,88,94,96,73,47,94,74,68,83,830.630005
2/15/17,99,97,93,3,95,94,90,88,89,98,96,78,45,95,72,82,90,829.080017
2/16/17,95,96,90,4,92,92,88,88,87,93,95,69,47,95,69,81,88,827.780029
2/17/17,92,89,73,4,87,92,80,89,90,78,93,69,47,81,77,70,69,831.909973
2/18/17,80,71,20,4,64,82,52,67,85,9,89,75,41,43,82,45,12,835.369995
2/19/17,79,79,24,4,60,87,50,64,89,11,87,69,45,48,82,50,14,838.679993
2/20/17,87,91,42,4,94,89,64,86,84,29,89,70,41,70,76,58,32,843.25
2/21/17,95,98,83,9,93,94,81,90,89,84,93,74,44,92,71,77,78,845.539978
2/22/17,96,98,85,13,94,93,82,89,82,89,95,68,42,93,70,82,84,845.619995
2/23/17,100,95,88,52,94,100,80,90,87,91,91,70,39,94,75,100,86,847.200012
2/24/17,97,89,79,69,97,93,84,89,88,85,94,81,44,87,76,94,81,848.780029
2/25/17,81,73,23,78,66,81,53,66,81,10,90,76,44,45,83,55,14,852.119995
2/26/17,81,77,31,71,61,83,50,60,86,15,84,69,44,50,95,46,20,848.400024
2/27/17,94,99,95,62,91,90,79,84,83,98,89,77,41,98,79,77,92,830.460022
2/28/17,97,100,100,63,92,94,86,86,85,100,94,76,40,100,85,81,100,829.590027
3/1/17,97,99,96,65,95,91,89,87,90,94,93,75,50,97,81,81,95,817.580017
3/2/17,98,98,97,63,97,93,86,89,91,97,93,75,42,98,79,82,98,814.429993
3/3/17,95,87,88,68,92,89,87,88,85,92,92,76,43,90,93,84,87,819.51001
3/4/17,78,69,22,75,66,79,53,66,76,10,87,76,43,46,83,50,15,820.919983
3/5/17,80,78,32,70,63,84,50,62,84,15,83,81,46,51,85,49,20,831.409973
3/6/17,96,97,92,60,97,91,80,91,86,93,90,62,43,98,88,84,91,831.5
3/7/17,97,100,97,59,98,92,83,90,88,96,94,70,43,100,81,83,97,829.559998
3/8/17,100,100,94,61,94,91,91,88,84,94,92,61,42,99,76,83,95,838.549988
3/9/17,96,94,95,63,96,89,90,88,91,93,92,65,38,99,83,82,95,834.570007
3/10/17,93,87,80,64,90,88,100,88,88,81,91,71,42,87,78,80,81,831.409973
3/11/17,79,70,21,73,64,77,56,66,84,9,85,78,42,44,85,51,13,827.880005
3/12/17,80,75,29,68,61,81,56,62,84,14,84,76,45,50,82,52,19,824.669983
3/13/17,93,92,81,58,95,89,78,89,86,81,89,73,39,93,73,81,78,824.72998
3/14/17,92,94,71,57,96,88,84,88,84,68,91,71,51,86,72,71,68,823.349976
3/15/17,93,92,76,59,95,87,78,89,86,73,91,80,39,89,68,69,77,824.320007
3/16/17,93,91,84,58,95,88,78,88,87,80,93,84,48,92,68,73,82,823.559998
3/17/17,91,86,71,64,91,87,79,89,89,71,95,83,49,82,66,75,70,837.169983
3/18/17,79,70,21,70,65,80,51,66,83,8,87,65,50,43,70,50,13,836.820007
3/19/17,79,75,30,66,61,83,46,61,91,14,86,69,47,52,75,54,20,838.210022
3/20/17,93,94,84,57,96,90,82,87,86,84,90,74,40,96,66,79,82,841.650024
3/21/17,97,96,88,58,99,95,84,90,96,85,95,70,37,97,79,93,89,843.190002
3/22/17,94,95,88,56,98,92,81,91,95,86,93,66,42,96,80,87,91,862.76001
3/23/17,96,94,90,58,96,92,79,91,92,86,92,63,41,95,73,89,93,872.299988
3/24/17,92,87,76,61,91,89,86,89,95,75,90,71,41,87,70,84,78,871.72998
3/25/17,79,70,22,69,66,78,48,67,90,8,87,68,43,44,81,51,13,874.25
3/26/17,80,77,32,62,62,83,50,63,83,15,85,73,38,52,78,42,21,905.960022
3/27/17,93,93,84,55,99,90,76,89,83,78,89,65,38,95,76,68,82,912.570007
3/28/17,94,95,84,56,96,92,84,89,86,76,92,69,41,95,69,71,86,916.440002
3/29/17,92,97,85,53,99,90,79,89,88,79,92,70,38,94,68,71,87,927.039978
3/30/17,94,96,86,54,100,95,78,91,95,80,92,78,37,93,72,77,88,931.659973
3/31/17,91,86,73,57,94,90,72,100,92,70,92,80,41,83,66,75,73,927.130005