"","Date","Google","Translate","Docs","Okay google","gmail","Earth","Hangout","Maps","Street View","Classroom","Chrome"
"1","2007-01-01",100,49,18,0,81,90,0,62,0,0,70
"2","2007-01-02",87,53,41,0,84,70,0,67,0,0,44
"3","2007-01-03",84,60,43,0,85,69,0,70,0,42,42
"4","2007-01-04",83,56,23,0,87,64,0,68,0,41,0
"5","2007-01-05",84,47,39,53,86,68,0,72,0,43,0
"6","2007-01-06",92,56,28,0,79,80,0,67,0,0,56
"7","2007-01-07",91,60,30,0,74,85,0,66,0,0,0
"8","2007-01-08",81,56,44,0,85,65,0,71,0,0,0
"9","2007-01-09",82,52,40,47,86,67,0,73,0,77,0
"10","2007-01-10",85,61,36,0,84,68,0,78,0,0,79
"11","2007-01-11",85,57,43,0,84,79,0,76,0,0,0
"12","2007-01-12",88,70,33,51,85,77,0,77,0,41,42
"13","2007-01-13",97,47,34,67,79,94,0,76,0,0,0
"14","2007-01-14",92,59,40,0,74,100,0,77,0,0,55
"15","2007-01-15",81,60,40,0,85,75,0,75,0,0,0
"16","2007-01-16",83,73,43,0,86,71,0,77,0,38,0
"17","2007-01-17",84,66,45,0,86,74,0,77,0,38,38
"18","2007-01-18",85,48,52,0,85,78,0,78,52,51,38
"19","2007-01-19",87,68,49,0,87,77,0,83,0,41,0
"20","2007-01-20",95,60,47,0,76,91,0,79,0,54,0
"21","2007-01-21",93,69,52,0,72,94,0,77,0,0,0
"22","2007-01-22",83,66,38,0,85,71,0,74,0,37,0
"23","2007-01-23",84,73,54,0,85,72,0,78,0,74,75
"24","2007-01-24",87,63,34,0,87,72,0,80,52,76,0
"25","2007-01-25",87,69,31,0,86,73,0,78,0,58,0
"26","2007-01-26",89,65,46,0,85,76,0,79,0,0,0
"27","2007-01-27",99,56,37,0,78,94,0,84,0,0,54
"28","2007-01-28",93,58,53,0,72,95,0,78,0,0,0
"29","2007-01-29",83,69,54,0,86,70,0,76,0,0,0
"30","2007-01-30",83,73,50,0,86,68,0,77,0,37,37
"31","2007-01-31",85,85,44,0,86,72,0,78,0,37,37
"32","2007-02-01",88,80,58,0,86,72,0,78,53,38,39
"33","2007-02-02",91,57,60,49,87,78,0,88,55,60,40
"34","2007-02-03",98,64,44,0,80,92,100,84,73,0,0
"35","2007-02-04",95,80,47,64,74,92,0,78,0,52,52
"36","2007-02-05",83,73,73,0,86,74,0,77,0,0,37
"37","2007-02-06",84,74,67,45,85,72,0,82,0,0,37
"38","2007-02-07",87,70,64,46,89,72,0,79,0,74,0
"39","2007-02-08",85,75,74,0,88,73,0,81,0,37,37
"40","2007-02-09",89,56,84,0,87,75,74,84,0,52,39
"41","2007-02-10",98,56,50,0,79,88,0,83,0,0,52
"42","2007-02-11",95,84,59,0,74,88,0,78,0,0,51
"43","2007-02-12",85,83,44,0,89,69,0,78,0,36,0
"44","2007-02-13",83,80,47,0,90,71,0,80,100,0,36
"45","2007-02-14",85,72,53,0,90,68,0,79,0,0,38
"46","2007-02-15",89,71,55,47,92,71,0,86,0,39,38
"47","2007-02-16",90,74,50,100,90,74,0,89,0,0,81
"48","2007-02-17",98,51,37,0,82,85,0,85,0,55,0
"49","2007-02-18",94,67,38,0,76,88,0,80,0,53,55
"50","2007-02-19",85,61,60,48,89,71,0,84,0,0,0
"51","2007-02-20",85,68,65,48,89,70,73,85,0,39,0
"52","2007-02-21",86,79,51,0,90,69,0,85,0,0,0
"53","2007-02-22",91,83,100,0,92,69,0,88,0,38,38
"54","2007-02-23",93,65,100,0,91,74,0,88,55,40,40
"55","2007-02-24",98,72,73,0,83,87,0,85,0,52,0
"56","2007-02-25",95,70,59,0,75,88,0,78,0,0,0
"57","2007-02-26",84,71,74,0,88,64,0,83,0,36,36
"58","2007-02-27",84,65,80,44,92,64,0,84,0,0,36
"59","2007-02-28",86,100,49,44,92,65,0,86,0,36,0
"60","2007-03-01",86,74,77,0,94,67,0,88,0,55,37
"61","2007-03-02",88,83,63,0,91,71,0,91,0,0,0
"62","2007-03-03",95,65,53,62,81,84,0,90,69,50,0
"63","2007-03-04",93,84,43,0,77,86,0,85,0,50,0
"64","2007-03-05",84,82,47,44,91,67,67,88,0,36,0
"65","2007-03-06",86,67,52,0,92,67,0,87,0,0,0
"66","2007-03-07",86,77,57,44,92,67,0,88,0,0,0
"67","2007-03-08",86,90,61,44,94,69,0,93,0,0,36
"68","2007-03-09",90,54,55,0,92,74,0,100,52,38,0
"69","2007-03-10",97,73,32,0,84,81,0,91,70,0,0
"70","2007-03-11",92,73,50,0,78,83,0,91,0,0,51
"71","2007-03-12",83,94,50,0,94,65,0,88,0,36,0
"72","2007-03-13",86,76,43,0,94,65,0,93,0,0,54
"73","2007-03-14",85,75,47,0,95,64,0,93,0,36,0
"74","2007-03-15",87,82,57,0,94,67,0,91,0,37,37
"75","2007-03-16",88,69,43,0,94,68,0,93,53,38,38
"76","2007-03-17",96,57,26,0,83,80,0,90,0,100,0
"77","2007-03-18",92,81,40,0,76,80,0,86,0,49,0
"78","2007-03-19",84,75,48,44,89,64,0,86,0,35,71
"79","2007-03-20",84,80,50,0,97,60,0,74,51,74,0
"80","2007-03-21",89,86,50,44,96,67,0,91,0,36,0
"81","2007-03-22",86,80,50,44,95,67,0,91,0,0,0
"82","2007-03-23",89,84,51,0,94,70,0,95,0,0,38
"83","2007-03-24",94,65,31,0,82,82,0,88,0,0,100
"84","2007-03-25",92,73,35,61,79,78,0,88,0,50,0
"85","2007-03-26",81,81,56,43,94,61,0,89,0,35,35
"86","2007-03-27",84,73,48,0,100,61,0,90,0,53,36
"87","2007-03-28",86,75,57,0,97,63,0,90,0,72,36
"88","2007-03-29",86,87,52,0,95,65,0,95,49,36,37
"89","2007-03-30",89,65,49,0,94,71,0,100,0,39,39
"90","2007-03-31",94,98,34,64,84,82,0,93,71,0,52
"91","2008-01-01",91,66,58,83,86,99,0,73,30,0,0
"92","2008-01-02",83,74,72,0,95,78,0,77,16,30,37
"93","2008-01-03",82,71,60,53,94,77,0,83,16,30,0
"94","2008-01-04",83,79,49,0,92,78,0,82,23,61,56
"95","2008-01-05",88,70,37,0,82,88,0,75,27,77,47
"96","2008-01-06",87,83,47,69,80,90,0,77,13,38,0
"97","2008-01-07",82,80,73,0,93,73,0,80,20,28,0
"98","2008-01-08",84,87,61,0,94,75,0,83,12,69,0
"99","2008-01-09",83,81,67,50,94,74,0,84,14,41,68
"100","2008-01-10",85,84,61,0,93,76,0,82,14,0,0
"101","2008-01-11",86,79,67,0,95,79,0,84,15,58,0
"102","2008-01-12",90,72,45,0,86,89,0,80,16,37,45
"103","2008-01-13",90,90,48,0,83,94,0,82,12,0,0
"104","2008-01-14",83,79,77,0,100,76,0,82,7,45,0
"105","2008-01-15",84,82,69,49,99,76,0,82,12,27,33
"106","2008-01-16",85,77,70,49,97,75,0,86,12,27,33
"107","2008-01-17",86,81,70,0,95,79,0,83,11,41,0
"108","2008-01-18",86,72,80,52,93,82,0,89,17,29,35
"109","2008-01-19",92,73,45,0,80,92,0,83,16,0,45
"110","2008-01-20",88,79,54,65,76,97,0,79,11,0,0
"111","2008-01-21",83,80,60,0,93,75,0,83,14,27,0
"112","2008-01-22",85,85,67,48,91,76,0,81,13,35,0
"113","2008-01-23",85,86,59,0,92,74,0,83,12,53,33
"114","2008-01-24",85,88,62,0,90,75,84,82,12,45,0
"115","2008-01-25",88,86,75,0,92,80,0,88,16,29,0
"116","2008-01-26",92,69,50,0,80,91,0,85,11,0,0
"117","2008-01-27",89,82,54,0,74,93,0,80,17,71,0
"118","2008-01-28",90,83,72,0,92,77,0,82,15,44,32
"119","2008-01-29",86,86,77,0,92,75,0,84,19,26,32
"120","2008-01-30",87,85,77,0,94,76,0,82,14,44,49
"121","2008-01-31",87,88,69,0,93,78,0,86,23,0,0
"122","2008-02-01",89,78,64,0,92,79,0,84,11,29,0
"123","2008-02-02",94,76,60,66,81,94,0,83,20,55,45
"124","2008-02-03",91,77,50,0,74,93,0,80,14,74,44
"125","2008-02-04",87,77,79,0,92,77,0,81,8,28,0
"126","2008-02-05",87,81,77,0,88,75,0,83,11,41,0
"127","2008-02-06",87,88,70,0,92,74,0,85,14,27,33
"128","2008-02-07",89,92,87,50,93,77,0,85,11,41,34
"129","2008-02-08",90,75,81,0,92,81,0,90,13,67,0
"130","2008-02-09",93,71,63,0,82,92,0,86,23,0,46
"131","2008-02-10",90,81,72,66,76,91,0,84,21,54,44
"132","2008-02-11",85,87,74,0,95,73,0,87,13,44,33
"133","2008-02-12",87,87,79,0,93,75,0,91,10,40,0
"134","2008-02-13",88,82,86,0,92,75,0,84,29,27,0
"135","2008-02-14",90,84,72,0,94,74,0,87,24,27,34
"136","2008-02-15",89,83,68,52,92,80,0,96,21,43,36
"137","2008-02-16",91,78,57,0,79,92,0,89,28,36,88
"138","2008-02-17",91,85,62,0,76,98,0,83,17,36,44
"139","2008-02-18",83,78,71,0,92,75,0,89,15,26,0
"140","2008-02-19",85,88,77,47,91,72,0,86,22,35,0
"141","2008-02-20",86,85,89,0,92,72,0,86,11,65,32
"142","2008-02-21",87,84,83,0,92,77,0,87,16,26,32
"143","2008-02-22",89,75,69,75,92,78,0,91,11,42,0
"144","2008-02-23",92,73,58,64,80,89,0,84,16,0,0
"145","2008-02-24",93,95,69,62,74,93,0,84,16,35,85
"146","2008-02-25",86,93,75,0,92,71,0,85,17,38,31
"147","2008-02-26",87,86,79,45,94,72,0,85,16,100,31
"148","2008-02-27",89,91,92,0,94,76,0,88,19,39,0
"149","2008-02-28",90,87,90,0,93,75,0,90,21,52,0
"150","2008-02-29",91,79,84,100,91,76,0,91,17,28,0
"151","2008-03-01",93,71,58,0,79,88,0,85,29,35,43
"152","2008-03-02",91,91,47,0,75,91,0,80,10,0,63
"153","2008-03-03",87,86,92,45,92,72,0,85,16,50,0
"154","2008-03-04",88,91,81,0,91,72,0,85,22,0,0
"155","2008-03-05",89,93,100,0,93,72,0,89,16,25,0
"156","2008-03-06",90,91,91,48,95,75,0,88,19,26,32
"157","2008-03-07",92,84,73,0,92,87,0,100,100,28,100
"158","2008-03-08",94,74,60,0,79,95,0,93,65,0,43
"159","2008-03-09",91,84,58,0,75,95,0,88,58,34,84
"160","2008-03-10",85,87,86,45,92,73,0,88,40,25,31
"161","2008-03-11",89,94,89,0,94,76,0,93,37,26,32
"162","2008-03-12",90,100,71,46,91,76,0,91,27,43,31
"163","2008-03-13",89,96,86,0,93,77,0,95,18,52,0
"164","2008-03-14",91,79,80,0,93,81,0,96,31,28,34
"165","2008-03-15",95,81,57,0,80,93,0,96,26,35,44
"166","2008-03-16",93,88,57,0,73,94,0,86,18,34,0
"167","2008-03-17",89,88,88,47,90,73,0,93,28,77,32
"168","2008-03-18",87,98,77,0,91,75,0,92,20,35,32
"169","2008-03-19",88,94,78,0,91,74,0,92,16,27,33
"170","2008-03-20",91,92,77,0,87,78,0,93,13,43,0
"171","2008-03-21",89,76,60,0,80,87,100,86,19,32,0
"172","2008-03-22",90,80,50,0,78,90,0,84,18,38,0
"173","2008-03-23",93,89,59,70,76,100,0,79,19,0,0
"174","2008-03-24",88,83,86,51,89,85,0,85,24,29,0
"175","2008-03-25",87,94,79,46,92,77,0,93,25,34,31
"176","2008-03-26",88,89,81,0,91,74,0,92,21,25,31
"177","2008-03-27",87,91,95,46,91,72,0,99,24,25,0
"178","2008-03-28",89,88,88,0,92,74,0,100,30,27,0
"179","2008-03-29",100,89,62,0,80,88,0,97,34,35,42
"180","2008-03-30",92,95,73,0,76,86,0,88,33,34,0
"181","2008-03-31",87,93,100,0,93,69,0,93,24,25,31
"182","2009-01-01",79,56,32,44,65,52,0,56,8,0,89
"183","2009-01-02",75,55,50,34,68,45,96,59,7,32,86
"184","2009-01-03",77,66,48,37,63,49,0,59,7,71,78
"185","2009-01-04",76,62,55,0,62,50,0,57,6,34,82
"186","2009-01-05",73,62,63,0,71,41,0,60,6,44,70
"187","2009-01-06",75,68,77,56,69,44,78,60,6,66,67
"188","2009-01-07",74,71,79,27,70,40,0,59,7,59,63
"189","2009-01-08",75,68,74,27,71,43,0,63,8,43,66
"190","2009-01-09",78,66,72,28,71,43,0,65,8,26,78
"191","2009-01-10",79,62,60,0,64,48,0,60,9,67,96
"192","2009-01-11",79,75,55,35,62,48,100,58,8,33,95
"193","2009-01-12",76,72,72,0,72,41,0,64,6,25,78
"194","2009-01-13",77,77,81,27,72,43,0,64,6,41,69
"195","2009-01-14",78,76,71,0,71,48,0,63,5,74,68
"196","2009-01-15",78,71,78,0,71,45,0,66,6,25,69
"197","2009-01-16",78,64,71,0,71,45,0,66,6,40,65
"198","2009-01-17",80,62,57,53,64,51,0,65,6,100,82
"199","2009-01-18",78,72,52,69,62,52,0,57,6,33,78
"200","2009-01-19",75,71,66,26,72,41,0,61,5,25,65
"201","2009-01-20",76,72,69,26,71,40,0,62,4,24,61
"202","2009-01-21",78,76,76,26,72,40,0,64,4,58,62
"203","2009-01-22",78,74,79,26,72,42,0,64,6,50,59
"204","2009-01-23",78,70,68,28,71,42,0,65,7,44,66
"205","2009-01-24",80,64,52,35,65,50,99,65,5,44,80
"206","2009-01-25",79,73,51,34,62,51,0,59,6,32,73
"207","2009-01-26",76,75,75,26,72,41,0,62,6,37,63
"208","2009-01-27",79,75,80,26,77,41,0,64,6,57,66
"209","2009-01-28",81,77,85,26,79,42,0,65,6,25,65
"210","2009-01-29",79,72,71,26,79,43,0,67,6,25,68
"211","2009-01-30",82,68,72,0,77,46,0,69,8,53,70
"212","2009-01-31",97,62,63,68,71,50,0,64,8,43,91
"213","2009-02-01",80,75,53,34,65,50,0,59,6,32,80
"214","2009-02-02",82,93,80,51,73,56,72,60,6,84,65
"215","2009-02-03",94,88,84,0,73,100,0,64,6,48,65
"216","2009-02-04",93,87,82,25,74,83,0,69,6,59,65
"217","2009-02-05",90,88,89,25,75,69,0,69,6,36,67
"218","2009-02-06",88,82,79,41,72,64,0,70,6,60,68
"219","2009-02-07",87,73,48,45,65,69,0,67,6,32,86
"220","2009-02-08",86,83,54,33,62,72,0,62,7,46,75
"221","2009-02-09",82,81,91,0,74,55,0,66,6,78,62
"222","2009-02-10",86,79,87,50,75,57,0,65,6,47,60
"223","2009-02-11",85,83,86,0,76,56,0,66,5,41,62
"224","2009-02-12",84,81,96,52,75,52,0,67,5,41,58
"225","2009-02-13",83,74,69,0,74,52,0,70,7,52,59
"226","2009-02-14",84,71,52,35,67,59,0,65,7,66,70
"227","2009-02-15",84,82,56,0,64,61,0,62,6,54,69
"228","2009-02-16",78,81,74,0,75,46,0,63,6,24,60
"229","2009-02-17",82,83,79,0,75,46,0,66,5,36,61
"230","2009-02-18",80,82,79,38,75,49,0,65,6,56,57
"231","2009-02-19",82,80,82,0,75,49,0,66,9,41,61
"232","2009-02-20",85,78,72,28,75,60,0,69,7,26,63
"233","2009-02-21",87,74,48,0,66,66,0,66,8,65,72
"234","2009-02-22",83,84,64,0,63,62,0,61,8,53,72
"235","2009-02-23",79,83,83,0,72,48,0,62,6,48,57
"236","2009-02-24",82,86,89,0,100,47,0,63,5,61,62
"237","2009-02-25",82,88,82,26,76,46,0,62,5,56,68
"238","2009-02-26",82,88,81,51,74,47,0,66,6,56,63
"239","2009-02-27",82,78,81,0,72,47,0,70,6,38,63
"240","2009-02-28",83,75,57,34,66,54,0,65,6,32,69
"241","2009-03-01",83,89,69,66,64,52,0,60,6,62,71
"242","2009-03-02",80,88,95,41,75,44,0,63,4,46,55
"243","2009-03-03",82,88,92,25,75,44,0,64,5,47,54
"244","2009-03-04",82,92,87,25,76,46,0,64,5,47,53
"245","2009-03-05",82,89,96,25,74,45,0,66,5,48,58
"246","2009-03-06",82,86,76,40,75,47,0,68,5,76,61
"247","2009-03-07",85,81,54,33,66,53,0,65,6,32,75
"248","2009-03-08",82,89,58,33,63,53,0,62,5,77,70
"249","2009-03-09",80,90,87,33,75,43,0,65,5,58,60
"250","2009-03-10",81,93,96,25,75,43,0,64,5,46,59
"251","2009-03-11",81,95,98,25,75,43,0,65,4,47,56
"252","2009-03-12",83,90,97,25,75,43,0,65,5,56,56
"253","2009-03-13",84,84,81,27,75,45,0,68,5,84,61
"254","2009-03-14",89,84,59,0,66,55,0,68,5,48,77
"255","2009-03-15",84,94,53,100,64,55,0,63,6,73,73
"256","2009-03-16",81,91,73,0,75,44,0,65,5,47,57
"257","2009-03-17",84,97,82,25,76,44,0,67,5,71,62
"258","2009-03-18",83,96,92,38,76,43,0,68,5,32,82
"259","2009-03-19",89,92,85,51,75,48,0,79,51,40,89
"260","2009-03-20",100,88,79,0,75,64,77,100,100,38,87
"261","2009-03-21",95,79,45,34,66,63,0,84,59,32,100
"262","2009-03-22",92,95,58,0,63,61,0,77,52,31,91
"263","2009-03-23",88,99,80,24,74,49,0,79,38,31,77
"264","2009-03-24",88,98,92,0,75,50,0,78,35,54,76
"265","2009-03-25",88,94,79,25,75,51,0,77,26,62,74
"266","2009-03-26",90,97,90,25,76,52,0,79,35,39,76
"267","2009-03-27",87,88,86,0,74,52,0,79,28,33,73
"268","2009-03-28",89,79,55,0,66,58,0,74,26,46,86
"269","2009-03-29",86,90,63,32,63,58,0,71,22,30,81
"270","2009-03-30",84,95,100,0,76,46,0,73,20,23,68
"271","2009-03-31",88,100,90,50,76,48,0,76,46,70,68
"272","2010-01-01",82,68,35,33,76,90,0,65,36,40,73
"273","2010-01-02",79,68,40,42,75,85,0,67,30,39,75
"274","2010-01-03",81,74,50,45,75,84,0,66,30,42,76
"275","2010-01-04",83,72,66,42,84,71,0,72,26,38,69
"276","2010-01-05",88,77,69,34,84,72,0,74,32,32,68
"277","2010-01-06",91,80,71,21,82,75,0,75,30,45,69
"278","2010-01-07",87,81,68,20,83,73,0,77,28,38,68
"279","2010-01-08",85,76,62,28,83,75,0,78,28,68,68
"280","2010-01-09",85,76,46,26,75,83,0,71,29,59,79
"281","2010-01-10",84,85,43,25,73,85,0,71,27,39,77
"282","2010-01-11",83,85,74,30,85,70,0,76,26,31,63
"283","2010-01-12",84,82,81,19,85,70,0,76,23,66,61
"284","2010-01-13",91,85,100,20,88,84,0,80,29,24,64
"285","2010-01-14",92,85,89,20,86,91,0,82,27,56,62
"286","2010-01-15",90,78,81,31,85,96,0,84,27,26,64
"287","2010-01-16",88,75,51,0,77,100,0,80,26,64,79
"288","2010-01-17",87,85,48,34,74,95,0,73,28,23,78
"289","2010-01-18",85,82,71,39,86,77,0,79,26,48,65
"290","2010-01-19",86,84,86,19,88,76,0,80,26,48,65
"291","2010-01-20",86,86,81,29,87,76,0,79,28,45,65
"292","2010-01-21",87,84,81,30,88,77,0,82,58,49,67
"293","2010-01-22",88,80,80,21,90,80,0,87,63,57,66
"294","2010-01-23",88,74,50,51,80,89,0,81,47,31,80
"295","2010-01-24",85,84,57,25,76,88,0,74,42,34,77
"296","2010-01-25",83,82,78,19,90,71,0,80,35,41,66
"297","2010-01-26",86,85,83,39,88,69,0,80,32,60,75
"298","2010-01-27",86,87,78,19,90,70,0,80,41,59,76
"299","2010-01-28",86,83,87,32,89,70,0,80,29,72,74
"300","2010-01-29",86,79,78,21,91,73,0,82,32,19,78
"301","2010-01-30",85,76,56,38,80,83,0,75,35,70,100
"302","2010-01-31",85,83,57,25,77,82,0,73,36,61,99
"303","2010-02-01",84,82,89,32,91,66,0,76,29,47,76
"304","2010-02-02",88,89,90,19,93,67,0,79,30,35,87
"305","2010-02-03",88,88,87,0,93,68,0,79,28,54,77
"306","2010-02-04",88,85,84,20,93,70,0,81,27,72,69
"307","2010-02-05",86,81,79,20,90,75,0,84,29,38,72
"308","2010-02-06",87,75,56,25,81,88,0,82,33,46,87
"309","2010-02-07",84,83,57,25,77,86,0,76,35,57,82
"310","2010-02-08",85,87,85,19,92,73,0,81,28,47,65
"311","2010-02-09",92,90,84,29,94,74,0,90,70,59,64
"312","2010-02-10",100,89,86,48,97,79,100,97,86,62,65
"313","2010-02-11",95,90,84,30,96,77,0,99,77,49,68
"314","2010-02-12",94,82,82,63,93,80,0,99,65,39,76
"315","2010-02-13",91,77,47,35,82,87,0,92,59,24,89
"316","2010-02-14",88,84,53,0,79,88,0,85,50,48,83
"317","2010-02-15",87,86,77,21,92,73,0,86,41,38,70
"318","2010-02-16",87,86,78,100,92,70,0,85,38,25,69
"319","2010-02-17",88,89,83,26,93,71,0,86,36,55,67
"320","2010-02-18",88,90,81,39,92,72,0,88,36,61,69
"321","2010-02-19",89,86,75,48,92,72,0,90,34,64,71
"322","2010-02-20",88,81,51,25,83,82,0,85,36,35,82
"323","2010-02-21",85,89,52,24,79,83,0,80,36,34,81
"324","2010-02-22",86,90,85,57,95,67,0,86,31,52,63
"325","2010-02-23",88,93,91,19,94,71,0,86,61,81,63
"326","2010-02-24",87,94,80,32,94,71,0,86,45,100,67
"327","2010-02-25",89,89,83,39,93,70,0,85,34,53,66
"328","2010-02-26",87,83,73,0,91,71,0,86,38,37,66
"329","2010-02-27",88,82,50,0,81,98,0,90,41,46,80
"330","2010-02-28",85,91,54,0,77,89,0,79,37,44,80
"331","2010-03-01",85,92,87,32,92,71,0,84,34,71,66
"332","2010-03-02",87,93,87,38,95,71,0,85,35,71,68
"333","2010-03-03",88,93,86,0,94,70,0,85,35,53,67
"334","2010-03-04",89,95,85,33,96,72,0,87,34,48,63
"335","2010-03-05",87,89,82,20,93,75,0,91,32,38,70
"336","2010-03-06",85,83,52,25,81,84,0,86,37,23,85
"337","2010-03-07",84,92,59,25,79,82,0,79,34,30,85
"338","2010-03-08",84,94,92,19,94,66,0,83,33,53,65
"339","2010-03-09",87,98,89,19,97,69,0,86,33,71,61
"340","2010-03-10",90,99,94,38,96,69,0,88,35,70,62
"341","2010-03-11",92,96,86,26,96,77,0,98,100,30,64
"342","2010-03-12",91,90,83,60,95,79,0,100,92,74,67
"343","2010-03-13",88,84,55,49,83,86,0,92,80,45,82
"344","2010-03-14",87,94,60,48,78,87,0,86,75,52,84
"345","2010-03-15",86,94,80,0,95,71,0,90,65,46,65
"346","2010-03-16",88,95,87,29,97,72,0,93,70,53,64
"347","2010-03-17",90,96,82,48,96,73,0,95,70,48,66
"348","2010-03-18",91,96,84,20,98,74,0,95,69,61,70
"349","2010-03-19",88,87,74,27,94,77,0,96,71,44,67
"350","2010-03-20",88,85,50,42,83,87,0,95,80,54,82
"351","2010-03-21",87,94,60,24,79,89,0,90,70,37,80
"352","2010-03-22",90,98,89,28,95,72,0,94,60,76,65
"353","2010-03-23",97,99,91,0,99,74,0,96,56,47,68
"354","2010-03-24",94,100,88,19,100,71,0,93,55,60,68
"355","2010-03-25",90,95,85,20,98,71,0,94,50,96,68
"356","2010-03-26",91,90,78,21,97,73,0,98,49,82,69
"357","2010-03-27",88,85,54,0,84,83,0,90,51,70,84
"358","2010-03-28",86,92,56,25,80,82,0,86,52,39,81
"359","2010-03-29",86,91,86,38,95,70,0,92,49,94,66
"360","2010-03-30",88,94,89,29,96,71,0,93,47,54,66
"361","2010-03-31",87,93,81,20,93,70,0,94,45,79,69
"362","2011-01-01",81,67,42,40,81,85,0,78,99,20,84
"363","2011-01-02",81,68,49,71,79,83,0,80,100,18,80
"364","2011-01-03",80,69,73,38,93,71,0,84,82,35,71
"365","2011-01-04",82,72,77,64,94,70,0,88,78,41,67
"366","2011-01-05",84,74,76,55,93,72,0,90,83,54,68
"367","2011-01-06",83,75,76,46,89,72,0,88,82,55,69
"368","2011-01-07",83,72,73,42,89,74,0,92,84,21,69
"369","2011-01-08",83,71,53,89,83,82,0,88,82,17,79
"370","2011-01-09",81,76,54,97,80,81,0,83,92,32,75
"371","2011-01-10",82,77,85,40,95,70,0,89,78,72,66
"372","2011-01-11",84,78,82,43,94,73,79,91,78,45,64
"373","2011-01-12",86,81,79,44,95,74,0,91,82,85,65
"374","2011-01-13",85,81,81,62,96,73,0,93,83,59,67
"375","2011-01-14",86,75,74,81,92,74,0,94,81,41,71
"376","2011-01-15",82,71,49,49,80,82,100,90,84,32,80
"377","2011-01-16",84,91,51,54,78,81,0,86,90,16,77
"378","2011-01-17",84,100,70,39,95,69,0,91,77,38,66
"379","2011-01-18",87,96,83,34,94,70,0,92,77,45,66
"380","2011-01-19",89,95,85,77,94,70,0,95,77,70,68
"381","2011-01-20",88,88,81,26,95,72,0,96,74,91,67
"382","2011-01-21",87,79,76,45,93,70,83,96,77,27,68
"383","2011-01-22",85,77,51,98,84,82,0,94,80,16,79
"384","2011-01-23",84,85,57,80,81,82,0,87,94,63,74
"385","2011-01-24",83,82,80,51,97,69,0,91,77,19,64
"386","2011-01-25",86,84,87,34,96,71,0,92,81,25,66
"387","2011-01-26",86,82,83,51,95,68,0,92,71,51,65
"388","2011-01-27",86,82,79,65,96,69,0,94,70,65,67
"389","2011-01-28",87,76,75,69,95,73,0,95,83,54,68
"390","2011-01-29",86,72,55,53,86,79,0,92,81,16,80
"391","2011-01-30",86,78,58,91,82,80,0,85,82,23,79
"392","2011-01-31",87,78,91,97,98,69,0,90,79,84,68
"393","2011-02-01",90,80,92,49,97,72,0,92,83,43,71
"394","2011-02-02",92,82,83,49,97,73,0,93,90,36,73
"395","2011-02-03",91,81,86,75,97,73,0,94,86,81,72
"396","2011-02-04",93,75,80,26,97,77,0,97,83,39,80
"397","2011-02-05",90,72,57,31,85,81,0,91,91,31,93
"398","2011-02-06",88,79,58,46,81,80,0,86,86,23,88
"399","2011-02-07",89,81,88,37,97,71,0,91,73,61,76
"400","2011-02-08",94,84,93,63,97,72,0,94,75,100,74
"401","2011-02-09",90,85,88,34,96,69,78,94,74,50,75
"402","2011-02-10",88,84,89,69,98,69,0,94,73,45,74
"403","2011-02-11",90,80,79,54,96,70,0,100,73,20,75
"404","2011-02-12",87,74,51,85,83,77,0,94,75,16,86
"405","2011-02-13",86,84,59,52,82,80,0,87,80,39,80
"406","2011-02-14",89,84,89,34,99,64,0,94,73,82,67
"407","2011-02-15",88,81,91,57,98,65,0,92,69,55,80
"408","2011-02-16",89,84,91,50,98,67,0,93,68,44,81
"409","2011-02-17",90,83,91,26,98,68,0,94,62,32,81
"410","2011-02-18",89,79,80,71,96,72,0,98,62,60,86
"411","2011-02-19",89,73,57,42,85,77,0,95,69,47,100
"412","2011-02-20",86,88,62,72,81,77,0,87,67,38,93
"413","2011-02-21",86,91,81,25,98,68,0,93,62,50,81
"414","2011-02-22",89,89,93,63,97,70,0,95,60,43,81
"415","2011-02-23",89,90,90,38,97,69,0,93,59,56,81
"416","2011-02-24",89,83,87,59,96,68,0,94,61,51,81
"417","2011-02-25",88,80,83,40,96,69,0,96,65,46,84
"418","2011-02-26",87,76,58,73,84,75,0,93,61,23,94
"419","2011-02-27",85,84,60,30,80,73,0,86,66,30,91
"420","2011-02-28",86,84,88,66,99,62,0,89,59,43,75
"421","2011-03-01",88,87,92,25,99,64,0,90,56,67,80
"422","2011-03-02",90,87,96,75,98,68,0,87,56,25,75
"423","2011-03-03",93,83,87,64,98,65,0,84,53,38,77
"424","2011-03-04",92,78,86,27,96,66,0,87,59,46,74
"425","2011-03-05",93,75,55,74,81,76,0,82,58,55,89
"426","2011-03-06",90,86,62,31,78,73,0,75,63,55,85
"427","2011-03-07",91,86,89,26,96,66,0,81,60,70,73
"428","2011-03-08",93,86,94,39,95,66,0,82,55,70,74
"429","2011-03-09",94,85,92,42,95,64,0,82,52,62,84
"430","2011-03-10",93,83,90,37,95,65,0,83,54,68,84
"431","2011-03-11",98,77,78,86,92,100,0,93,53,57,81
"432","2011-03-12",95,69,52,32,80,94,0,83,59,31,90
"433","2011-03-13",92,75,57,42,78,95,0,77,64,47,83
"434","2011-03-14",93,77,82,52,97,83,0,83,54,46,75
"435","2011-03-15",95,83,85,38,98,83,77,85,52,31,75
"436","2011-03-16",96,83,90,66,96,81,0,85,56,68,81
"437","2011-03-17",96,84,88,51,96,76,0,85,53,69,80
"438","2011-03-18",93,75,76,40,94,75,0,86,51,53,80
"439","2011-03-19",93,71,50,52,80,79,0,80,51,46,90
"440","2011-03-20",92,80,64,51,78,78,0,75,62,30,86
"441","2011-03-21",93,84,91,58,98,69,76,81,59,43,74
"442","2011-03-22",94,85,92,100,100,69,0,84,62,50,77
"443","2011-03-23",96,85,93,25,97,66,0,84,54,50,78
"444","2011-03-24",100,85,85,51,97,67,0,85,54,69,80
"445","2011-03-25",95,77,73,53,95,68,0,85,52,26,80
"446","2011-03-26",93,72,56,78,82,77,0,81,57,31,91
"447","2011-03-27",92,79,65,76,81,76,93,74,56,0,85
"448","2011-03-28",93,83,96,49,99,64,0,82,47,60,71
"449","2011-03-29",95,85,97,33,100,67,0,82,49,74,73
"450","2011-03-30",96,86,100,62,97,66,0,82,53,68,70
"451","2011-03-31",99,84,97,50,98,66,0,84,57,75,72
"452","2012-01-01",91,79,37,91,78,97,51,74,50,48,87
"453","2012-01-02",88,79,52,35,90,87,33,84,41,37,87
"454","2012-01-03",88,84,69,78,91,83,61,89,40,34,85
"455","2012-01-04",88,87,73,58,92,83,36,90,42,51,90
"456","2012-01-05",89,89,72,46,92,87,30,90,39,23,88
"457","2012-01-06",90,83,71,41,90,91,19,88,43,83,92
"458","2012-01-07",90,80,47,100,79,94,43,86,42,34,100
"459","2012-01-08",87,86,54,30,78,97,28,82,44,26,94
"460","2012-01-09",89,90,83,50,96,82,53,90,38,66,84
"461","2012-01-10",89,93,84,44,95,83,64,89,40,55,84
"462","2012-01-11",93,96,86,63,96,86,59,95,46,55,85
"463","2012-01-12",91,94,87,57,95,85,71,94,55,44,85
"464","2012-01-13",91,88,77,46,93,87,37,94,50,40,86
"465","2012-01-14",89,78,49,61,79,93,21,90,54,40,94
"466","2012-01-15",89,86,53,45,76,96,35,83,49,26,89
"467","2012-01-16",88,90,70,25,95,83,47,91,50,22,82
"468","2012-01-17",91,94,86,50,95,84,29,92,51,66,82
"469","2012-01-18",100,96,85,56,93,85,52,92,47,92,83
"470","2012-01-19",93,93,88,31,95,85,53,91,49,71,83
"471","2012-01-20",92,86,79,39,92,88,42,94,47,51,83
"472","2012-01-21",90,79,50,37,79,95,55,86,53,26,88
"473","2012-01-22",88,86,54,88,76,96,62,82,55,39,83
"474","2012-01-23",88,91,85,37,94,84,40,92,47,70,73
"475","2012-01-24",91,95,88,44,96,86,52,93,48,65,74
"476","2012-01-25",92,95,88,74,94,86,81,98,46,60,74
"477","2012-01-26",92,92,87,38,93,89,77,97,46,100,79
"478","2012-01-27",92,97,80,39,93,95,43,97,48,51,81
"479","2012-01-28",92,85,49,68,80,100,28,91,51,53,90
"480","2012-01-29",90,90,60,96,77,100,55,84,56,46,86
"481","2012-01-30",89,95,86,67,96,88,51,91,46,86,76
"482","2012-01-31",91,96,90,67,97,86,63,91,48,70,76
"483","2012-02-01",88,95,94,74,97,84,34,90,46,81,77
"484","2012-02-02",89,94,92,49,95,85,35,90,47,49,77
"485","2012-02-03",89,88,82,51,93,86,60,94,49,79,77
"486","2012-02-04",87,79,49,52,80,92,35,86,49,19,86
"487","2012-02-05",88,85,57,51,76,94,48,81,51,52,84
"488","2012-02-06",88,94,91,49,97,81,51,87,39,54,75
"489","2012-02-07",93,97,94,36,96,84,45,91,41,53,79
"490","2012-02-08",93,98,98,37,97,84,34,92,39,86,80
"491","2012-02-09",92,98,92,68,96,85,23,93,41,92,85
"492","2012-02-10",91,90,89,51,94,87,24,93,42,45,87
"493","2012-02-11",89,78,55,74,79,91,48,86,43,39,94
"494","2012-02-12",89,84,56,79,74,93,53,76,41,50,86
"495","2012-02-13",88,91,92,30,96,77,39,88,40,42,76
"496","2012-02-14",96,98,93,56,96,79,52,90,38,71,76
"497","2012-02-15",91,96,92,62,97,80,40,89,38,38,92
"498","2012-02-16",92,94,95,31,96,84,29,93,41,93,82
"499","2012-02-17",90,87,84,78,93,87,36,94,41,46,80
"500","2012-02-18",89,80,50,60,80,91,56,89,42,33,90
"501","2012-02-19",87,86,53,67,76,92,42,81,44,46,87
"502","2012-02-20",89,94,75,57,94,85,47,88,40,78,76
"503","2012-02-21",90,98,95,57,95,83,35,91,48,83,75
"504","2012-02-22",96,100,92,43,97,85,29,92,47,64,76
"505","2012-02-23",93,95,95,43,97,84,29,94,46,43,77
"506","2012-02-24",89,89,81,44,94,82,47,95,43,61,77
"507","2012-02-25",90,80,51,66,79,89,41,90,43,45,89
"508","2012-02-26",89,87,62,51,77,90,68,81,50,64,84
"509","2012-02-27",89,96,93,48,97,78,84,89,37,64,73
"510","2012-02-28",91,99,98,42,98,80,51,90,37,74,73
"511","2012-02-29",96,100,100,61,99,84,57,93,34,64,75
"512","2012-03-01",93,100,99,90,100,81,54,94,34,84,78
"513","2012-03-02",90,92,85,73,97,87,49,96,68,29,78
"514","2012-03-03",88,81,52,46,82,92,100,92,63,47,86
"515","2012-03-04",87,93,59,23,79,94,50,83,60,33,81
"516","2012-03-05",87,97,97,31,99,83,64,94,45,71,76
"517","2012-03-06",91,97,93,24,98,82,45,92,44,58,72
"518","2012-03-07",94,95,92,96,96,80,22,91,41,37,76
"519","2012-03-08",97,96,94,31,95,83,17,92,36,43,74
"520","2012-03-09",93,89,81,83,94,86,54,95,43,45,77
"521","2012-03-10",91,80,49,73,79,88,41,89,39,32,84
"522","2012-03-11",92,88,58,94,77,88,41,82,39,51,78
"523","2012-03-12",91,98,92,48,99,82,56,91,34,85,70
"524","2012-03-13",93,100,91,66,97,79,62,91,36,84,72
"525","2012-03-14",93,99,89,43,97,81,51,91,36,70,74
"526","2012-03-15",93,96,92,37,98,82,58,93,32,93,73
"527","2012-03-16",91,89,80,39,94,84,42,94,40,57,73
"528","2012-03-17",92,82,49,67,80,87,35,89,37,39,80
"529","2012-03-18",91,89,57,58,75,89,27,80,39,83,75
"530","2012-03-19",91,98,95,49,97,82,40,90,35,75,70
"531","2012-03-20",94,98,97,61,98,84,51,93,33,59,71
"532","2012-03-21",92,99,94,55,96,82,40,91,37,64,67
"533","2012-03-22",93,94,97,74,97,84,29,95,100,65,70
"534","2012-03-23",94,90,88,39,94,83,55,100,86,86,74
"535","2012-03-24",90,81,51,60,78,85,35,94,73,53,81
"536","2012-03-25",90,88,62,52,77,85,28,83,62,26,77
"537","2012-03-26",90,98,92,18,100,81,28,95,67,32,68
"538","2012-03-27",97,99,96,55,98,81,51,95,67,69,71
"539","2012-03-28",93,99,94,43,97,81,57,94,56,54,77
"540","2012-03-29",92,96,89,50,96,81,58,94,51,65,73
"541","2012-03-30",91,90,82,26,93,82,31,97,51,63,75
"542","2012-03-31",90,78,50,52,77,90,42,99,45,52,82
"543","2013-01-01",95,80,38,62,69,94,39,76,37,35,84
"544","2013-01-02",92,81,59,62,82,85,65,88,39,19,85
"545","2013-01-03",92,84,67,45,83,89,53,93,36,29,85
"546","2013-01-04",93,82,63,59,82,92,39,94,37,54,84
"547","2013-01-05",95,77,41,51,69,92,42,86,38,24,89
"548","2013-01-06",94,82,48,83,67,94,46,81,41,46,85
"549","2013-01-07",93,92,81,57,88,85,38,92,38,47,79
"550","2013-01-08",93,94,88,49,87,88,43,93,34,48,81
"551","2013-01-09",93,97,88,56,87,88,59,95,34,57,85
"552","2013-01-10",94,96,90,78,89,94,35,95,37,72,84
"553","2013-01-11",92,91,81,74,85,93,57,97,34,57,87
"554","2013-01-12",93,78,44,69,69,95,34,87,39,38,96
"555","2013-01-13",97,89,53,65,67,96,53,83,42,35,96
"556","2013-01-14",93,96,92,49,87,87,53,94,35,36,89
"557","2013-01-15",93,98,91,45,89,88,58,94,35,40,90
"558","2013-01-16",100,99,91,52,89,88,32,97,41,50,91
"559","2013-01-17",94,98,91,71,87,91,61,95,49,74,86
"560","2013-01-18",94,89,78,54,85,93,55,97,40,35,88
"561","2013-01-19",95,78,40,72,70,95,50,89,44,31,95
"562","2013-01-20",92,85,46,60,67,94,56,83,42,37,91
"563","2013-01-21",92,92,65,54,87,86,44,91,37,65,84
"564","2013-01-22",95,96,86,48,88,91,44,94,38,53,85
"565","2013-01-23",94,96,89,30,88,89,46,94,37,75,88
"566","2013-01-24",93,95,88,46,86,90,58,93,37,54,88
"567","2013-01-25",95,89,78,63,85,91,48,95,37,43,88
"568","2013-01-26",95,79,42,65,70,94,48,89,42,43,95
"569","2013-01-27",94,86,47,37,67,95,42,82,43,42,90
"570","2013-01-28",94,98,83,42,88,86,50,92,36,47,83
"571","2013-01-29",94,98,93,54,91,90,62,95,39,86,87
"572","2013-01-30",95,98,91,90,87,90,52,94,37,80,85
"573","2013-01-31",95,97,91,60,87,90,56,96,100,47,84
"574","2013-02-01",93,89,85,57,86,92,73,99,71,70,88
"575","2013-02-02",95,77,43,61,70,93,100,90,64,31,98
"576","2013-02-03",94,85,52,64,67,95,63,82,54,37,93
"577","2013-02-04",93,95,88,60,89,82,70,90,47,69,100
"578","2013-02-05",95,99,97,69,90,88,60,93,54,83,92
"579","2013-02-06",98,99,95,52,90,90,54,96,49,76,93
"580","2013-02-07",94,97,92,61,88,90,59,94,46,60,90
"581","2013-02-08",93,88,78,48,85,91,95,96,43,46,90
"582","2013-02-09",96,78,43,62,70,94,51,91,45,24,95
"583","2013-02-10",96,86,49,80,67,98,63,85,51,36,92
"584","2013-02-11",94,93,89,37,85,88,57,92,48,56,87
"585","2013-02-12",95,99,95,53,86,89,74,92,43,67,86
"586","2013-02-13",94,96,92,36,89,86,59,93,42,65,86
"587","2013-02-14",98,97,89,50,89,86,56,94,39,55,86
"588","2013-02-15",96,88,75,57,85,92,52,96,45,54,87
"589","2013-02-16",97,77,40,50,70,95,43,92,44,28,92
"590","2013-02-17",95,82,43,78,67,97,45,84,46,39,89
"591","2013-02-18",93,91,67,45,88,85,71,91,41,57,82
"592","2013-02-19",98,97,88,36,90,89,67,96,41,54,84
"593","2013-02-20",96,98,89,39,91,88,50,94,46,82,85
"594","2013-02-21",98,97,89,51,90,92,64,96,46,53,87
"595","2013-02-22",100,89,78,59,88,90,35,98,49,47,91
"596","2013-02-23",98,80,43,84,73,91,54,89,50,53,99
"597","2013-02-24",97,87,53,66,70,94,51,82,52,39,96
"598","2013-02-25",96,97,95,64,92,85,74,90,37,48,87
"599","2013-02-26",96,99,98,47,98,85,60,94,41,100,89
"600","2013-02-27",96,100,94,65,99,87,55,95,43,75,88
"601","2013-02-28",97,100,99,72,98,87,60,94,49,69,88
"602","2013-03-01",97,92,87,100,95,88,66,99,46,70,87
"603","2013-03-02",97,77,47,32,77,89,58,91,42,23,90
"604","2013-03-03",97,86,56,80,75,92,42,86,44,43,90
"605","2013-03-04",97,98,95,51,100,84,47,94,37,80,81
"606","2013-03-05",95,99,96,42,98,84,59,94,38,84,84
"607","2013-03-06",97,96,95,39,98,85,55,94,39,45,86
"608","2013-03-07",99,95,97,41,97,89,58,97,79,53,85
"609","2013-03-08",99,88,85,71,93,89,47,100,62,58,83
"610","2013-03-09",98,77,43,80,75,93,51,94,64,21,92
"611","2013-03-10",97,84,52,96,72,93,64,86,63,38,87
"612","2013-03-11",96,95,91,55,97,87,42,97,56,51,79
"613","2013-03-12",97,95,94,49,96,86,58,96,54,45,82
"614","2013-03-13",98,95,92,55,95,85,50,95,57,51,81
"615","2013-03-14",98,95,92,53,95,84,51,95,52,65,83
"616","2013-03-15",96,87,79,55,92,87,49,97,52,44,84
"617","2013-03-16",99,76,44,35,75,86,39,92,55,59,89
"618","2013-03-17",97,82,51,44,72,91,29,86,58,44,86
"619","2013-03-18",95,94,100,58,96,82,27,92,56,65,80
"620","2013-03-19",99,98,98,44,97,86,43,95,64,75,83
"621","2013-03-20",97,97,92,73,97,87,62,96,57,83,83
"622","2013-03-21",98,95,96,57,96,85,55,98,50,59,82
"623","2013-03-22",96,85,78,70,91,87,50,98,52,64,83
"624","2013-03-23",98,76,42,45,75,96,39,94,54,32,90
"625","2013-03-24",97,81,48,44,72,99,45,87,56,36,86
"626","2013-03-25",96,92,82,41,96,92,51,96,50,54,79
"627","2013-03-26",97,93,83,65,97,91,59,98,49,48,82
"628","2013-03-27",95,93,80,36,93,90,52,96,45,59,84
"629","2013-03-28",96,89,75,38,90,91,60,94,67,60,85
"630","2013-03-29",94,79,53,53,81,95,42,89,60,35,88
"631","2013-03-30",98,77,39,62,74,93,36,84,57,26,90
"632","2013-03-31",99,81,42,37,70,100,44,82,54,31,87
"633","2014-01-01",97,74,26,65,65,71,44,68,47,22,81
"634","2014-01-02",95,81,42,48,83,67,44,82,45,36,83
"635","2014-01-03",95,78,39,50,80,68,48,85,46,30,84
"636","2014-01-04",96,74,28,60,70,68,36,76,48,29,85
"637","2014-01-05",95,77,34,59,66,73,38,74,48,36,81
"638","2014-01-06",95,86,62,49,86,67,49,84,44,76,81
"639","2014-01-07",96,90,67,47,89,68,47,88,48,61,81
"640","2014-01-08",97,94,73,45,90,67,49,90,48,76,88
"641","2014-01-09",97,94,79,45,89,69,48,92,47,49,87
"642","2014-01-10",98,87,73,47,88,71,53,92,48,54,88
"643","2014-01-11",95,74,33,57,69,69,46,80,51,41,88
"644","2014-01-12",97,83,43,56,65,70,44,76,50,43,83
"645","2014-01-13",96,91,83,41,90,67,47,90,44,78,83
"646","2014-01-14",98,93,83,40,88,69,53,91,47,73,84
"647","2014-01-15",97,95,84,42,88,70,49,91,46,71,87
"648","2014-01-16",99,94,85,41,89,69,55,93,47,67,95
"649","2014-01-17",98,85,76,45,86,71,48,93,48,49,100
"650","2014-01-18",96,75,33,55,70,72,42,83,50,32,100
"651","2014-01-19",96,80,37,49,65,73,45,77,51,49,97
"652","2014-01-20",95,90,55,43,89,68,49,91,45,63,91
"653","2014-01-21",96,94,78,37,89,70,52,92,49,52,90
"654","2014-01-22",98,96,81,38,91,71,54,91,47,83,92
"655","2014-01-23",96,93,82,43,88,68,49,91,50,76,91
"656","2014-01-24",97,85,75,43,97,69,52,92,51,49,89
"657","2014-01-25",95,74,35,56,76,67,39,80,51,35,92
"658","2014-01-26",96,82,41,55,72,68,42,76,53,42,87
"659","2014-01-27",96,92,75,35,100,65,41,89,45,77,88
"660","2014-01-28",97,92,78,40,95,68,47,89,49,95,86
"661","2014-01-29",97,93,81,40,90,67,48,90,51,100,90
"662","2014-01-30",98,92,84,38,89,68,49,94,100,72,92
"663","2014-01-31",96,83,74,44,85,67,43,92,74,71,87
"664","2014-02-01",96,73,35,51,69,67,44,82,64,43,92
"665","2014-02-02",94,79,43,51,64,67,33,76,61,57,86
"666","2014-02-03",95,90,83,35,88,64,43,85,51,60,84
"667","2014-02-04",97,95,88,42,91,67,47,91,50,82,90
"668","2014-02-05",98,94,79,39,91,67,51,90,50,83,92
"669","2014-02-06",95,85,79,31,89,67,52,89,47,82,86
"670","2014-02-07",99,86,75,44,88,70,51,94,50,70,89
"671","2014-02-08",96,74,35,61,70,69,42,80,50,44,88
"672","2014-02-09",96,81,45,54,66,69,40,75,52,41,85
"673","2014-02-10",96,93,88,43,91,65,46,88,47,90,86
"674","2014-02-11",98,95,91,44,93,67,48,91,49,75,84
"675","2014-02-12",95,97,89,53,90,68,58,89,48,71,81
"676","2014-02-13",96,95,84,48,91,64,53,90,47,57,81
"677","2014-02-14",97,89,67,53,86,65,40,89,45,49,80
"678","2014-02-15",95,75,33,65,70,66,34,78,46,37,85
"679","2014-02-16",96,81,39,63,66,67,39,77,52,38,81
"680","2014-02-17",94,95,65,56,89,65,45,87,47,57,79
"681","2014-02-18",95,100,81,48,91,68,51,89,52,55,79
"682","2014-02-19",95,98,87,46,89,66,47,89,52,70,80
"683","2014-02-20",97,94,86,49,89,68,52,92,54,69,83
"684","2014-02-21",96,86,76,51,84,67,46,92,54,62,87
"685","2014-02-22",95,75,36,67,68,65,40,80,51,46,94
"686","2014-02-23",95,82,48,63,64,67,44,76,55,58,93
"687","2014-02-24",97,95,97,47,91,65,45,91,54,69,87
"688","2014-02-25",96,98,98,47,91,65,50,92,52,82,87
"689","2014-02-26",99,100,98,49,91,67,48,91,55,74,92
"690","2014-02-27",98,95,98,55,88,69,55,94,57,74,91
"691","2014-02-28",97,89,86,61,86,69,60,93,54,70,87
"692","2014-03-01",95,76,39,73,67,68,38,81,54,32,90
"693","2014-03-02",93,82,49,67,64,71,47,78,57,57,86
"694","2014-03-03",95,94,92,56,86,66,55,88,53,56,82
"695","2014-03-04",96,96,100,54,88,66,52,91,48,65,83
"696","2014-03-05",97,97,97,52,90,67,48,91,52,66,84
"697","2014-03-06",98,97,97,57,90,68,47,96,57,73,85
"698","2014-03-07",97,88,86,60,88,66,50,96,52,55,82
"699","2014-03-08",97,76,37,75,70,67,37,85,48,38,84
"700","2014-03-09",96,83,48,66,66,69,38,78,51,71,80
"701","2014-03-10",97,96,93,51,94,68,49,94,50,76,78
"702","2014-03-11",98,97,94,54,94,72,55,95,47,84,80
"703","2014-03-12",98,95,94,48,92,72,46,93,46,95,82
"704","2014-03-13",97,95,95,57,91,74,50,94,48,83,80
"705","2014-03-14",97,88,82,60,88,76,47,95,52,49,80
"706","2014-03-15",94,75,35,77,68,68,34,84,52,35,83
"707","2014-03-16",93,81,48,71,65,71,37,78,49,66,82
"708","2014-03-17",95,95,92,57,90,69,100,92,48,66,79
"709","2014-03-18",97,96,92,68,92,76,56,94,47,87,80
"710","2014-03-19",98,98,92,74,91,94,55,94,48,78,81
"711","2014-03-20",100,95,94,81,91,100,54,95,50,75,82
"712","2014-03-21",99,87,78,78,88,90,44,96,51,41,82
"713","2014-03-22",94,74,36,100,69,81,39,84,51,44,84
"714","2014-03-23",94,79,48,91,65,79,40,76,51,50,83
"715","2014-03-24",94,92,89,71,90,76,51,91,45,75,80
"716","2014-03-25",96,94,90,66,93,73,46,93,46,69,98
"717","2014-03-26",97,95,92,72,93,73,46,92,49,75,94
"718","2014-03-27",96,92,88,66,90,70,43,91,50,62,79
"719","2014-03-28",94,84,77,71,88,68,56,94,50,59,81
"720","2014-03-29",94,72,37,88,69,69,42,80,49,41,84
"721","2014-03-30",93,76,48,85,65,66,48,74,44,49,79
"722","2014-03-31",94,90,90,59,92,66,45,100,45,72,77
"723","2015-01-01",94,67,17,100,60,58,46,53,93,5,84
"724","2015-01-02",92,66,25,86,72,59,47,64,98,6,89
"725","2015-01-03",93,67,24,93,65,60,40,60,97,6,90
"726","2015-01-04",93,70,29,89,63,61,42,59,95,12,89
"727","2015-01-05",95,82,64,72,90,60,55,73,94,60,90
"728","2015-01-06",99,89,73,70,88,62,64,73,100,72,93
"729","2015-01-07",97,92,70,66,90,61,64,74,95,69,89
"730","2015-01-08",99,92,74,73,90,62,67,76,91,68,90
"731","2015-01-09",97,86,74,77,85,63,65,75,91,71,90
"732","2015-01-10",95,71,29,93,68,61,48,62,91,11,91
"733","2015-01-11",93,77,38,89,63,60,46,60,92,17,89
"734","2015-01-12",96,94,82,66,93,62,62,78,88,79,91
"735","2015-01-13",98,94,87,70,94,64,60,78,84,83,100
"736","2015-01-14",98,96,84,69,92,64,61,79,83,81,100
"737","2015-01-15",99,95,88,67,91,64,60,79,78,83,94
"738","2015-01-16",96,86,80,68,86,65,56,78,78,72,85
"739","2015-01-17",95,71,29,89,68,62,46,66,80,12,86
"740","2015-01-18",93,76,31,85,64,64,44,60,81,12,84
"741","2015-01-19",95,88,50,68,91,61,55,77,78,27,81
"742","2015-01-20",98,92,82,63,94,64,58,78,77,80,81
"743","2015-01-21",97,95,87,60,93,64,56,78,87,86,83
"744","2015-01-22",99,93,87,60,93,67,64,80,92,87,91
"745","2015-01-23",97,85,78,62,88,65,59,79,94,80,89
"746","2015-01-24",94,70,29,76,68,63,50,66,94,13,90
"747","2015-01-25",94,77,37,78,65,65,49,61,92,17,89
"748","2015-01-26",96,89,78,58,91,63,57,77,81,79,84
"749","2015-01-27",97,92,76,57,93,64,66,77,85,76,90
"750","2015-01-28",98,92,83,56,93,66,67,79,85,88,88
"751","2015-01-29",99,92,87,57,94,65,70,79,81,89,86
"752","2015-01-30",96,84,78,61,88,64,62,77,78,84,85
"753","2015-01-31",93,69,31,78,70,78,46,64,82,13,88
"754","2015-02-01",94,75,38,73,65,100,44,61,82,18,86
"755","2015-02-02",95,88,72,57,92,96,62,74,73,70,83
"756","2015-02-03",98,91,85,54,94,98,74,78,85,90,84
"757","2015-02-04",99,95,89,56,95,90,65,79,93,97,85
"758","2015-02-05",99,92,90,54,93,81,64,77,84,99,86
"759","2015-02-06",98,86,84,61,91,77,62,80,84,93,88
"760","2015-02-07",93,70,32,77,69,70,54,67,83,14,86
"761","2015-02-08",93,77,40,72,65,71,50,61,86,22,84
"762","2015-02-09",96,90,86,46,92,68,63,76,77,85,81
"763","2015-02-10",97,95,91,54,94,69,63,78,81,98,82
"764","2015-02-11",98,95,93,58,93,71,67,78,80,99,82
"765","2015-02-12",98,93,93,57,93,69,61,78,85,97,82
"766","2015-02-13",95,84,75,66,88,66,66,77,82,68,79
"767","2015-02-14",93,69,27,78,67,61,44,63,78,11,80
"768","2015-02-15",92,73,33,74,62,66,44,61,82,14,78
"769","2015-02-16",94,84,56,62,88,65,56,73,82,31,76
"770","2015-02-17",95,88,77,61,87,66,66,75,88,69,78
"771","2015-02-18",99,89,85,61,91,68,59,79,94,81,80
"772","2015-02-19",96,85,84,60,90,68,65,78,87,77,79
"773","2015-02-20",95,82,74,68,88,68,64,79,87,74,80
"774","2015-02-21",91,68,34,83,69,63,50,65,93,14,85
"775","2015-02-22",91,75,43,79,65,65,49,62,92,23,79
"776","2015-02-23",96,91,90,69,93,65,54,77,84,92,75
"777","2015-02-24",98,94,96,63,95,67,60,78,91,96,75
"778","2015-02-25",100,96,99,66,96,67,60,79,90,97,77
"779","2015-02-26",99,93,99,65,96,69,98,78,85,98,77
"780","2015-02-27",96,84,88,76,90,63,100,77,85,90,77
"781","2015-02-28",93,69,35,95,69,60,54,63,83,15,76
"782","2015-03-01",93,76,45,86,66,63,65,61,86,25,74
"783","2015-03-02",97,92,96,64,98,63,87,78,86,95,75
"784","2015-03-03",97,94,100,64,98,65,78,78,93,97,74
"785","2015-03-04",96,93,97,66,97,65,73,77,88,97,75
"786","2015-03-05",100,93,91,70,95,67,85,79,94,88,76
"787","2015-03-06",96,84,87,73,90,64,68,79,91,91,75
"788","2015-03-07",93,70,34,93,70,59,51,66,86,15,75
"789","2015-03-08",95,78,43,88,66,62,46,63,98,24,72
"790","2015-03-09",97,95,95,63,99,65,60,78,87,95,73
"791","2015-03-10",100,97,98,64,98,66,68,79,89,96,75
"792","2015-03-11",99,96,92,64,96,67,64,77,89,93,76
"793","2015-03-12",99,92,97,64,96,65,65,78,96,96,78
"794","2015-03-13",96,84,83,70,91,65,56,79,89,78,78
"795","2015-03-14",92,69,31,92,68,63,49,66,91,13,79
"796","2015-03-15",92,76,43,83,65,63,48,61,90,22,77
"797","2015-03-16",97,91,91,61,95,66,58,80,84,87,75
"798","2015-03-17",99,93,94,61,96,65,66,81,84,91,76
"799","2015-03-18",99,93,91,64,95,67,64,79,86,88,77
"800","2015-03-19",97,90,92,62,92,65,58,78,81,91,75
"801","2015-03-20",97,83,79,71,88,68,57,81,89,76,76
"802","2015-03-21",92,68,33,90,66,61,43,67,83,12,77
"803","2015-03-22",93,75,44,84,63,64,41,62,90,22,76
"804","2015-03-23",97,93,91,61,95,66,57,79,77,95,76
"805","2015-03-24",98,94,95,61,95,70,61,80,86,98,76
"806","2015-03-25",90,100,78,83,100,69,60,76,84,65,75
"807","2015-03-26",97,90,98,74,93,70,62,83,86,100,75
"808","2015-03-27",96,84,80,71,88,66,56,78,87,82,74
"809","2015-03-28",92,71,29,91,66,65,43,67,85,12,75
"810","2015-03-29",93,74,42,84,62,63,40,61,86,20,73
"811","2015-03-30",93,89,86,62,93,66,53,79,78,76,72
"812","2015-03-31",99,90,87,63,93,69,64,100,92,78,75
"813","2016-01-01",86,67,14,100,52,85,54,59,44,4,72
"814","2016-01-02",86,67,17,83,60,89,55,67,44,5,80
"815","2016-01-03",86,69,22,77,60,90,56,66,48,9,79
"816","2016-01-04",92,82,52,62,87,88,75,89,45,57,81
"817","2016-01-05",95,91,64,60,89,91,79,92,49,77,85
"818","2016-01-06",97,93,69,62,87,95,85,92,48,84,86
"819","2016-01-07",97,94,74,64,89,95,82,95,50,86,84
"820","2016-01-08",94,87,73,65,86,95,84,94,48,84,84
"821","2016-01-09",87,73,21,80,64,86,61,74,48,10,82
"822","2016-01-10",85,76,27,77,60,86,61,69,46,15,78
"823","2016-01-11",96,93,73,60,91,89,78,92,47,82,80
"824","2016-01-12",99,98,78,61,92,92,93,97,47,85,87
"825","2016-01-13",99,98,79,62,93,94,93,97,49,86,86
"826","2016-01-14",96,95,82,68,89,96,86,96,52,88,84
"827","2016-01-15",94,87,74,68,84,91,86,97,54,80,86
"828","2016-01-16",85,72,21,82,64,87,58,74,46,10,87
"829","2016-01-17",84,76,23,78,59,88,60,68,47,10,80
"830","2016-01-18",90,92,39,65,89,91,78,95,51,23,80
"831","2016-01-19",96,99,77,61,93,94,95,99,51,85,83
"832","2016-01-20",96,99,79,62,91,97,97,96,49,84,82
"833","2016-01-21",98,98,82,65,91,100,92,98,52,90,85
"834","2016-01-22",96,89,74,68,86,95,96,97,51,79,85
"835","2016-01-23",84,72,22,76,64,89,74,74,48,11,82
"836","2016-01-24",84,77,28,73,60,91,68,69,50,15,79
"837","2016-01-25",93,95,72,60,90,96,91,94,50,81,80
"838","2016-01-26",99,98,79,63,90,97,97,99,52,86,83
"839","2016-01-27",97,99,80,60,93,97,94,100,52,88,85
"840","2016-01-28",97,97,85,62,93,97,100,98,54,90,87
"841","2016-01-29",93,89,76,65,88,95,96,96,53,86,100
"842","2016-01-30",87,71,23,79,66,87,70,76,51,10,96
"843","2016-01-31",86,76,30,70,63,92,65,71,53,15,88
"844","2016-02-01",95,96,80,58,97,93,85,92,48,92,91
"845","2016-02-02",96,98,83,57,96,94,91,95,48,95,91
"846","2016-02-03",97,99,85,58,96,96,99,95,50,96,90
"847","2016-02-04",98,96,91,59,94,96,99,96,52,100,89
"848","2016-02-05",93,86,78,62,89,97,98,96,50,87,89
"849","2016-02-06",85,70,23,74,67,89,71,73,49,10,86
"850","2016-02-07",84,75,30,75,62,88,60,69,48,14,81
"851","2016-02-08",94,93,79,62,88,92,78,90,44,88,84
"852","2016-02-09",96,96,91,58,90,92,97,93,49,97,85
"853","2016-02-10",95,96,92,58,94,92,94,96,52,98,86
"854","2016-02-11",96,96,91,58,95,95,95,97,51,99,89
"855","2016-02-12",91,86,69,59,88,91,96,94,52,73,83
"856","2016-02-13",85,71,22,72,66,85,64,74,49,9,83
"857","2016-02-14",84,75,24,70,61,86,59,68,48,10,78
"858","2016-02-15",90,89,42,62,94,90,79,92,52,26,85
"859","2016-02-16",93,95,74,55,96,92,85,94,50,75,86
"860","2016-02-17",95,98,83,56,96,94,91,94,53,88,89
"861","2016-02-18",95,97,85,57,95,94,86,93,52,91,86
"862","2016-02-19",92,90,78,62,97,92,85,93,53,86,84
"863","2016-02-20",84,74,25,74,72,87,59,73,52,11,84
"864","2016-02-21",84,79,34,69,65,89,60,69,50,17,82
"865","2016-02-22",95,98,91,54,99,95,84,95,50,98,84
"866","2016-02-23",97,99,95,56,98,95,87,94,52,99,86
"867","2016-02-24",96,99,93,57,97,97,94,95,53,94,84
"868","2016-02-25",95,98,97,58,97,96,86,96,51,97,83
"869","2016-02-26",94,90,87,62,93,95,89,94,52,91,81
"870","2016-02-27",83,72,27,73,68,86,61,73,48,11,79
"871","2016-02-28",83,80,36,68,65,89,62,69,46,18,77
"872","2016-02-29",96,97,94,54,98,87,81,93,46,95,79
"873","2016-03-01",97,99,94,57,100,94,88,94,48,94,82
"874","2016-03-02",96,100,95,58,98,99,86,95,50,93,82
"875","2016-03-03",96,99,100,58,98,96,88,94,50,100,84
"876","2016-03-04",93,90,88,60,91,96,89,96,58,91,81
"877","2016-03-05",84,73,26,73,69,89,58,75,52,11,81
"878","2016-03-06",84,76,34,66,64,90,60,69,52,16,77
"879","2016-03-07",95,98,93,55,99,95,79,96,52,94,78
"880","2016-03-08",97,99,95,56,98,97,81,97,51,96,81
"881","2016-03-09",98,97,95,54,97,96,87,96,54,94,82
"882","2016-03-10",96,96,96,56,97,96,87,96,54,94,82
"883","2016-03-11",94,88,85,62,92,97,84,96,50,82,83
"884","2016-03-12",83,71,25,74,67,87,62,75,48,10,79
"885","2016-03-13",85,78,34,68,64,89,63,71,45,16,77
"886","2016-03-14",95,95,84,54,100,93,83,95,49,86,79
"887","2016-03-15",95,98,89,56,99,89,79,96,49,86,87
"888","2016-03-16",95,96,87,57,96,91,83,95,49,83,86
"889","2016-03-17",95,95,86,59,95,91,89,94,46,86,83
"890","2016-03-18",92,86,75,63,89,91,81,95,47,75,82
"891","2016-03-19",83,70,23,72,65,87,53,75,43,9,80
"892","2016-03-20",82,75,33,69,61,88,59,71,46,15,77
"893","2016-03-21",95,94,78,57,93,93,83,92,45,75,79
"894","2016-03-22",100,94,80,57,92,92,84,96,47,77,78
"895","2016-03-23",94,94,81,58,90,93,92,98,70,74,80
"896","2016-03-24",91,87,68,63,83,92,90,91,90,59,77
"897","2016-03-25",85,74,38,70,69,89,71,78,100,24,77
"898","2016-03-26",83,71,20,74,63,84,51,69,85,7,75
"899","2016-03-27",82,75,24,68,58,91,55,64,73,8,74
"900","2016-03-28",89,86,60,59,89,93,82,88,66,47,77
"901","2016-03-29",93,92,71,55,96,92,83,95,60,61,77
"902","2016-03-30",91,95,75,55,98,90,83,96,64,62,79
"903","2016-03-31",93,92,77,58,97,90,84,97,64,64,78
"904","2017-01-01",77,67,11,100,49,70,36,49,76,4,80
"905","2017-01-02",82,72,21,81,74,75,45,67,77,12,90
"906","2017-01-03",90,80,44,72,87,80,60,80,88,49,96
"907","2017-01-04",90,85,53,71,87,84,70,82,83,66,97
"908","2017-01-05",91,86,59,72,85,82,67,82,89,71,97
"909","2017-01-06",90,82,57,77,78,86,69,77,88,67,95
"910","2017-01-07",81,69,17,86,61,75,52,60,88,8,91
"911","2017-01-08",80,74,23,82,60,81,52,59,87,12,90
"912","2017-01-09",93,92,67,67,93,84,76,85,85,83,94
"913","2017-01-10",95,95,71,68,93,86,80,86,92,85,98
"914","2017-01-11",96,96,73,66,91,87,74,85,98,87,98
"915","2017-01-12",95,95,79,67,89,87,77,86,97,92,97
"916","2017-01-13",93,87,72,71,83,85,74,85,97,85,94
"917","2017-01-14",80,70,18,84,60,80,53,63,96,8,89
"918","2017-01-15",81,75,21,76,58,80,43,59,96,9,88
"919","2017-01-16",85,89,37,64,90,81,57,83,87,22,89
"920","2017-01-17",96,97,78,54,93,89,74,87,90,88,98
"921","2017-01-18",97,99,80,54,91,91,78,87,94,92,99
"922","2017-01-19",96,95,82,53,89,89,79,86,88,95,97
"923","2017-01-20",93,87,76,25,85,88,76,84,87,87,92
"924","2017-01-21",79,69,21,5,62,78,48,63,86,9,89
"925","2017-01-22",80,77,27,5,59,80,56,59,87,14,87
"926","2017-01-23",94,95,78,5,93,88,82,87,89,91,94
"927","2017-01-24",96,97,80,4,91,91,86,87,87,92,97
"928","2017-01-25",95,96,82,4,90,89,79,86,87,93,97
"929","2017-01-26",96,93,84,4,85,91,84,86,85,96,98
"930","2017-01-27",93,86,76,4,84,88,82,85,86,87,98
"931","2017-01-28",79,68,21,4,61,80,57,65,90,9,91
"932","2017-01-29",81,75,26,4,59,80,51,59,87,13,88
"933","2017-01-30",94,93,80,3,91,84,78,85,86,92,93
"934","2017-01-31",96,96,86,4,94,89,84,86,87,97,96
"935","2017-02-01",95,96,86,3,91,90,82,86,86,96,98
"936","2017-02-02",97,95,89,4,91,90,81,86,93,100,96
"937","2017-02-03",94,88,80,4,87,89,80,86,90,93,94
"938","2017-02-04",79,69,21,4,64,80,55,63,90,9,90
"939","2017-02-05",78,76,27,4,58,80,50,58,100,14,86
"940","2017-02-06",93,94,79,4,91,87,72,81,87,93,93
"941","2017-02-07",96,97,88,4,95,92,89,86,88,97,99
"942","2017-02-08",97,99,89,4,95,94,84,86,90,98,100
"943","2017-02-09",96,95,81,4,91,91,83,86,88,87,99
"944","2017-02-10",92,87,80,4,88,90,83,86,86,90,96
"945","2017-02-11",80,71,21,5,63,81,54,65,87,10,92
"946","2017-02-12",81,77,29,4,60,84,57,61,89,15,89
"947","2017-02-13",93,96,81,3,92,90,73,87,85,85,93
"948","2017-02-14",98,98,88,4,93,87,82,85,88,94,96
"949","2017-02-15",99,97,93,3,95,94,90,88,89,98,96
"950","2017-02-16",95,96,90,4,92,92,88,88,87,93,95
"951","2017-02-17",92,89,73,4,87,92,80,89,90,78,93
"952","2017-02-18",80,71,20,4,64,82,52,67,85,9,89
"953","2017-02-19",79,79,24,4,60,87,50,64,89,11,87
"954","2017-02-20",87,91,42,4,94,89,64,86,84,29,89
"955","2017-02-21",95,98,83,9,93,94,81,90,89,84,93
"956","2017-02-22",96,98,85,13,94,93,82,89,82,89,95
"957","2017-02-23",100,95,88,52,94,100,80,90,87,91,91
"958","2017-02-24",97,89,79,69,97,93,84,89,88,85,94
"959","2017-02-25",81,73,23,78,66,81,53,66,81,10,90
"960","2017-02-26",81,77,31,71,61,83,50,60,86,15,84
"961","2017-02-27",94,99,95,62,91,90,79,84,83,98,89
"962","2017-02-28",97,100,100,63,92,94,86,86,85,100,94
"963","2017-03-01",97,99,96,65,95,91,89,87,90,94,93
"964","2017-03-02",98,98,97,63,97,93,86,89,91,97,93
"965","2017-03-03",95,87,88,68,92,89,87,88,85,92,92
"966","2017-03-04",78,69,22,75,66,79,53,66,76,10,87
"967","2017-03-05",80,78,32,70,63,84,50,62,84,15,83
"968","2017-03-06",96,97,92,60,97,91,80,91,86,93,90
"969","2017-03-07",97,100,97,59,98,92,83,90,88,96,94
"970","2017-03-08",100,100,94,61,94,91,91,88,84,94,92
"971","2017-03-09",96,94,95,63,96,89,90,88,91,93,92
"972","2017-03-10",93,87,80,64,90,88,100,88,88,81,91
"973","2017-03-11",79,70,21,73,64,77,56,66,84,9,85
"974","2017-03-12",80,75,29,68,61,81,56,62,84,14,84
"975","2017-03-13",93,92,81,58,95,89,78,89,86,81,89
"976","2017-03-14",92,94,71,57,96,88,84,88,84,68,91
"977","2017-03-15",93,92,76,59,95,87,78,89,86,73,91
"978","2017-03-16",93,91,84,58,95,88,78,88,87,80,93
"979","2017-03-17",91,86,71,64,91,87,79,89,89,71,95
"980","2017-03-18",79,70,21,70,65,80,51,66,83,8,87
"981","2017-03-19",79,75,30,66,61,83,46,61,91,14,86
"982","2017-03-20",93,94,84,57,96,90,82,87,86,84,90
"983","2017-03-21",97,96,88,58,99,95,84,90,96,85,95
"984","2017-03-22",94,95,88,56,98,92,81,91,95,86,93
"985","2017-03-23",96,94,90,58,96,92,79,91,92,86,92
"986","2017-03-24",92,87,76,61,91,89,86,89,95,75,90
"987","2017-03-25",79,70,22,69,66,78,48,67,90,8,87
"988","2017-03-26",80,77,32,62,62,83,50,63,83,15,85
"989","2017-03-27",93,93,84,55,99,90,76,89,83,78,89
"990","2017-03-28",94,95,84,56,96,92,84,89,86,76,92
"991","2017-03-29",92,97,85,53,99,90,79,89,88,79,92
"992","2017-03-30",94,96,86,54,100,95,78,91,95,80,92
"993","2017-03-31",91,86,73,57,94,90,72,100,92,70,92
